2026-03-06 16:44:51.429 +05:30 [FTL] Application failed to start.
System.AggregateException: Some services are not able to be constructed (Error while validating the service descriptor 'ServiceType: BubbleApp.Core.IService.ITodoService Lifetime: Singleton ImplementationType: BubbleApp.Core.Service.TodoService': Unable to resolve service for type 'BubbleApp.Data.IRepository.ITodoRepository' while attempting to activate 'BubbleApp.Core.Service.TodoService'.) (Error while validating the service descriptor 'ServiceType: BubbleApp.Core.IService.IGeneralService Lifetime: Singleton ImplementationType: BubbleApp.Core.Service.GeneralService': Unable to resolve service for type 'BubbleApp.Data.IRepository.IGeneralRepository' while attempting to activate 'BubbleApp.Core.Service.GeneralService'.) (Error while validating the service descriptor 'ServiceType: BubbleApp.Core.IService.IReminderService Lifetime: Singleton ImplementationType: BubbleApp.Core.Service.ReminderService': Unable to resolve service for type 'BubbleApp.Data.IRepository.IReminderRepository' while attempting to activate 'BubbleApp.Core.Service.ReminderService'.)
 ---> System.InvalidOperationException: Error while validating the service descriptor 'ServiceType: BubbleApp.Core.IService.ITodoService Lifetime: Singleton ImplementationType: BubbleApp.Core.Service.TodoService': Unable to resolve service for type 'BubbleApp.Data.IRepository.ITodoRepository' while attempting to activate 'BubbleApp.Core.Service.TodoService'.
 ---> System.InvalidOperationException: Unable to resolve service for type 'BubbleApp.Data.IRepository.ITodoRepository' while attempting to activate 'BubbleApp.Core.Service.TodoService'.
   at Microsoft.Extensions.DependencyInjection.ServiceLookup.CallSiteFactory.CreateArgumentCallSites(ServiceIdentifier serviceIdentifier, Type implementationType, CallSiteChain callSiteChain, ParameterInfo[] parameters, Boolean throwIfCallSiteNotFound)
   at Microsoft.Extensions.DependencyInjection.ServiceLookup.CallSiteFactory.CreateConstructorCallSite(ResultCache lifetime, ServiceIdentifier serviceIdentifier, Type implementationType, CallSiteChain callSiteChain)
   at Microsoft.Extensions.DependencyInjection.ServiceLookup.CallSiteFactory.CreateExact(ServiceDescriptor descriptor, ServiceIdentifier serviceIdentifier, CallSiteChain callSiteChain, Int32 slot)
   at Microsoft.Extensions.DependencyInjection.ServiceLookup.CallSiteFactory.TryCreateExact(ServiceDescriptor descriptor, ServiceIdentifier serviceIdentifier, CallSiteChain callSiteChain, Int32 slot)
   at Microsoft.Extensions.DependencyInjection.ServiceLookup.CallSiteFactory.GetCallSite(ServiceDescriptor serviceDescriptor, CallSiteChain callSiteChain)
   at Microsoft.Extensions.DependencyInjection.ServiceProvider.ValidateService(ServiceDescriptor descriptor)
   --- End of inner exception stack trace ---
   at Microsoft.Extensions.DependencyInjection.ServiceProvider.ValidateService(ServiceDescriptor descriptor)
   at Microsoft.Extensions.DependencyInjection.ServiceProvider..ctor(ICollection`1 serviceDescriptors, ServiceProviderOptions options)
   --- End of inner exception stack trace ---
   at Microsoft.Extensions.DependencyInjection.ServiceProvider..ctor(ICollection`1 serviceDescriptors, ServiceProviderOptions options)
   at Microsoft.Extensions.DependencyInjection.ServiceCollectionContainerBuilderExtensions.BuildServiceProvider(IServiceCollection services, ServiceProviderOptions options)
   at Microsoft.Extensions.Hosting.HostApplicationBuilder.Build()
   at Microsoft.AspNetCore.Builder.WebApplicationBuilder.Build()
   at Program.<Main>$(String[] args) in D:\FB\MVC\src\BubbleApp.Api\Program.cs:line 111
 ---> (Inner Exception #1) System.InvalidOperationException: Error while validating the service descriptor 'ServiceType: BubbleApp.Core.IService.IGeneralService Lifetime: Singleton ImplementationType: BubbleApp.Core.Service.GeneralService': Unable to resolve service for type 'BubbleApp.Data.IRepository.IGeneralRepository' while attempting to activate 'BubbleApp.Core.Service.GeneralService'.
 ---> System.InvalidOperationException: Unable to resolve service for type 'BubbleApp.Data.IRepository.IGeneralRepository' while attempting to activate 'BubbleApp.Core.Service.GeneralService'.
   at Microsoft.Extensions.DependencyInjection.ServiceLookup.CallSiteFactory.CreateArgumentCallSites(ServiceIdentifier serviceIdentifier, Type implementationType, CallSiteChain callSiteChain, ParameterInfo[] parameters, Boolean throwIfCallSiteNotFound)
   at Microsoft.Extensions.DependencyInjection.ServiceLookup.CallSiteFactory.CreateConstructorCallSite(ResultCache lifetime, ServiceIdentifier serviceIdentifier, Type implementationType, CallSiteChain callSiteChain)
   at Microsoft.Extensions.DependencyInjection.ServiceLookup.CallSiteFactory.CreateExact(ServiceDescriptor descriptor, ServiceIdentifier serviceIdentifier, CallSiteChain callSiteChain, Int32 slot)
   at Microsoft.Extensions.DependencyInjection.ServiceLookup.CallSiteFactory.TryCreateExact(ServiceDescriptor descriptor, ServiceIdentifier serviceIdentifier, CallSiteChain callSiteChain, Int32 slot)
   at Microsoft.Extensions.DependencyInjection.ServiceLookup.CallSiteFactory.GetCallSite(ServiceDescriptor serviceDescriptor, CallSiteChain callSiteChain)
   at Microsoft.Extensions.DependencyInjection.ServiceProvider.ValidateService(ServiceDescriptor descriptor)
   --- End of inner exception stack trace ---
   at Microsoft.Extensions.DependencyInjection.ServiceProvider.ValidateService(ServiceDescriptor descriptor)
   at Microsoft.Extensions.DependencyInjection.ServiceProvider..ctor(ICollection`1 serviceDescriptors, ServiceProviderOptions options)<---

 ---> (Inner Exception #2) System.InvalidOperationException: Error while validating the service descriptor 'ServiceType: BubbleApp.Core.IService.IReminderService Lifetime: Singleton ImplementationType: BubbleApp.Core.Service.ReminderService': Unable to resolve service for type 'BubbleApp.Data.IRepository.IReminderRepository' while attempting to activate 'BubbleApp.Core.Service.ReminderService'.
 ---> System.InvalidOperationException: Unable to resolve service for type 'BubbleApp.Data.IRepository.IReminderRepository' while attempting to activate 'BubbleApp.Core.Service.ReminderService'.
   at Microsoft.Extensions.DependencyInjection.ServiceLookup.CallSiteFactory.CreateArgumentCallSites(ServiceIdentifier serviceIdentifier, Type implementationType, CallSiteChain callSiteChain, ParameterInfo[] parameters, Boolean throwIfCallSiteNotFound)
   at Microsoft.Extensions.DependencyInjection.ServiceLookup.CallSiteFactory.CreateConstructorCallSite(ResultCache lifetime, ServiceIdentifier serviceIdentifier, Type implementationType, CallSiteChain callSiteChain)
   at Microsoft.Extensions.DependencyInjection.ServiceLookup.CallSiteFactory.CreateExact(ServiceDescriptor descriptor, ServiceIdentifier serviceIdentifier, CallSiteChain callSiteChain, Int32 slot)
   at Microsoft.Extensions.DependencyInjection.ServiceLookup.CallSiteFactory.TryCreateExact(ServiceDescriptor descriptor, ServiceIdentifier serviceIdentifier, CallSiteChain callSiteChain, Int32 slot)
   at Microsoft.Extensions.DependencyInjection.ServiceLookup.CallSiteFactory.GetCallSite(ServiceDescriptor serviceDescriptor, CallSiteChain callSiteChain)
   at Microsoft.Extensions.DependencyInjection.ServiceProvider.ValidateService(ServiceDescriptor descriptor)
   --- End of inner exception stack trace ---
   at Microsoft.Extensions.DependencyInjection.ServiceProvider.ValidateService(ServiceDescriptor descriptor)
   at Microsoft.Extensions.DependencyInjection.ServiceProvider..ctor(ICollection`1 serviceDescriptors, ServiceProviderOptions options)<---

2026-03-06 16:45:24.646 +05:30 [FTL] Application failed to start.
System.AggregateException: Some services are not able to be constructed (Error while validating the service descriptor 'ServiceType: BubbleApp.Core.IService.ITodoService Lifetime: Singleton ImplementationType: BubbleApp.Core.Service.TodoService': Unable to resolve service for type 'BubbleApp.Data.IRepository.ITodoRepository' while attempting to activate 'BubbleApp.Core.Service.TodoService'.) (Error while validating the service descriptor 'ServiceType: BubbleApp.Core.IService.IGeneralService Lifetime: Singleton ImplementationType: BubbleApp.Core.Service.GeneralService': Unable to resolve service for type 'BubbleApp.Data.IRepository.IGeneralRepository' while attempting to activate 'BubbleApp.Core.Service.GeneralService'.) (Error while validating the service descriptor 'ServiceType: BubbleApp.Core.IService.IReminderService Lifetime: Singleton ImplementationType: BubbleApp.Core.Service.ReminderService': Unable to resolve service for type 'BubbleApp.Data.IRepository.IReminderRepository' while attempting to activate 'BubbleApp.Core.Service.ReminderService'.)
 ---> System.InvalidOperationException: Error while validating the service descriptor 'ServiceType: BubbleApp.Core.IService.ITodoService Lifetime: Singleton ImplementationType: BubbleApp.Core.Service.TodoService': Unable to resolve service for type 'BubbleApp.Data.IRepository.ITodoRepository' while attempting to activate 'BubbleApp.Core.Service.TodoService'.
 ---> System.InvalidOperationException: Unable to resolve service for type 'BubbleApp.Data.IRepository.ITodoRepository' while attempting to activate 'BubbleApp.Core.Service.TodoService'.
   at Microsoft.Extensions.DependencyInjection.ServiceLookup.CallSiteFactory.CreateArgumentCallSites(ServiceIdentifier serviceIdentifier, Type implementationType, CallSiteChain callSiteChain, ParameterInfo[] parameters, Boolean throwIfCallSiteNotFound)
   at Microsoft.Extensions.DependencyInjection.ServiceLookup.CallSiteFactory.CreateConstructorCallSite(ResultCache lifetime, ServiceIdentifier serviceIdentifier, Type implementationType, CallSiteChain callSiteChain)
   at Microsoft.Extensions.DependencyInjection.ServiceLookup.CallSiteFactory.CreateExact(ServiceDescriptor descriptor, ServiceIdentifier serviceIdentifier, CallSiteChain callSiteChain, Int32 slot)
   at Microsoft.Extensions.DependencyInjection.ServiceLookup.CallSiteFactory.TryCreateExact(ServiceDescriptor descriptor, ServiceIdentifier serviceIdentifier, CallSiteChain callSiteChain, Int32 slot)
   at Microsoft.Extensions.DependencyInjection.ServiceLookup.CallSiteFactory.GetCallSite(ServiceDescriptor serviceDescriptor, CallSiteChain callSiteChain)
   at Microsoft.Extensions.DependencyInjection.ServiceProvider.ValidateService(ServiceDescriptor descriptor)
   --- End of inner exception stack trace ---
   at Microsoft.Extensions.DependencyInjection.ServiceProvider.ValidateService(ServiceDescriptor descriptor)
   at Microsoft.Extensions.DependencyInjection.ServiceProvider..ctor(ICollection`1 serviceDescriptors, ServiceProviderOptions options)
   --- End of inner exception stack trace ---
   at Microsoft.Extensions.DependencyInjection.ServiceProvider..ctor(ICollection`1 serviceDescriptors, ServiceProviderOptions options)
   at Microsoft.Extensions.DependencyInjection.ServiceCollectionContainerBuilderExtensions.BuildServiceProvider(IServiceCollection services, ServiceProviderOptions options)
   at Microsoft.Extensions.Hosting.HostApplicationBuilder.Build()
   at Microsoft.AspNetCore.Builder.WebApplicationBuilder.Build()
   at Program.<Main>$(String[] args) in D:\FB\MVC\src\BubbleApp.Api\Program.cs:line 111
 ---> (Inner Exception #1) System.InvalidOperationException: Error while validating the service descriptor 'ServiceType: BubbleApp.Core.IService.IGeneralService Lifetime: Singleton ImplementationType: BubbleApp.Core.Service.GeneralService': Unable to resolve service for type 'BubbleApp.Data.IRepository.IGeneralRepository' while attempting to activate 'BubbleApp.Core.Service.GeneralService'.
 ---> System.InvalidOperationException: Unable to resolve service for type 'BubbleApp.Data.IRepository.IGeneralRepository' while attempting to activate 'BubbleApp.Core.Service.GeneralService'.
   at Microsoft.Extensions.DependencyInjection.ServiceLookup.CallSiteFactory.CreateArgumentCallSites(ServiceIdentifier serviceIdentifier, Type implementationType, CallSiteChain callSiteChain, ParameterInfo[] parameters, Boolean throwIfCallSiteNotFound)
   at Microsoft.Extensions.DependencyInjection.ServiceLookup.CallSiteFactory.CreateConstructorCallSite(ResultCache lifetime, ServiceIdentifier serviceIdentifier, Type implementationType, CallSiteChain callSiteChain)
   at Microsoft.Extensions.DependencyInjection.ServiceLookup.CallSiteFactory.CreateExact(ServiceDescriptor descriptor, ServiceIdentifier serviceIdentifier, CallSiteChain callSiteChain, Int32 slot)
   at Microsoft.Extensions.DependencyInjection.ServiceLookup.CallSiteFactory.TryCreateExact(ServiceDescriptor descriptor, ServiceIdentifier serviceIdentifier, CallSiteChain callSiteChain, Int32 slot)
   at Microsoft.Extensions.DependencyInjection.ServiceLookup.CallSiteFactory.GetCallSite(ServiceDescriptor serviceDescriptor, CallSiteChain callSiteChain)
   at Microsoft.Extensions.DependencyInjection.ServiceProvider.ValidateService(ServiceDescriptor descriptor)
   --- End of inner exception stack trace ---
   at Microsoft.Extensions.DependencyInjection.ServiceProvider.ValidateService(ServiceDescriptor descriptor)
   at Microsoft.Extensions.DependencyInjection.ServiceProvider..ctor(ICollection`1 serviceDescriptors, ServiceProviderOptions options)<---

 ---> (Inner Exception #2) System.InvalidOperationException: Error while validating the service descriptor 'ServiceType: BubbleApp.Core.IService.IReminderService Lifetime: Singleton ImplementationType: BubbleApp.Core.Service.ReminderService': Unable to resolve service for type 'BubbleApp.Data.IRepository.IReminderRepository' while attempting to activate 'BubbleApp.Core.Service.ReminderService'.
 ---> System.InvalidOperationException: Unable to resolve service for type 'BubbleApp.Data.IRepository.IReminderRepository' while attempting to activate 'BubbleApp.Core.Service.ReminderService'.
   at Microsoft.Extensions.DependencyInjection.ServiceLookup.CallSiteFactory.CreateArgumentCallSites(ServiceIdentifier serviceIdentifier, Type implementationType, CallSiteChain callSiteChain, ParameterInfo[] parameters, Boolean throwIfCallSiteNotFound)
   at Microsoft.Extensions.DependencyInjection.ServiceLookup.CallSiteFactory.CreateConstructorCallSite(ResultCache lifetime, ServiceIdentifier serviceIdentifier, Type implementationType, CallSiteChain callSiteChain)
   at Microsoft.Extensions.DependencyInjection.ServiceLookup.CallSiteFactory.CreateExact(ServiceDescriptor descriptor, ServiceIdentifier serviceIdentifier, CallSiteChain callSiteChain, Int32 slot)
   at Microsoft.Extensions.DependencyInjection.ServiceLookup.CallSiteFactory.TryCreateExact(ServiceDescriptor descriptor, ServiceIdentifier serviceIdentifier, CallSiteChain callSiteChain, Int32 slot)
   at Microsoft.Extensions.DependencyInjection.ServiceLookup.CallSiteFactory.GetCallSite(ServiceDescriptor serviceDescriptor, CallSiteChain callSiteChain)
   at Microsoft.Extensions.DependencyInjection.ServiceProvider.ValidateService(ServiceDescriptor descriptor)
   --- End of inner exception stack trace ---
   at Microsoft.Extensions.DependencyInjection.ServiceProvider.ValidateService(ServiceDescriptor descriptor)
   at Microsoft.Extensions.DependencyInjection.ServiceProvider..ctor(ICollection`1 serviceDescriptors, ServiceProviderOptions options)<---

2026-03-06 16:50:20.404 +05:30 [INF] User profile is available. Using 'C:\Users\vishweshwaran.e\AppData\Local\ASP.NET\DataProtection-Keys' as key repository and Windows DPAPI to encrypt keys at rest.
2026-03-06 16:50:20.678 +05:30 [INF] Now listening on: http://localhost:5013
2026-03-06 16:50:20.681 +05:30 [INF] Application started. Press Ctrl+C to shut down.
2026-03-06 16:50:20.683 +05:30 [INF] Hosting environment: Development
2026-03-06 16:50:20.684 +05:30 [INF] Content root path: D:\FB\MVC\src\BubbleApp.Api
2026-03-06 16:50:20.833 +05:30 [INF] Request starting HTTP/1.1 GET http://localhost:5013/api/widget/config/long?workspace=sample&key=I3UPoNYawpezx-OhSr2hs0DppN8hwow7MpnppypPP-c&since=639083889967655700 - null null
2026-03-06 16:50:20.857 +05:30 [INF] CORS policy execution successful.
2026-03-06 16:50:20.906 +05:30 [INF] Executing endpoint 'BubbleApp.Api.Controllers.WidgetConfigController.Long (BubbleApp.Api)'
2026-03-06 16:50:21.325 +05:30 [INF] Route matched with {action = "Long", controller = "WidgetConfig"}. Executing controller action with signature System.Threading.Tasks.Task`1[Microsoft.AspNetCore.Mvc.IActionResult] Long(System.String, Int64, System.Threading.CancellationToken) on controller BubbleApp.Api.Controllers.WidgetConfigController (BubbleApp.Api).
2026-03-06 16:50:21.508 +05:30 [INF] Request starting HTTP/1.1 GET http://localhost:5013/api/widget/config/long?workspace=sample&key=I3UPoNYawpezx-OhSr2hs0DppN8hwow7MpnppypPP-c&since=639083889967655700 - null null
2026-03-06 16:50:21.512 +05:30 [INF] CORS policy execution successful.
2026-03-06 16:50:21.515 +05:30 [INF] Executing endpoint 'BubbleApp.Api.Controllers.WidgetConfigController.Long (BubbleApp.Api)'
2026-03-06 16:50:21.516 +05:30 [INF] Route matched with {action = "Long", controller = "WidgetConfig"}. Executing controller action with signature System.Threading.Tasks.Task`1[Microsoft.AspNetCore.Mvc.IActionResult] Long(System.String, Int64, System.Threading.CancellationToken) on controller BubbleApp.Api.Controllers.WidgetConfigController (BubbleApp.Api).
2026-03-06 16:50:40.495 +05:30 [INF] Request starting HTTP/1.1 GET http://localhost:5013/api/reminders?workspace=sample&key=I3UPoNYawpezx-OhSr2hs0DppN8hwow7MpnppypPP-c&userId=28 - null null
2026-03-06 16:50:40.501 +05:30 [INF] CORS policy execution successful.
2026-03-06 16:50:40.505 +05:30 [INF] Executing endpoint 'BubbleApp.Api.Controllers.RemindersController.Get (BubbleApp.Api)'
2026-03-06 16:50:40.518 +05:30 [INF] Route matched with {action = "Get", controller = "Reminders"}. Executing controller action with signature System.Threading.Tasks.Task`1[Microsoft.AspNetCore.Mvc.IActionResult] Get(System.String, System.String, System.Threading.CancellationToken) on controller BubbleApp.Api.Controllers.RemindersController (BubbleApp.Api).
2026-03-06 16:50:40.547 +05:30 [INF] Executing OkObjectResult, writing value of type 'System.Collections.Generic.List`1[[BubbleApp.Common.ViewModels.Reminder.ReminderDto, BubbleApp.Common, Version=1.0.0.0, Culture=neutral, PublicKeyToken=null]]'.
2026-03-06 16:50:40.612 +05:30 [INF] Executed action BubbleApp.Api.Controllers.RemindersController.Get (BubbleApp.Api) in 85.5292ms
2026-03-06 16:50:40.625 +05:30 [INF] Executed endpoint 'BubbleApp.Api.Controllers.RemindersController.Get (BubbleApp.Api)'
2026-03-06 16:50:40.629 +05:30 [INF] HTTP GET /api/reminders responded 200 in 127.9675 ms
2026-03-06 16:50:40.635 +05:30 [INF] Request finished HTTP/1.1 GET http://localhost:5013/api/reminders?workspace=sample&key=I3UPoNYawpezx-OhSr2hs0DppN8hwow7MpnppypPP-c&userId=28 - 200 null application/json; charset=utf-8 139.4875ms
2026-03-06 16:50:42.477 +05:30 [INF] Executed action BubbleApp.Api.Controllers.WidgetConfigController.Long (BubbleApp.Api) in 20958.261ms
2026-03-06 16:50:42.479 +05:30 [INF] Executed endpoint 'BubbleApp.Api.Controllers.WidgetConfigController.Long (BubbleApp.Api)'
2026-03-06 16:50:42.482 +05:30 [ERR] HTTP GET /api/widget/config/long responded 500 in 20970.3596 ms
System.OperationCanceledException: The operation was canceled.
   at System.Threading.CancellationToken.ThrowOperationCanceledException()
   at System.Threading.CancellationToken.ThrowIfCancellationRequested()
   at MongoDB.Driver.OperationContext.ThrowIfTimedOutOrCanceled()
   at MongoDB.Driver.Core.Operations.RetryableReadContext.AcquireOrReplaceChannelAsync(OperationContext operationContext, IReadOnlyCollection`1 deprioritizedServers)
   at MongoDB.Driver.Core.Operations.RetryableReadContext.CreateAsync(OperationContext operationContext, IReadBinding binding, Boolean retryRequested)
   at MongoDB.Driver.Core.Operations.FindOperation`1.ExecuteAsync(OperationContext operationContext, IReadBinding binding)
   at MongoDB.Driver.OperationExecutor.ExecuteReadOperationAsync[TResult](OperationContext operationContext, IClientSessionHandle session, IReadOperation`1 operation, ReadPreference readPreference, Boolean allowChannelPinning)
   at MongoDB.Driver.MongoCollectionImpl`1.ExecuteReadOperationAsync[TResult](IClientSessionHandle session, IReadOperation`1 operation, ReadPreference explicitReadPreference, Nullable`1 timeout, CancellationToken cancellationToken)
   at MongoDB.Driver.MongoCollectionImpl`1.FindAsync[TProjection](FilterDefinition`1 filter, FindOptions`2 options, CancellationToken cancellationToken)
   at MongoDB.Driver.IAsyncCursorSourceExtensions.FirstOrDefaultAsync[TDocument](IAsyncCursorSource`1 source, CancellationToken cancellationToken)
   at BubbleApp.Api.Controllers.WidgetConfigController.Long(String workspace, Int64 since, CancellationToken ct) in D:\FB\MVC\src\BubbleApp.Api\Controllers\WidgetConfigController.cs:line 45
   at Microsoft.AspNetCore.Mvc.Infrastructure.ActionMethodExecutor.TaskOfIActionResultExecutor.Execute(ActionContext actionContext, IActionResultTypeMapper mapper, ObjectMethodExecutor executor, Object controller, Object[] arguments)
   at Microsoft.AspNetCore.Mvc.Infrastructure.ControllerActionInvoker.<InvokeActionMethodAsync>g__Awaited|12_0(ControllerActionInvoker invoker, ValueTask`1 actionResultValueTask)
   at Microsoft.AspNetCore.Mvc.Infrastructure.ControllerActionInvoker.<InvokeNextActionFilterAsync>g__Awaited|10_0(ControllerActionInvoker invoker, Task lastTask, State next, Scope scope, Object state, Boolean isCompleted)
   at Microsoft.AspNetCore.Mvc.Infrastructure.ControllerActionInvoker.Rethrow(ActionExecutedContextSealed context)
   at Microsoft.AspNetCore.Mvc.Infrastructure.ControllerActionInvoker.Next(State& next, Scope& scope, Object& state, Boolean& isCompleted)
   at Microsoft.AspNetCore.Mvc.Infrastructure.ControllerActionInvoker.<InvokeInnerFilterAsync>g__Awaited|13_0(ControllerActionInvoker invoker, Task lastTask, State next, Scope scope, Object state, Boolean isCompleted)
   at Microsoft.AspNetCore.Mvc.Infrastructure.ResourceInvoker.<InvokeFilterPipelineAsync>g__Awaited|20_0(ResourceInvoker invoker, Task lastTask, State next, Scope scope, Object state, Boolean isCompleted)
   at Microsoft.AspNetCore.Mvc.Infrastructure.ResourceInvoker.<InvokeAsync>g__Logged|17_1(ResourceInvoker invoker)
   at Microsoft.AspNetCore.Mvc.Infrastructure.ResourceInvoker.<InvokeAsync>g__Logged|17_1(ResourceInvoker invoker)
   at Microsoft.AspNetCore.Routing.EndpointMiddleware.<Invoke>g__AwaitRequestTask|7_0(Endpoint endpoint, Task requestTask, ILogger logger)
   at Swashbuckle.AspNetCore.SwaggerUI.SwaggerUIMiddleware.Invoke(HttpContext httpContext)
   at Microsoft.AspNetCore.Authorization.AuthorizationMiddleware.Invoke(HttpContext context)
   at Microsoft.AspNetCore.Authentication.AuthenticationMiddleware.Invoke(HttpContext context)
   at Serilog.AspNetCore.RequestLoggingMiddleware.Invoke(HttpContext httpContext)
2026-03-06 16:50:42.515 +05:30 [INF] Request finished HTTP/1.1 GET http://localhost:5013/api/widget/config/long?workspace=sample&key=I3UPoNYawpezx-OhSr2hs0DppN8hwow7MpnppypPP-c&since=639083889967655700 - 499 null null 21007.1504ms
2026-03-06 16:50:42.586 +05:30 [INF] Request starting HTTP/1.1 GET http://localhost:5013/api/widget/config?workspace=sample&key=I3UPoNYawpezx-OhSr2hs0DppN8hwow7MpnppypPP-c - null null
2026-03-06 16:50:42.586 +05:30 [INF] Request starting HTTP/1.1 GET http://localhost:5013/api/reminders?workspace=sample&key=I3UPoNYawpezx-OhSr2hs0DppN8hwow7MpnppypPP-c&userId=28 - null null
2026-03-06 16:50:42.625 +05:30 [INF] CORS policy execution successful.
2026-03-06 16:50:42.633 +05:30 [INF] CORS policy execution successful.
2026-03-06 16:50:42.644 +05:30 [INF] Executing endpoint 'BubbleApp.Api.Controllers.RemindersController.Get (BubbleApp.Api)'
2026-03-06 16:50:42.648 +05:30 [INF] Executing endpoint 'BubbleApp.Api.Controllers.WidgetConfigController.Get (BubbleApp.Api)'
2026-03-06 16:50:42.657 +05:30 [INF] Route matched with {action = "Get", controller = "Reminders"}. Executing controller action with signature System.Threading.Tasks.Task`1[Microsoft.AspNetCore.Mvc.IActionResult] Get(System.String, System.String, System.Threading.CancellationToken) on controller BubbleApp.Api.Controllers.RemindersController (BubbleApp.Api).
2026-03-06 16:50:42.673 +05:30 [INF] Route matched with {action = "Get", controller = "WidgetConfig"}. Executing controller action with signature System.Threading.Tasks.Task`1[Microsoft.AspNetCore.Mvc.IActionResult] Get(System.String, System.Threading.CancellationToken) on controller BubbleApp.Api.Controllers.WidgetConfigController (BubbleApp.Api).
2026-03-06 16:50:42.714 +05:30 [INF] Executing OkObjectResult, writing value of type 'System.Collections.Generic.List`1[[BubbleApp.Common.ViewModels.Reminder.ReminderDto, BubbleApp.Common, Version=1.0.0.0, Culture=neutral, PublicKeyToken=null]]'.
2026-03-06 16:50:42.728 +05:30 [INF] Executed action BubbleApp.Api.Controllers.RemindersController.Get (BubbleApp.Api) in 35.3685ms
2026-03-06 16:50:42.743 +05:30 [INF] Executing OkObjectResult, writing value of type '<>f__AnonymousType2`3[[System.String, System.Private.CoreLib, Version=9.0.0.0, Culture=neutral, PublicKeyToken=7cec85d7bea7798e],[System.String, System.Private.CoreLib, Version=9.0.0.0, Culture=neutral, PublicKeyToken=7cec85d7bea7798e],[System.Int64, System.Private.CoreLib, Version=9.0.0.0, Culture=neutral, PublicKeyToken=7cec85d7bea7798e]]'.
2026-03-06 16:50:42.749 +05:30 [INF] Executed endpoint 'BubbleApp.Api.Controllers.RemindersController.Get (BubbleApp.Api)'
2026-03-06 16:50:42.765 +05:30 [INF] HTTP GET /api/reminders responded 200 in 130.9491 ms
2026-03-06 16:50:42.826 +05:30 [INF] Request finished HTTP/1.1 GET http://localhost:5013/api/reminders?workspace=sample&key=I3UPoNYawpezx-OhSr2hs0DppN8hwow7MpnppypPP-c&userId=28 - 200 null application/json; charset=utf-8 240.2241ms
2026-03-06 16:50:42.902 +05:30 [INF] Executed action BubbleApp.Api.Controllers.WidgetConfigController.Get (BubbleApp.Api) in 178.9233ms
2026-03-06 16:50:42.946 +05:30 [INF] Executed endpoint 'BubbleApp.Api.Controllers.WidgetConfigController.Get (BubbleApp.Api)'
2026-03-06 16:50:42.951 +05:30 [INF] HTTP GET /api/widget/config responded 200 in 325.8008 ms
2026-03-06 16:50:43.001 +05:30 [INF] Request finished HTTP/1.1 GET http://localhost:5013/api/widget/config?workspace=sample&key=I3UPoNYawpezx-OhSr2hs0DppN8hwow7MpnppypPP-c - 200 null application/json; charset=utf-8 415.4042ms
2026-03-06 16:50:43.161 +05:30 [INF] Request starting HTTP/1.1 GET http://localhost:5013/api/widget/config/long?workspace=sample&key=I3UPoNYawpezx-OhSr2hs0DppN8hwow7MpnppypPP-c&since=0 - null null
2026-03-06 16:50:43.227 +05:30 [INF] CORS policy execution successful.
2026-03-06 16:50:43.269 +05:30 [INF] Executing endpoint 'BubbleApp.Api.Controllers.WidgetConfigController.Long (BubbleApp.Api)'
2026-03-06 16:50:43.273 +05:30 [INF] Route matched with {action = "Long", controller = "WidgetConfig"}. Executing controller action with signature System.Threading.Tasks.Task`1[Microsoft.AspNetCore.Mvc.IActionResult] Long(System.String, Int64, System.Threading.CancellationToken) on controller BubbleApp.Api.Controllers.WidgetConfigController (BubbleApp.Api).
2026-03-06 16:50:46.447 +05:30 [INF] Executing StatusCodeResult, setting HTTP status code 204
2026-03-06 16:50:46.450 +05:30 [INF] Executed action BubbleApp.Api.Controllers.WidgetConfigController.Long (BubbleApp.Api) in 25121.5169ms
2026-03-06 16:50:46.452 +05:30 [INF] Executed endpoint 'BubbleApp.Api.Controllers.WidgetConfigController.Long (BubbleApp.Api)'
2026-03-06 16:50:46.454 +05:30 [INF] HTTP GET /api/widget/config/long responded 204 in 25601.0990 ms
2026-03-06 16:50:46.457 +05:30 [INF] Request finished HTTP/1.1 GET http://localhost:5013/api/widget/config/long?workspace=sample&key=I3UPoNYawpezx-OhSr2hs0DppN8hwow7MpnppypPP-c&since=639083889967655700 - 204 null null 25625.5982ms
2026-03-06 16:50:46.463 +05:30 [INF] Request starting HTTP/1.1 GET http://localhost:5013/api/widget/config/long?workspace=sample&key=I3UPoNYawpezx-OhSr2hs0DppN8hwow7MpnppypPP-c&since=639083889967655700 - null null
2026-03-06 16:50:46.467 +05:30 [INF] CORS policy execution successful.
2026-03-06 16:50:46.469 +05:30 [INF] Executing endpoint 'BubbleApp.Api.Controllers.WidgetConfigController.Long (BubbleApp.Api)'
2026-03-06 16:50:46.471 +05:30 [INF] Route matched with {action = "Long", controller = "WidgetConfig"}. Executing controller action with signature System.Threading.Tasks.Task`1[Microsoft.AspNetCore.Mvc.IActionResult] Long(System.String, Int64, System.Threading.CancellationToken) on controller BubbleApp.Api.Controllers.WidgetConfigController (BubbleApp.Api).
2026-03-06 16:50:50.806 +05:30 [INF] Request starting HTTP/1.1 OPTIONS http://localhost:5013/api/workspaces - null null
2026-03-06 16:50:50.808 +05:30 [INF] Request starting HTTP/1.1 OPTIONS http://localhost:5013/api/workspaces - null null
2026-03-06 16:50:50.809 +05:30 [INF] CORS policy execution successful.
2026-03-06 16:50:50.812 +05:30 [INF] CORS policy execution successful.
2026-03-06 16:50:50.814 +05:30 [INF] HTTP OPTIONS /api/workspaces responded 204 in 2.6532 ms
2026-03-06 16:50:50.814 +05:30 [INF] HTTP OPTIONS /api/workspaces responded 204 in 5.4416 ms
2026-03-06 16:50:50.817 +05:30 [INF] Request finished HTTP/1.1 OPTIONS http://localhost:5013/api/workspaces - 204 null null 8.921ms
2026-03-06 16:50:50.819 +05:30 [INF] Request finished HTTP/1.1 OPTIONS http://localhost:5013/api/workspaces - 204 null null 13.4824ms
2026-03-06 16:50:50.825 +05:30 [INF] Request starting HTTP/1.1 GET http://localhost:5013/api/workspaces - application/json null
2026-03-06 16:50:50.831 +05:30 [INF] CORS policy execution successful.
2026-03-06 16:50:50.906 +05:30 [INF] Executing endpoint 'BubbleApp.Api.Controllers.WorkspacesController.List (BubbleApp.Api)'
2026-03-06 16:50:50.911 +05:30 [INF] Route matched with {action = "List", controller = "Workspaces"}. Executing controller action with signature System.Threading.Tasks.Task`1[Microsoft.AspNetCore.Mvc.IActionResult] List(System.Threading.CancellationToken) on controller BubbleApp.Api.Controllers.WorkspacesController (BubbleApp.Api).
2026-03-06 16:50:50.945 +05:30 [INF] Executing OkObjectResult, writing value of type 'System.Collections.Generic.List`1[[BubbleApp.Common.ViewModels.Workspace.WorkspaceDto, BubbleApp.Common, Version=1.0.0.0, Culture=neutral, PublicKeyToken=null]]'.
2026-03-06 16:50:50.951 +05:30 [INF] Executed action BubbleApp.Api.Controllers.WorkspacesController.List (BubbleApp.Api) in 38.1481ms
2026-03-06 16:50:50.953 +05:30 [INF] Request starting HTTP/1.1 GET http://localhost:5013/api/workspaces - application/json null
2026-03-06 16:50:50.954 +05:30 [INF] Executed endpoint 'BubbleApp.Api.Controllers.WorkspacesController.List (BubbleApp.Api)'
2026-03-06 16:50:50.956 +05:30 [INF] CORS policy execution successful.
2026-03-06 16:50:50.957 +05:30 [INF] HTTP GET /api/workspaces responded 200 in 126.6464 ms
2026-03-06 16:50:50.960 +05:30 [INF] Request finished HTTP/1.1 GET http://localhost:5013/api/workspaces - 200 null application/json; charset=utf-8 135.1135ms
2026-03-06 16:50:50.961 +05:30 [INF] Executing endpoint 'BubbleApp.Api.Controllers.WorkspacesController.List (BubbleApp.Api)'
2026-03-06 16:50:50.964 +05:30 [INF] Route matched with {action = "List", controller = "Workspaces"}. Executing controller action with signature System.Threading.Tasks.Task`1[Microsoft.AspNetCore.Mvc.IActionResult] List(System.Threading.CancellationToken) on controller BubbleApp.Api.Controllers.WorkspacesController (BubbleApp.Api).
2026-03-06 16:50:50.969 +05:30 [INF] Executing OkObjectResult, writing value of type 'System.Collections.Generic.List`1[[BubbleApp.Common.ViewModels.Workspace.WorkspaceDto, BubbleApp.Common, Version=1.0.0.0, Culture=neutral, PublicKeyToken=null]]'.
2026-03-06 16:50:50.971 +05:30 [INF] Executed action BubbleApp.Api.Controllers.WorkspacesController.List (BubbleApp.Api) in 5.2998ms
2026-03-06 16:50:50.973 +05:30 [INF] Executed endpoint 'BubbleApp.Api.Controllers.WorkspacesController.List (BubbleApp.Api)'
2026-03-06 16:50:50.975 +05:30 [INF] HTTP GET /api/workspaces responded 200 in 18.3424 ms
2026-03-06 16:50:50.976 +05:30 [INF] Request finished HTTP/1.1 GET http://localhost:5013/api/workspaces - 200 null application/json; charset=utf-8 23.0488ms
2026-03-06 16:51:00.079 +05:30 [INF] Request starting HTTP/1.1 OPTIONS http://localhost:5013/api/workspaces - null null
2026-03-06 16:51:00.081 +05:30 [INF] Request starting HTTP/1.1 OPTIONS http://localhost:5013/api/workspaces - null null
2026-03-06 16:51:00.083 +05:30 [INF] CORS policy execution successful.
2026-03-06 16:51:00.086 +05:30 [INF] CORS policy execution successful.
2026-03-06 16:51:00.088 +05:30 [INF] HTTP OPTIONS /api/workspaces responded 204 in 5.3104 ms
2026-03-06 16:51:00.089 +05:30 [INF] HTTP OPTIONS /api/workspaces responded 204 in 3.2555 ms
2026-03-06 16:51:00.092 +05:30 [INF] Request finished HTTP/1.1 OPTIONS http://localhost:5013/api/workspaces - 204 null null 12.3149ms
2026-03-06 16:51:00.094 +05:30 [INF] Request finished HTTP/1.1 OPTIONS http://localhost:5013/api/workspaces - 204 null null 13.4522ms
2026-03-06 16:51:00.098 +05:30 [INF] Request starting HTTP/1.1 GET http://localhost:5013/api/workspaces - application/json null
2026-03-06 16:51:00.104 +05:30 [INF] CORS policy execution successful.
2026-03-06 16:51:00.107 +05:30 [INF] Executing endpoint 'BubbleApp.Api.Controllers.WorkspacesController.List (BubbleApp.Api)'
2026-03-06 16:51:00.109 +05:30 [INF] Route matched with {action = "List", controller = "Workspaces"}. Executing controller action with signature System.Threading.Tasks.Task`1[Microsoft.AspNetCore.Mvc.IActionResult] List(System.Threading.CancellationToken) on controller BubbleApp.Api.Controllers.WorkspacesController (BubbleApp.Api).
2026-03-06 16:51:00.113 +05:30 [INF] Executing OkObjectResult, writing value of type 'System.Collections.Generic.List`1[[BubbleApp.Common.ViewModels.Workspace.WorkspaceDto, BubbleApp.Common, Version=1.0.0.0, Culture=neutral, PublicKeyToken=null]]'.
2026-03-06 16:51:00.114 +05:30 [INF] Executed action BubbleApp.Api.Controllers.WorkspacesController.List (BubbleApp.Api) in 3.861ms
2026-03-06 16:51:00.115 +05:30 [INF] Request starting HTTP/1.1 GET http://localhost:5013/api/workspaces - application/json null
2026-03-06 16:51:00.116 +05:30 [INF] Executed endpoint 'BubbleApp.Api.Controllers.WorkspacesController.List (BubbleApp.Api)'
2026-03-06 16:51:00.119 +05:30 [INF] CORS policy execution successful.
2026-03-06 16:51:00.120 +05:30 [INF] HTTP GET /api/workspaces responded 200 in 16.3911 ms
2026-03-06 16:51:00.123 +05:30 [INF] Executing endpoint 'BubbleApp.Api.Controllers.WorkspacesController.List (BubbleApp.Api)'
2026-03-06 16:51:00.124 +05:30 [INF] Request finished HTTP/1.1 GET http://localhost:5013/api/workspaces - 200 null application/json; charset=utf-8 26.7762ms
2026-03-06 16:51:00.126 +05:30 [INF] Route matched with {action = "List", controller = "Workspaces"}. Executing controller action with signature System.Threading.Tasks.Task`1[Microsoft.AspNetCore.Mvc.IActionResult] List(System.Threading.CancellationToken) on controller BubbleApp.Api.Controllers.WorkspacesController (BubbleApp.Api).
2026-03-06 16:51:00.134 +05:30 [INF] Executing OkObjectResult, writing value of type 'System.Collections.Generic.List`1[[BubbleApp.Common.ViewModels.Workspace.WorkspaceDto, BubbleApp.Common, Version=1.0.0.0, Culture=neutral, PublicKeyToken=null]]'.
2026-03-06 16:51:00.136 +05:30 [INF] Executed action BubbleApp.Api.Controllers.WorkspacesController.List (BubbleApp.Api) in 3.3163ms
2026-03-06 16:51:00.138 +05:30 [INF] Executed endpoint 'BubbleApp.Api.Controllers.WorkspacesController.List (BubbleApp.Api)'
2026-03-06 16:51:00.140 +05:30 [INF] HTTP GET /api/workspaces responded 200 in 21.2884 ms
2026-03-06 16:51:00.142 +05:30 [INF] Request finished HTTP/1.1 GET http://localhost:5013/api/workspaces - 200 null application/json; charset=utf-8 26.9038ms
2026-03-06 16:51:08.331 +05:30 [INF] Executing StatusCodeResult, setting HTTP status code 204
2026-03-06 16:51:08.333 +05:30 [INF] Executed action BubbleApp.Api.Controllers.WidgetConfigController.Long (BubbleApp.Api) in 25019.6775ms
2026-03-06 16:51:08.334 +05:30 [INF] Executed endpoint 'BubbleApp.Api.Controllers.WidgetConfigController.Long (BubbleApp.Api)'
2026-03-06 16:51:08.335 +05:30 [INF] HTTP GET /api/widget/config/long responded 204 in 25107.8326 ms
2026-03-06 16:51:08.336 +05:30 [INF] Request finished HTTP/1.1 GET http://localhost:5013/api/widget/config/long?workspace=sample&key=I3UPoNYawpezx-OhSr2hs0DppN8hwow7MpnppypPP-c&since=0 - 204 null null 25175.7244ms
2026-03-06 16:51:08.340 +05:30 [INF] Request starting HTTP/1.1 GET http://localhost:5013/api/widget/config/long?workspace=sample&key=I3UPoNYawpezx-OhSr2hs0DppN8hwow7MpnppypPP-c&since=0 - null null
2026-03-06 16:51:08.342 +05:30 [INF] CORS policy execution successful.
2026-03-06 16:51:08.343 +05:30 [INF] Executing endpoint 'BubbleApp.Api.Controllers.WidgetConfigController.Long (BubbleApp.Api)'
2026-03-06 16:51:08.345 +05:30 [INF] Route matched with {action = "Long", controller = "WidgetConfig"}. Executing controller action with signature System.Threading.Tasks.Task`1[Microsoft.AspNetCore.Mvc.IActionResult] Long(System.String, Int64, System.Threading.CancellationToken) on controller BubbleApp.Api.Controllers.WidgetConfigController (BubbleApp.Api).
2026-03-06 16:51:11.488 +05:30 [INF] Executing StatusCodeResult, setting HTTP status code 204
2026-03-06 16:51:11.493 +05:30 [INF] Executed action BubbleApp.Api.Controllers.WidgetConfigController.Long (BubbleApp.Api) in 25018.033ms
2026-03-06 16:51:11.494 +05:30 [INF] Executed endpoint 'BubbleApp.Api.Controllers.WidgetConfigController.Long (BubbleApp.Api)'
2026-03-06 16:51:11.495 +05:30 [INF] HTTP GET /api/widget/config/long responded 204 in 25027.6968 ms
2026-03-06 16:51:11.498 +05:30 [INF] Request finished HTTP/1.1 GET http://localhost:5013/api/widget/config/long?workspace=sample&key=I3UPoNYawpezx-OhSr2hs0DppN8hwow7MpnppypPP-c&since=639083889967655700 - 204 null null 25034.9138ms
2026-03-06 16:51:11.511 +05:30 [INF] Request starting HTTP/1.1 GET http://localhost:5013/api/widget/config/long?workspace=sample&key=I3UPoNYawpezx-OhSr2hs0DppN8hwow7MpnppypPP-c&since=639083889967655700 - null null
2026-03-06 16:51:11.514 +05:30 [INF] CORS policy execution successful.
2026-03-06 16:51:11.515 +05:30 [INF] Executing endpoint 'BubbleApp.Api.Controllers.WidgetConfigController.Long (BubbleApp.Api)'
2026-03-06 16:51:11.516 +05:30 [INF] Route matched with {action = "Long", controller = "WidgetConfig"}. Executing controller action with signature System.Threading.Tasks.Task`1[Microsoft.AspNetCore.Mvc.IActionResult] Long(System.String, Int64, System.Threading.CancellationToken) on controller BubbleApp.Api.Controllers.WidgetConfigController (BubbleApp.Api).
2026-03-06 16:51:33.359 +05:30 [INF] Executing StatusCodeResult, setting HTTP status code 204
2026-03-06 16:51:33.361 +05:30 [INF] Executed action BubbleApp.Api.Controllers.WidgetConfigController.Long (BubbleApp.Api) in 25014.2582ms
2026-03-06 16:51:33.363 +05:30 [INF] Executed endpoint 'BubbleApp.Api.Controllers.WidgetConfigController.Long (BubbleApp.Api)'
2026-03-06 16:51:33.365 +05:30 [INF] HTTP GET /api/widget/config/long responded 204 in 25022.2221 ms
2026-03-06 16:51:33.367 +05:30 [INF] Request finished HTTP/1.1 GET http://localhost:5013/api/widget/config/long?workspace=sample&key=I3UPoNYawpezx-OhSr2hs0DppN8hwow7MpnppypPP-c&since=0 - 204 null null 25027.2048ms
2026-03-06 16:51:33.371 +05:30 [INF] Request starting HTTP/1.1 GET http://localhost:5013/api/widget/config/long?workspace=sample&key=I3UPoNYawpezx-OhSr2hs0DppN8hwow7MpnppypPP-c&since=0 - null null
2026-03-06 16:51:33.374 +05:30 [INF] CORS policy execution successful.
2026-03-06 16:51:33.375 +05:30 [INF] Executing endpoint 'BubbleApp.Api.Controllers.WidgetConfigController.Long (BubbleApp.Api)'
2026-03-06 16:51:33.376 +05:30 [INF] Route matched with {action = "Long", controller = "WidgetConfig"}. Executing controller action with signature System.Threading.Tasks.Task`1[Microsoft.AspNetCore.Mvc.IActionResult] Long(System.String, Int64, System.Threading.CancellationToken) on controller BubbleApp.Api.Controllers.WidgetConfigController (BubbleApp.Api).
2026-03-06 16:51:36.533 +05:30 [INF] Executing StatusCodeResult, setting HTTP status code 204
2026-03-06 16:51:36.540 +05:30 [INF] Executed action BubbleApp.Api.Controllers.WidgetConfigController.Long (BubbleApp.Api) in 25022.0684ms
2026-03-06 16:51:36.549 +05:30 [INF] Executed endpoint 'BubbleApp.Api.Controllers.WidgetConfigController.Long (BubbleApp.Api)'
2026-03-06 16:51:36.554 +05:30 [INF] HTTP GET /api/widget/config/long responded 204 in 25039.6829 ms
2026-03-06 16:51:36.561 +05:30 [INF] Request finished HTTP/1.1 GET http://localhost:5013/api/widget/config/long?workspace=sample&key=I3UPoNYawpezx-OhSr2hs0DppN8hwow7MpnppypPP-c&since=639083889967655700 - 204 null null 25049.124ms
2026-03-06 16:51:36.576 +05:30 [INF] Request starting HTTP/1.1 GET http://localhost:5013/api/widget/config/long?workspace=sample&key=I3UPoNYawpezx-OhSr2hs0DppN8hwow7MpnppypPP-c&since=639083889967655700 - null null
2026-03-06 16:51:36.581 +05:30 [INF] CORS policy execution successful.
2026-03-06 16:51:36.582 +05:30 [INF] Executing endpoint 'BubbleApp.Api.Controllers.WidgetConfigController.Long (BubbleApp.Api)'
2026-03-06 16:51:36.583 +05:30 [INF] Route matched with {action = "Long", controller = "WidgetConfig"}. Executing controller action with signature System.Threading.Tasks.Task`1[Microsoft.AspNetCore.Mvc.IActionResult] Long(System.String, Int64, System.Threading.CancellationToken) on controller BubbleApp.Api.Controllers.WidgetConfigController (BubbleApp.Api).
2026-03-06 16:51:42.589 +05:30 [INF] Request starting HTTP/1.1 GET http://localhost:5013/api/reminders?workspace=sample&key=I3UPoNYawpezx-OhSr2hs0DppN8hwow7MpnppypPP-c&userId=28 - null null
2026-03-06 16:51:42.594 +05:30 [INF] CORS policy execution successful.
2026-03-06 16:51:42.595 +05:30 [INF] Executing endpoint 'BubbleApp.Api.Controllers.RemindersController.Get (BubbleApp.Api)'
2026-03-06 16:51:42.596 +05:30 [INF] Route matched with {action = "Get", controller = "Reminders"}. Executing controller action with signature System.Threading.Tasks.Task`1[Microsoft.AspNetCore.Mvc.IActionResult] Get(System.String, System.String, System.Threading.CancellationToken) on controller BubbleApp.Api.Controllers.RemindersController (BubbleApp.Api).
2026-03-06 16:51:42.601 +05:30 [INF] Executing OkObjectResult, writing value of type 'System.Collections.Generic.List`1[[BubbleApp.Common.ViewModels.Reminder.ReminderDto, BubbleApp.Common, Version=1.0.0.0, Culture=neutral, PublicKeyToken=null]]'.
2026-03-06 16:51:42.603 +05:30 [INF] Executed action BubbleApp.Api.Controllers.RemindersController.Get (BubbleApp.Api) in 4.557ms
2026-03-06 16:51:42.606 +05:30 [INF] Executed endpoint 'BubbleApp.Api.Controllers.RemindersController.Get (BubbleApp.Api)'
2026-03-06 16:51:42.608 +05:30 [INF] HTTP GET /api/reminders responded 200 in 13.7169 ms
2026-03-06 16:51:42.610 +05:30 [INF] Request finished HTTP/1.1 GET http://localhost:5013/api/reminders?workspace=sample&key=I3UPoNYawpezx-OhSr2hs0DppN8hwow7MpnppypPP-c&userId=28 - 200 null application/json; charset=utf-8 20.4381ms
2026-03-06 16:51:58.394 +05:30 [INF] Executing StatusCodeResult, setting HTTP status code 204
2026-03-06 16:51:58.396 +05:30 [INF] Executed action BubbleApp.Api.Controllers.WidgetConfigController.Long (BubbleApp.Api) in 25018.5722ms
2026-03-06 16:51:58.398 +05:30 [INF] Executed endpoint 'BubbleApp.Api.Controllers.WidgetConfigController.Long (BubbleApp.Api)'
2026-03-06 16:51:58.398 +05:30 [INF] HTTP GET /api/widget/config/long responded 204 in 25024.2672 ms
2026-03-06 16:51:58.400 +05:30 [INF] Request finished HTTP/1.1 GET http://localhost:5013/api/widget/config/long?workspace=sample&key=I3UPoNYawpezx-OhSr2hs0DppN8hwow7MpnppypPP-c&since=0 - 204 null null 25028.6005ms
2026-03-06 16:51:58.404 +05:30 [INF] Request starting HTTP/1.1 GET http://localhost:5013/api/widget/config/long?workspace=sample&key=I3UPoNYawpezx-OhSr2hs0DppN8hwow7MpnppypPP-c&since=0 - null null
2026-03-06 16:51:58.407 +05:30 [INF] CORS policy execution successful.
2026-03-06 16:51:58.408 +05:30 [INF] Executing endpoint 'BubbleApp.Api.Controllers.WidgetConfigController.Long (BubbleApp.Api)'
2026-03-06 16:51:58.411 +05:30 [INF] Route matched with {action = "Long", controller = "WidgetConfig"}. Executing controller action with signature System.Threading.Tasks.Task`1[Microsoft.AspNetCore.Mvc.IActionResult] Long(System.String, Int64, System.Threading.CancellationToken) on controller BubbleApp.Api.Controllers.WidgetConfigController (BubbleApp.Api).
2026-03-06 16:52:01.590 +05:30 [INF] Executing StatusCodeResult, setting HTTP status code 204
2026-03-06 16:52:01.592 +05:30 [INF] Executed action BubbleApp.Api.Controllers.WidgetConfigController.Long (BubbleApp.Api) in 25006.8098ms
2026-03-06 16:52:01.593 +05:30 [INF] Executed endpoint 'BubbleApp.Api.Controllers.WidgetConfigController.Long (BubbleApp.Api)'
2026-03-06 16:52:01.595 +05:30 [INF] HTTP GET /api/widget/config/long responded 204 in 25014.1778 ms
2026-03-06 16:52:01.597 +05:30 [INF] Request finished HTTP/1.1 GET http://localhost:5013/api/widget/config/long?workspace=sample&key=I3UPoNYawpezx-OhSr2hs0DppN8hwow7MpnppypPP-c&since=639083889967655700 - 204 null null 25020.2766ms
2026-03-06 16:52:01.602 +05:30 [INF] Request starting HTTP/1.1 GET http://localhost:5013/api/widget/config/long?workspace=sample&key=I3UPoNYawpezx-OhSr2hs0DppN8hwow7MpnppypPP-c&since=639083889967655700 - null null
2026-03-06 16:52:01.606 +05:30 [INF] CORS policy execution successful.
2026-03-06 16:52:01.607 +05:30 [INF] Executing endpoint 'BubbleApp.Api.Controllers.WidgetConfigController.Long (BubbleApp.Api)'
2026-03-06 16:52:01.609 +05:30 [INF] Route matched with {action = "Long", controller = "WidgetConfig"}. Executing controller action with signature System.Threading.Tasks.Task`1[Microsoft.AspNetCore.Mvc.IActionResult] Long(System.String, Int64, System.Threading.CancellationToken) on controller BubbleApp.Api.Controllers.WidgetConfigController (BubbleApp.Api).
2026-03-06 16:52:23.420 +05:30 [INF] Executing StatusCodeResult, setting HTTP status code 204
2026-03-06 16:52:23.421 +05:30 [INF] Executed action BubbleApp.Api.Controllers.WidgetConfigController.Long (BubbleApp.Api) in 25008.2384ms
2026-03-06 16:52:23.423 +05:30 [INF] Executed endpoint 'BubbleApp.Api.Controllers.WidgetConfigController.Long (BubbleApp.Api)'
2026-03-06 16:52:23.423 +05:30 [INF] HTTP GET /api/widget/config/long responded 204 in 25016.7131 ms
2026-03-06 16:52:23.425 +05:30 [INF] Request finished HTTP/1.1 GET http://localhost:5013/api/widget/config/long?workspace=sample&key=I3UPoNYawpezx-OhSr2hs0DppN8hwow7MpnppypPP-c&since=0 - 204 null null 25021.0818ms
2026-03-06 16:52:23.428 +05:30 [INF] Request starting HTTP/1.1 GET http://localhost:5013/api/widget/config/long?workspace=sample&key=I3UPoNYawpezx-OhSr2hs0DppN8hwow7MpnppypPP-c&since=0 - null null
2026-03-06 16:52:23.431 +05:30 [INF] CORS policy execution successful.
2026-03-06 16:52:23.432 +05:30 [INF] Executing endpoint 'BubbleApp.Api.Controllers.WidgetConfigController.Long (BubbleApp.Api)'
2026-03-06 16:52:23.432 +05:30 [INF] Route matched with {action = "Long", controller = "WidgetConfig"}. Executing controller action with signature System.Threading.Tasks.Task`1[Microsoft.AspNetCore.Mvc.IActionResult] Long(System.String, Int64, System.Threading.CancellationToken) on controller BubbleApp.Api.Controllers.WidgetConfigController (BubbleApp.Api).
2026-03-06 16:52:26.272 +05:30 [INF] Request starting HTTP/1.1 GET http://localhost:5013/api/notes?workspace=sample&key=I3UPoNYawpezx-OhSr2hs0DppN8hwow7MpnppypPP-c&userId=28 - null null
2026-03-06 16:52:26.275 +05:30 [INF] CORS policy execution successful.
2026-03-06 16:52:26.276 +05:30 [INF] Executing endpoint 'BubbleApp.Api.Controllers.NotesController.Get (BubbleApp.Api)'
2026-03-06 16:52:26.280 +05:30 [INF] Route matched with {action = "Get", controller = "Notes"}. Executing controller action with signature System.Threading.Tasks.Task`1[Microsoft.AspNetCore.Mvc.IActionResult] Get(System.String, System.String, System.Threading.CancellationToken) on controller BubbleApp.Api.Controllers.NotesController (BubbleApp.Api).
2026-03-06 16:52:26.294 +05:30 [INF] Executing OkObjectResult, writing value of type 'System.Collections.Generic.List`1[[BubbleApp.Common.ViewModels.Notes.NoteDto, BubbleApp.Common, Version=1.0.0.0, Culture=neutral, PublicKeyToken=null]]'.
2026-03-06 16:52:26.298 +05:30 [INF] Executed action BubbleApp.Api.Controllers.NotesController.Get (BubbleApp.Api) in 15.2737ms
2026-03-06 16:52:26.300 +05:30 [INF] Executed endpoint 'BubbleApp.Api.Controllers.NotesController.Get (BubbleApp.Api)'
2026-03-06 16:52:26.301 +05:30 [INF] HTTP GET /api/notes responded 200 in 26.5157 ms
2026-03-06 16:52:26.304 +05:30 [INF] Request finished HTTP/1.1 GET http://localhost:5013/api/notes?workspace=sample&key=I3UPoNYawpezx-OhSr2hs0DppN8hwow7MpnppypPP-c&userId=28 - 200 null application/json; charset=utf-8 31.743ms
2026-03-06 16:52:26.623 +05:30 [INF] Executing StatusCodeResult, setting HTTP status code 204
2026-03-06 16:52:26.625 +05:30 [INF] Executed action BubbleApp.Api.Controllers.WidgetConfigController.Long (BubbleApp.Api) in 25013.8395ms
2026-03-06 16:52:26.626 +05:30 [INF] Executed endpoint 'BubbleApp.Api.Controllers.WidgetConfigController.Long (BubbleApp.Api)'
2026-03-06 16:52:26.628 +05:30 [INF] HTTP GET /api/widget/config/long responded 204 in 25021.6882 ms
2026-03-06 16:52:26.630 +05:30 [INF] Request finished HTTP/1.1 GET http://localhost:5013/api/widget/config/long?workspace=sample&key=I3UPoNYawpezx-OhSr2hs0DppN8hwow7MpnppypPP-c&since=639083889967655700 - 204 null null 25027.6569ms
2026-03-06 16:52:26.635 +05:30 [INF] Request starting HTTP/1.1 GET http://localhost:5013/api/widget/config/long?workspace=sample&key=I3UPoNYawpezx-OhSr2hs0DppN8hwow7MpnppypPP-c&since=639083889967655700 - null null
2026-03-06 16:52:26.640 +05:30 [INF] CORS policy execution successful.
2026-03-06 16:52:26.642 +05:30 [INF] Executing endpoint 'BubbleApp.Api.Controllers.WidgetConfigController.Long (BubbleApp.Api)'
2026-03-06 16:52:26.644 +05:30 [INF] Route matched with {action = "Long", controller = "WidgetConfig"}. Executing controller action with signature System.Threading.Tasks.Task`1[Microsoft.AspNetCore.Mvc.IActionResult] Long(System.String, Int64, System.Threading.CancellationToken) on controller BubbleApp.Api.Controllers.WidgetConfigController (BubbleApp.Api).
2026-03-06 16:52:28.716 +05:30 [INF] Request starting HTTP/1.1 GET http://localhost:5013/api/todos?workspace=sample&key=I3UPoNYawpezx-OhSr2hs0DppN8hwow7MpnppypPP-c&userId=28 - null null
2026-03-06 16:52:28.719 +05:30 [INF] CORS policy execution successful.
2026-03-06 16:52:28.721 +05:30 [INF] Executing endpoint 'BubbleApp.Api.Controllers.TodosController.Get (BubbleApp.Api)'
2026-03-06 16:52:28.727 +05:30 [INF] Route matched with {action = "Get", controller = "Todos"}. Executing controller action with signature System.Threading.Tasks.Task`1[Microsoft.AspNetCore.Mvc.IActionResult] Get(System.String, System.String, System.Threading.CancellationToken) on controller BubbleApp.Api.Controllers.TodosController (BubbleApp.Api).
2026-03-06 16:52:28.736 +05:30 [INF] Executing OkObjectResult, writing value of type 'System.Collections.Generic.List`1[[BubbleApp.Common.ViewModels.Todo.TodoDto, BubbleApp.Common, Version=1.0.0.0, Culture=neutral, PublicKeyToken=null]]'.
2026-03-06 16:52:28.739 +05:30 [INF] Executed action BubbleApp.Api.Controllers.TodosController.Get (BubbleApp.Api) in 9.5274ms
2026-03-06 16:52:28.742 +05:30 [INF] Executed endpoint 'BubbleApp.Api.Controllers.TodosController.Get (BubbleApp.Api)'
2026-03-06 16:52:28.744 +05:30 [INF] HTTP GET /api/todos responded 200 in 24.3593 ms
2026-03-06 16:52:28.746 +05:30 [INF] Request finished HTTP/1.1 GET http://localhost:5013/api/todos?workspace=sample&key=I3UPoNYawpezx-OhSr2hs0DppN8hwow7MpnppypPP-c&userId=28 - 200 null application/json; charset=utf-8 30.2199ms
2026-03-06 16:52:30.548 +05:30 [INF] Request starting HTTP/1.1 GET http://localhost:5013/api/general?workspace=sample&key=I3UPoNYawpezx-OhSr2hs0DppN8hwow7MpnppypPP-c - null null
2026-03-06 16:52:30.550 +05:30 [INF] CORS policy execution successful.
2026-03-06 16:52:30.551 +05:30 [INF] Executing endpoint 'BubbleApp.Api.Controllers.GeneralController.Get (BubbleApp.Api)'
2026-03-06 16:52:30.556 +05:30 [INF] Route matched with {action = "Get", controller = "General"}. Executing controller action with signature System.Threading.Tasks.Task`1[Microsoft.AspNetCore.Mvc.IActionResult] Get(System.String, System.Threading.CancellationToken) on controller BubbleApp.Api.Controllers.GeneralController (BubbleApp.Api).
2026-03-06 16:52:30.564 +05:30 [INF] Executing OkObjectResult, writing value of type 'System.Collections.Generic.List`1[[BubbleApp.Common.ViewModels.General.GeneralMessageDto, BubbleApp.Common, Version=1.0.0.0, Culture=neutral, PublicKeyToken=null]]'.
2026-03-06 16:52:30.567 +05:30 [INF] Executed action BubbleApp.Api.Controllers.GeneralController.Get (BubbleApp.Api) in 9.7318ms
2026-03-06 16:52:30.568 +05:30 [INF] Executed endpoint 'BubbleApp.Api.Controllers.GeneralController.Get (BubbleApp.Api)'
2026-03-06 16:52:30.569 +05:30 [INF] HTTP GET /api/general responded 200 in 19.1122 ms
2026-03-06 16:52:30.571 +05:30 [INF] Request finished HTTP/1.1 GET http://localhost:5013/api/general?workspace=sample&key=I3UPoNYawpezx-OhSr2hs0DppN8hwow7MpnppypPP-c - 200 null application/json; charset=utf-8 22.5775ms
2026-03-06 16:52:30.592 +05:30 [INF] Request starting HTTP/1.1 GET http://localhost:5013/api/general?workspace=sample&key=I3UPoNYawpezx-OhSr2hs0DppN8hwow7MpnppypPP-c - null null
2026-03-06 16:52:30.596 +05:30 [INF] CORS policy execution successful.
2026-03-06 16:52:30.597 +05:30 [INF] Executing endpoint 'BubbleApp.Api.Controllers.GeneralController.Get (BubbleApp.Api)'
2026-03-06 16:52:30.598 +05:30 [INF] Route matched with {action = "Get", controller = "General"}. Executing controller action with signature System.Threading.Tasks.Task`1[Microsoft.AspNetCore.Mvc.IActionResult] Get(System.String, System.Threading.CancellationToken) on controller BubbleApp.Api.Controllers.GeneralController (BubbleApp.Api).
2026-03-06 16:52:30.601 +05:30 [INF] Executing OkObjectResult, writing value of type 'System.Collections.Generic.List`1[[BubbleApp.Common.ViewModels.General.GeneralMessageDto, BubbleApp.Common, Version=1.0.0.0, Culture=neutral, PublicKeyToken=null]]'.
2026-03-06 16:52:30.603 +05:30 [INF] Executed action BubbleApp.Api.Controllers.GeneralController.Get (BubbleApp.Api) in 3.2545ms
2026-03-06 16:52:30.604 +05:30 [INF] Executed endpoint 'BubbleApp.Api.Controllers.GeneralController.Get (BubbleApp.Api)'
2026-03-06 16:52:30.606 +05:30 [INF] HTTP GET /api/general responded 200 in 9.9802 ms
2026-03-06 16:52:30.608 +05:30 [INF] Request finished HTTP/1.1 GET http://localhost:5013/api/general?workspace=sample&key=I3UPoNYawpezx-OhSr2hs0DppN8hwow7MpnppypPP-c - 200 null application/json; charset=utf-8 15.9913ms
2026-03-06 16:52:31.616 +05:30 [INF] Request starting HTTP/1.1 GET http://localhost:5013/api/general?workspace=sample&key=I3UPoNYawpezx-OhSr2hs0DppN8hwow7MpnppypPP-c - null null
2026-03-06 16:52:31.619 +05:30 [INF] CORS policy execution successful.
2026-03-06 16:52:31.619 +05:30 [INF] Executing endpoint 'BubbleApp.Api.Controllers.GeneralController.Get (BubbleApp.Api)'
2026-03-06 16:52:31.620 +05:30 [INF] Route matched with {action = "Get", controller = "General"}. Executing controller action with signature System.Threading.Tasks.Task`1[Microsoft.AspNetCore.Mvc.IActionResult] Get(System.String, System.Threading.CancellationToken) on controller BubbleApp.Api.Controllers.GeneralController (BubbleApp.Api).
2026-03-06 16:52:31.625 +05:30 [INF] Executing OkObjectResult, writing value of type 'System.Collections.Generic.List`1[[BubbleApp.Common.ViewModels.General.GeneralMessageDto, BubbleApp.Common, Version=1.0.0.0, Culture=neutral, PublicKeyToken=null]]'.
2026-03-06 16:52:31.626 +05:30 [INF] Executed action BubbleApp.Api.Controllers.GeneralController.Get (BubbleApp.Api) in 3.5762ms
2026-03-06 16:52:31.627 +05:30 [INF] Executed endpoint 'BubbleApp.Api.Controllers.GeneralController.Get (BubbleApp.Api)'
2026-03-06 16:52:31.628 +05:30 [INF] HTTP GET /api/general responded 200 in 9.2791 ms
2026-03-06 16:52:31.630 +05:30 [INF] Request finished HTTP/1.1 GET http://localhost:5013/api/general?workspace=sample&key=I3UPoNYawpezx-OhSr2hs0DppN8hwow7MpnppypPP-c - 200 null application/json; charset=utf-8 13.2766ms
2026-03-06 16:52:32.175 +05:30 [INF] Request starting HTTP/1.1 GET http://localhost:5013/api/reminders?workspace=sample&key=I3UPoNYawpezx-OhSr2hs0DppN8hwow7MpnppypPP-c&userId=28 - null null
2026-03-06 16:52:32.177 +05:30 [INF] CORS policy execution successful.
2026-03-06 16:52:32.178 +05:30 [INF] Executing endpoint 'BubbleApp.Api.Controllers.RemindersController.Get (BubbleApp.Api)'
2026-03-06 16:52:32.179 +05:30 [INF] Route matched with {action = "Get", controller = "Reminders"}. Executing controller action with signature System.Threading.Tasks.Task`1[Microsoft.AspNetCore.Mvc.IActionResult] Get(System.String, System.String, System.Threading.CancellationToken) on controller BubbleApp.Api.Controllers.RemindersController (BubbleApp.Api).
2026-03-06 16:52:32.183 +05:30 [INF] Executing OkObjectResult, writing value of type 'System.Collections.Generic.List`1[[BubbleApp.Common.ViewModels.Reminder.ReminderDto, BubbleApp.Common, Version=1.0.0.0, Culture=neutral, PublicKeyToken=null]]'.
2026-03-06 16:52:32.184 +05:30 [INF] Executed action BubbleApp.Api.Controllers.RemindersController.Get (BubbleApp.Api) in 3.1489ms
2026-03-06 16:52:32.186 +05:30 [INF] Executed endpoint 'BubbleApp.Api.Controllers.RemindersController.Get (BubbleApp.Api)'
2026-03-06 16:52:32.187 +05:30 [INF] HTTP GET /api/reminders responded 200 in 9.3440 ms
2026-03-06 16:52:32.190 +05:30 [INF] Request finished HTTP/1.1 GET http://localhost:5013/api/reminders?workspace=sample&key=I3UPoNYawpezx-OhSr2hs0DppN8hwow7MpnppypPP-c&userId=28 - 200 null application/json; charset=utf-8 14.9329ms
2026-03-06 16:52:35.310 +05:30 [INF] Request starting HTTP/1.1 GET http://localhost:5013/api/notes?workspace=sample&key=I3UPoNYawpezx-OhSr2hs0DppN8hwow7MpnppypPP-c&userId=28 - null null
2026-03-06 16:52:35.313 +05:30 [INF] CORS policy execution successful.
2026-03-06 16:52:35.314 +05:30 [INF] Executing endpoint 'BubbleApp.Api.Controllers.NotesController.Get (BubbleApp.Api)'
2026-03-06 16:52:35.315 +05:30 [INF] Route matched with {action = "Get", controller = "Notes"}. Executing controller action with signature System.Threading.Tasks.Task`1[Microsoft.AspNetCore.Mvc.IActionResult] Get(System.String, System.String, System.Threading.CancellationToken) on controller BubbleApp.Api.Controllers.NotesController (BubbleApp.Api).
2026-03-06 16:52:35.319 +05:30 [INF] Executing OkObjectResult, writing value of type 'System.Collections.Generic.List`1[[BubbleApp.Common.ViewModels.Notes.NoteDto, BubbleApp.Common, Version=1.0.0.0, Culture=neutral, PublicKeyToken=null]]'.
2026-03-06 16:52:35.321 +05:30 [INF] Executed action BubbleApp.Api.Controllers.NotesController.Get (BubbleApp.Api) in 4.2048ms
2026-03-06 16:52:35.323 +05:30 [INF] Executed endpoint 'BubbleApp.Api.Controllers.NotesController.Get (BubbleApp.Api)'
2026-03-06 16:52:35.326 +05:30 [INF] HTTP GET /api/notes responded 200 in 13.7018 ms
2026-03-06 16:52:35.331 +05:30 [INF] Request finished HTTP/1.1 GET http://localhost:5013/api/notes?workspace=sample&key=I3UPoNYawpezx-OhSr2hs0DppN8hwow7MpnppypPP-c&userId=28 - 200 null application/json; charset=utf-8 20.5317ms
2026-03-06 16:52:38.274 +05:30 [INF] Request starting HTTP/1.1 GET http://localhost:5013/api/todos?workspace=sample&key=I3UPoNYawpezx-OhSr2hs0DppN8hwow7MpnppypPP-c&userId=28 - null null
2026-03-06 16:52:38.284 +05:30 [INF] CORS policy execution successful.
2026-03-06 16:52:38.285 +05:30 [INF] Executing endpoint 'BubbleApp.Api.Controllers.TodosController.Get (BubbleApp.Api)'
2026-03-06 16:52:38.287 +05:30 [INF] Route matched with {action = "Get", controller = "Todos"}. Executing controller action with signature System.Threading.Tasks.Task`1[Microsoft.AspNetCore.Mvc.IActionResult] Get(System.String, System.String, System.Threading.CancellationToken) on controller BubbleApp.Api.Controllers.TodosController (BubbleApp.Api).
2026-03-06 16:52:38.293 +05:30 [INF] Executing OkObjectResult, writing value of type 'System.Collections.Generic.List`1[[BubbleApp.Common.ViewModels.Todo.TodoDto, BubbleApp.Common, Version=1.0.0.0, Culture=neutral, PublicKeyToken=null]]'.
2026-03-06 16:52:38.294 +05:30 [INF] Executed action BubbleApp.Api.Controllers.TodosController.Get (BubbleApp.Api) in 5.0012ms
2026-03-06 16:52:38.296 +05:30 [INF] Executed endpoint 'BubbleApp.Api.Controllers.TodosController.Get (BubbleApp.Api)'
2026-03-06 16:52:38.297 +05:30 [INF] HTTP GET /api/todos responded 200 in 13.4451 ms
2026-03-06 16:52:38.300 +05:30 [INF] Request finished HTTP/1.1 GET http://localhost:5013/api/todos?workspace=sample&key=I3UPoNYawpezx-OhSr2hs0DppN8hwow7MpnppypPP-c&userId=28 - 200 null application/json; charset=utf-8 25.652ms
2026-03-06 16:52:42.590 +05:30 [INF] Request starting HTTP/1.1 GET http://localhost:5013/api/reminders?workspace=sample&key=I3UPoNYawpezx-OhSr2hs0DppN8hwow7MpnppypPP-c&userId=28 - null null
2026-03-06 16:52:42.594 +05:30 [INF] CORS policy execution successful.
2026-03-06 16:52:42.595 +05:30 [INF] Executing endpoint 'BubbleApp.Api.Controllers.RemindersController.Get (BubbleApp.Api)'
2026-03-06 16:52:42.596 +05:30 [INF] Route matched with {action = "Get", controller = "Reminders"}. Executing controller action with signature System.Threading.Tasks.Task`1[Microsoft.AspNetCore.Mvc.IActionResult] Get(System.String, System.String, System.Threading.CancellationToken) on controller BubbleApp.Api.Controllers.RemindersController (BubbleApp.Api).
2026-03-06 16:52:42.606 +05:30 [INF] Executing OkObjectResult, writing value of type 'System.Collections.Generic.List`1[[BubbleApp.Common.ViewModels.Reminder.ReminderDto, BubbleApp.Common, Version=1.0.0.0, Culture=neutral, PublicKeyToken=null]]'.
2026-03-06 16:52:42.608 +05:30 [INF] Executed action BubbleApp.Api.Controllers.RemindersController.Get (BubbleApp.Api) in 8.7945ms
2026-03-06 16:52:42.610 +05:30 [INF] Executed endpoint 'BubbleApp.Api.Controllers.RemindersController.Get (BubbleApp.Api)'
2026-03-06 16:52:42.612 +05:30 [INF] HTTP GET /api/reminders responded 200 in 18.7615 ms
2026-03-06 16:52:42.616 +05:30 [INF] Request finished HTTP/1.1 GET http://localhost:5013/api/reminders?workspace=sample&key=I3UPoNYawpezx-OhSr2hs0DppN8hwow7MpnppypPP-c&userId=28 - 200 null application/json; charset=utf-8 25.3212ms
2026-03-06 16:52:44.674 +05:30 [INF] Request starting HTTP/1.1 OPTIONS http://localhost:5013/api/todos - null null
2026-03-06 16:52:44.678 +05:30 [INF] CORS policy execution successful.
2026-03-06 16:52:44.679 +05:30 [INF] HTTP OPTIONS /api/todos responded 204 in 0.8589 ms
2026-03-06 16:52:44.680 +05:30 [INF] Request finished HTTP/1.1 OPTIONS http://localhost:5013/api/todos - 204 null null 6.1454ms
2026-03-06 16:52:44.685 +05:30 [INF] Request starting HTTP/1.1 POST http://localhost:5013/api/todos - application/json 139
2026-03-06 16:52:44.688 +05:30 [INF] CORS policy execution successful.
2026-03-06 16:52:44.688 +05:30 [INF] Executing endpoint 'BubbleApp.Api.Controllers.TodosController.Create (BubbleApp.Api)'
2026-03-06 16:52:44.692 +05:30 [INF] Route matched with {action = "Create", controller = "Todos"}. Executing controller action with signature System.Threading.Tasks.Task`1[Microsoft.AspNetCore.Mvc.IActionResult] Create(CreateTodoDto, System.Threading.CancellationToken) on controller BubbleApp.Api.Controllers.TodosController (BubbleApp.Api).
2026-03-06 16:52:44.762 +05:30 [INF] Executing OkObjectResult, writing value of type 'BubbleApp.Common.ViewModels.Todo.TodoDto'.
2026-03-06 16:52:44.766 +05:30 [INF] Executed action BubbleApp.Api.Controllers.TodosController.Create (BubbleApp.Api) in 71.7566ms
2026-03-06 16:52:44.767 +05:30 [INF] Executed endpoint 'BubbleApp.Api.Controllers.TodosController.Create (BubbleApp.Api)'
2026-03-06 16:52:44.768 +05:30 [INF] HTTP POST /api/todos responded 200 in 80.1535 ms
2026-03-06 16:52:44.769 +05:30 [INF] Request finished HTTP/1.1 POST http://localhost:5013/api/todos - 200 null application/json; charset=utf-8 84.2328ms
2026-03-06 16:52:44.772 +05:30 [INF] Request starting HTTP/1.1 GET http://localhost:5013/api/todos?workspace=sample&key=I3UPoNYawpezx-OhSr2hs0DppN8hwow7MpnppypPP-c&userId=28 - null null
2026-03-06 16:52:44.774 +05:30 [INF] CORS policy execution successful.
2026-03-06 16:52:44.774 +05:30 [INF] Executing endpoint 'BubbleApp.Api.Controllers.TodosController.Get (BubbleApp.Api)'
2026-03-06 16:52:44.775 +05:30 [INF] Route matched with {action = "Get", controller = "Todos"}. Executing controller action with signature System.Threading.Tasks.Task`1[Microsoft.AspNetCore.Mvc.IActionResult] Get(System.String, System.String, System.Threading.CancellationToken) on controller BubbleApp.Api.Controllers.TodosController (BubbleApp.Api).
2026-03-06 16:52:44.782 +05:30 [INF] Executing OkObjectResult, writing value of type 'System.Collections.Generic.List`1[[BubbleApp.Common.ViewModels.Todo.TodoDto, BubbleApp.Common, Version=1.0.0.0, Culture=neutral, PublicKeyToken=null]]'.
2026-03-06 16:52:44.784 +05:30 [INF] Executed action BubbleApp.Api.Controllers.TodosController.Get (BubbleApp.Api) in 6.1747ms
2026-03-06 16:52:44.785 +05:30 [INF] Executed endpoint 'BubbleApp.Api.Controllers.TodosController.Get (BubbleApp.Api)'
2026-03-06 16:52:44.786 +05:30 [INF] HTTP GET /api/todos responded 200 in 11.9201 ms
2026-03-06 16:52:44.787 +05:30 [INF] Request finished HTTP/1.1 GET http://localhost:5013/api/todos?workspace=sample&key=I3UPoNYawpezx-OhSr2hs0DppN8hwow7MpnppypPP-c&userId=28 - 200 null application/json; charset=utf-8 15.313ms
2026-03-06 16:52:48.449 +05:30 [INF] Executing StatusCodeResult, setting HTTP status code 204
2026-03-06 16:52:48.453 +05:30 [INF] Executed action BubbleApp.Api.Controllers.WidgetConfigController.Long (BubbleApp.Api) in 25019.1428ms
2026-03-06 16:52:48.458 +05:30 [INF] Executed endpoint 'BubbleApp.Api.Controllers.WidgetConfigController.Long (BubbleApp.Api)'
2026-03-06 16:52:48.460 +05:30 [INF] HTTP GET /api/widget/config/long responded 204 in 25028.7977 ms
2026-03-06 16:52:48.463 +05:30 [INF] Request finished HTTP/1.1 GET http://localhost:5013/api/widget/config/long?workspace=sample&key=I3UPoNYawpezx-OhSr2hs0DppN8hwow7MpnppypPP-c&since=0 - 204 null null 25034.6498ms
2026-03-06 16:52:48.468 +05:30 [INF] Request starting HTTP/1.1 GET http://localhost:5013/api/widget/config/long?workspace=sample&key=I3UPoNYawpezx-OhSr2hs0DppN8hwow7MpnppypPP-c&since=0 - null null
2026-03-06 16:52:48.472 +05:30 [INF] CORS policy execution successful.
2026-03-06 16:52:48.473 +05:30 [INF] Executing endpoint 'BubbleApp.Api.Controllers.WidgetConfigController.Long (BubbleApp.Api)'
2026-03-06 16:52:48.474 +05:30 [INF] Route matched with {action = "Long", controller = "WidgetConfig"}. Executing controller action with signature System.Threading.Tasks.Task`1[Microsoft.AspNetCore.Mvc.IActionResult] Long(System.String, Int64, System.Threading.CancellationToken) on controller BubbleApp.Api.Controllers.WidgetConfigController (BubbleApp.Api).
2026-03-06 16:52:50.717 +05:30 [INF] Request starting HTTP/1.1 OPTIONS http://localhost:5013/api/todos - null null
2026-03-06 16:52:50.719 +05:30 [INF] CORS policy execution successful.
2026-03-06 16:52:50.720 +05:30 [INF] HTTP OPTIONS /api/todos responded 204 in 0.7753 ms
2026-03-06 16:52:50.721 +05:30 [INF] Request finished HTTP/1.1 OPTIONS http://localhost:5013/api/todos - 204 null null 4.8729ms
2026-03-06 16:52:50.725 +05:30 [INF] Request starting HTTP/1.1 POST http://localhost:5013/api/todos - application/json 137
2026-03-06 16:52:50.728 +05:30 [INF] CORS policy execution successful.
2026-03-06 16:52:50.729 +05:30 [INF] Executing endpoint 'BubbleApp.Api.Controllers.TodosController.Create (BubbleApp.Api)'
2026-03-06 16:52:50.731 +05:30 [INF] Route matched with {action = "Create", controller = "Todos"}. Executing controller action with signature System.Threading.Tasks.Task`1[Microsoft.AspNetCore.Mvc.IActionResult] Create(CreateTodoDto, System.Threading.CancellationToken) on controller BubbleApp.Api.Controllers.TodosController (BubbleApp.Api).
2026-03-06 16:52:50.738 +05:30 [INF] Executing OkObjectResult, writing value of type 'BubbleApp.Common.ViewModels.Todo.TodoDto'.
2026-03-06 16:52:50.740 +05:30 [INF] Executed action BubbleApp.Api.Controllers.TodosController.Create (BubbleApp.Api) in 5.1286ms
2026-03-06 16:52:50.741 +05:30 [INF] Executed endpoint 'BubbleApp.Api.Controllers.TodosController.Create (BubbleApp.Api)'
2026-03-06 16:52:50.742 +05:30 [INF] HTTP POST /api/todos responded 200 in 14.5322 ms
2026-03-06 16:52:50.744 +05:30 [INF] Request finished HTTP/1.1 POST http://localhost:5013/api/todos - 200 null application/json; charset=utf-8 18.8311ms
2026-03-06 16:52:50.748 +05:30 [INF] Request starting HTTP/1.1 GET http://localhost:5013/api/todos?workspace=sample&key=I3UPoNYawpezx-OhSr2hs0DppN8hwow7MpnppypPP-c&userId=28 - null null
2026-03-06 16:52:50.750 +05:30 [INF] CORS policy execution successful.
2026-03-06 16:52:50.751 +05:30 [INF] Executing endpoint 'BubbleApp.Api.Controllers.TodosController.Get (BubbleApp.Api)'
2026-03-06 16:52:50.752 +05:30 [INF] Route matched with {action = "Get", controller = "Todos"}. Executing controller action with signature System.Threading.Tasks.Task`1[Microsoft.AspNetCore.Mvc.IActionResult] Get(System.String, System.String, System.Threading.CancellationToken) on controller BubbleApp.Api.Controllers.TodosController (BubbleApp.Api).
2026-03-06 16:52:50.756 +05:30 [INF] Executing OkObjectResult, writing value of type 'System.Collections.Generic.List`1[[BubbleApp.Common.ViewModels.Todo.TodoDto, BubbleApp.Common, Version=1.0.0.0, Culture=neutral, PublicKeyToken=null]]'.
2026-03-06 16:52:50.757 +05:30 [INF] Executed action BubbleApp.Api.Controllers.TodosController.Get (BubbleApp.Api) in 3.1311ms
2026-03-06 16:52:50.758 +05:30 [INF] Executed endpoint 'BubbleApp.Api.Controllers.TodosController.Get (BubbleApp.Api)'
2026-03-06 16:52:50.759 +05:30 [INF] HTTP GET /api/todos responded 200 in 8.8605 ms
2026-03-06 16:52:50.761 +05:30 [INF] Request finished HTTP/1.1 GET http://localhost:5013/api/todos?workspace=sample&key=I3UPoNYawpezx-OhSr2hs0DppN8hwow7MpnppypPP-c&userId=28 - 200 null application/json; charset=utf-8 13.2842ms
2026-03-06 16:52:51.662 +05:30 [INF] Executing StatusCodeResult, setting HTTP status code 204
2026-03-06 16:52:51.665 +05:30 [INF] Executed action BubbleApp.Api.Controllers.WidgetConfigController.Long (BubbleApp.Api) in 25017.9315ms
2026-03-06 16:52:51.666 +05:30 [INF] Executed endpoint 'BubbleApp.Api.Controllers.WidgetConfigController.Long (BubbleApp.Api)'
2026-03-06 16:52:51.667 +05:30 [INF] HTTP GET /api/widget/config/long responded 204 in 25027.1817 ms
2026-03-06 16:52:51.669 +05:30 [INF] Request finished HTTP/1.1 GET http://localhost:5013/api/widget/config/long?workspace=sample&key=I3UPoNYawpezx-OhSr2hs0DppN8hwow7MpnppypPP-c&since=639083889967655700 - 204 null null 25034.3468ms
2026-03-06 16:52:51.673 +05:30 [INF] Request starting HTTP/1.1 GET http://localhost:5013/api/widget/config/long?workspace=sample&key=I3UPoNYawpezx-OhSr2hs0DppN8hwow7MpnppypPP-c&since=639083889967655700 - null null
2026-03-06 16:52:51.675 +05:30 [INF] CORS policy execution successful.
2026-03-06 16:52:51.676 +05:30 [INF] Executing endpoint 'BubbleApp.Api.Controllers.WidgetConfigController.Long (BubbleApp.Api)'
2026-03-06 16:52:51.678 +05:30 [INF] Route matched with {action = "Long", controller = "WidgetConfig"}. Executing controller action with signature System.Threading.Tasks.Task`1[Microsoft.AspNetCore.Mvc.IActionResult] Long(System.String, Int64, System.Threading.CancellationToken) on controller BubbleApp.Api.Controllers.WidgetConfigController (BubbleApp.Api).
2026-03-06 16:52:53.766 +05:30 [INF] Request starting HTTP/1.1 OPTIONS http://localhost:5013/api/todos/db45750a-b8c0-4b06-85cf-c3d2fbf1a7b0 - null null
2026-03-06 16:52:53.768 +05:30 [INF] CORS policy execution successful.
2026-03-06 16:52:53.769 +05:30 [INF] HTTP OPTIONS /api/todos/db45750a-b8c0-4b06-85cf-c3d2fbf1a7b0 responded 204 in 0.7476 ms
2026-03-06 16:52:53.770 +05:30 [INF] Request finished HTTP/1.1 OPTIONS http://localhost:5013/api/todos/db45750a-b8c0-4b06-85cf-c3d2fbf1a7b0 - 204 null null 4.5083ms
2026-03-06 16:52:53.772 +05:30 [INF] Request starting HTTP/1.1 PATCH http://localhost:5013/api/todos/db45750a-b8c0-4b06-85cf-c3d2fbf1a7b0 - application/json 100
2026-03-06 16:52:53.775 +05:30 [INF] CORS policy execution successful.
2026-03-06 16:52:53.776 +05:30 [INF] Executing endpoint 'BubbleApp.Api.Controllers.TodosController.PatchDone (BubbleApp.Api)'
2026-03-06 16:52:53.781 +05:30 [INF] Route matched with {action = "PatchDone", controller = "Todos"}. Executing controller action with signature System.Threading.Tasks.Task`1[Microsoft.AspNetCore.Mvc.IActionResult] PatchDone(System.String, PatchDoneDto, System.Threading.CancellationToken) on controller BubbleApp.Api.Controllers.TodosController (BubbleApp.Api).
2026-03-06 16:52:53.808 +05:30 [INF] Executing StatusCodeResult, setting HTTP status code 204
2026-03-06 16:52:53.809 +05:30 [INF] Executed action BubbleApp.Api.Controllers.TodosController.PatchDone (BubbleApp.Api) in 24.8456ms
2026-03-06 16:52:53.811 +05:30 [INF] Executed endpoint 'BubbleApp.Api.Controllers.TodosController.PatchDone (BubbleApp.Api)'
2026-03-06 16:52:53.813 +05:30 [INF] HTTP PATCH /api/todos/db45750a-b8c0-4b06-85cf-c3d2fbf1a7b0 responded 204 in 37.6641 ms
2026-03-06 16:52:53.815 +05:30 [INF] Request finished HTTP/1.1 PATCH http://localhost:5013/api/todos/db45750a-b8c0-4b06-85cf-c3d2fbf1a7b0 - 204 null null 42.4686ms
2026-03-06 16:52:54.917 +05:30 [INF] Request starting HTTP/1.1 OPTIONS http://localhost:5013/api/todos/20a07e5f-e9bf-4fad-a578-35755104a61b - null null
2026-03-06 16:52:54.920 +05:30 [INF] CORS policy execution successful.
2026-03-06 16:52:54.921 +05:30 [INF] HTTP OPTIONS /api/todos/20a07e5f-e9bf-4fad-a578-35755104a61b responded 204 in 0.7341 ms
2026-03-06 16:52:54.923 +05:30 [INF] Request finished HTTP/1.1 OPTIONS http://localhost:5013/api/todos/20a07e5f-e9bf-4fad-a578-35755104a61b - 204 null null 5.2079ms
2026-03-06 16:52:54.926 +05:30 [INF] Request starting HTTP/1.1 PATCH http://localhost:5013/api/todos/20a07e5f-e9bf-4fad-a578-35755104a61b - application/json 100
2026-03-06 16:52:54.928 +05:30 [INF] CORS policy execution successful.
2026-03-06 16:52:54.929 +05:30 [INF] Executing endpoint 'BubbleApp.Api.Controllers.TodosController.PatchDone (BubbleApp.Api)'
2026-03-06 16:52:54.930 +05:30 [INF] Route matched with {action = "PatchDone", controller = "Todos"}. Executing controller action with signature System.Threading.Tasks.Task`1[Microsoft.AspNetCore.Mvc.IActionResult] PatchDone(System.String, PatchDoneDto, System.Threading.CancellationToken) on controller BubbleApp.Api.Controllers.TodosController (BubbleApp.Api).
2026-03-06 16:52:54.937 +05:30 [INF] Executing StatusCodeResult, setting HTTP status code 204
2026-03-06 16:52:54.938 +05:30 [INF] Executed action BubbleApp.Api.Controllers.TodosController.PatchDone (BubbleApp.Api) in 5.0584ms
2026-03-06 16:52:54.940 +05:30 [INF] Executed endpoint 'BubbleApp.Api.Controllers.TodosController.PatchDone (BubbleApp.Api)'
2026-03-06 16:52:54.940 +05:30 [INF] HTTP PATCH /api/todos/20a07e5f-e9bf-4fad-a578-35755104a61b responded 204 in 12.5713 ms
2026-03-06 16:52:54.942 +05:30 [INF] Request finished HTTP/1.1 PATCH http://localhost:5013/api/todos/20a07e5f-e9bf-4fad-a578-35755104a61b - 204 null null 16.2207ms
2026-03-06 16:52:55.855 +05:30 [INF] Request starting HTTP/1.1 PATCH http://localhost:5013/api/todos/db45750a-b8c0-4b06-85cf-c3d2fbf1a7b0 - application/json 100
2026-03-06 16:52:55.857 +05:30 [INF] CORS policy execution successful.
2026-03-06 16:52:55.858 +05:30 [INF] Executing endpoint 'BubbleApp.Api.Controllers.TodosController.PatchDone (BubbleApp.Api)'
2026-03-06 16:52:55.859 +05:30 [INF] Route matched with {action = "PatchDone", controller = "Todos"}. Executing controller action with signature System.Threading.Tasks.Task`1[Microsoft.AspNetCore.Mvc.IActionResult] PatchDone(System.String, PatchDoneDto, System.Threading.CancellationToken) on controller BubbleApp.Api.Controllers.TodosController (BubbleApp.Api).
2026-03-06 16:52:55.863 +05:30 [INF] Executing ObjectResult, writing value of type 'Microsoft.AspNetCore.Mvc.ProblemDetails'.
2026-03-06 16:52:55.887 +05:30 [INF] Executed action BubbleApp.Api.Controllers.TodosController.PatchDone (BubbleApp.Api) in 27.0148ms
2026-03-06 16:52:55.889 +05:30 [INF] Executed endpoint 'BubbleApp.Api.Controllers.TodosController.PatchDone (BubbleApp.Api)'
2026-03-06 16:52:55.890 +05:30 [INF] HTTP PATCH /api/todos/db45750a-b8c0-4b06-85cf-c3d2fbf1a7b0 responded 404 in 33.6238 ms
2026-03-06 16:52:55.893 +05:30 [INF] Request finished HTTP/1.1 PATCH http://localhost:5013/api/todos/db45750a-b8c0-4b06-85cf-c3d2fbf1a7b0 - 404 null application/problem+json; charset=utf-8 38.0659ms
2026-03-06 16:52:56.707 +05:30 [INF] Request starting HTTP/1.1 PATCH http://localhost:5013/api/todos/20a07e5f-e9bf-4fad-a578-35755104a61b - application/json 100
2026-03-06 16:52:56.709 +05:30 [INF] CORS policy execution successful.
2026-03-06 16:52:56.709 +05:30 [INF] Executing endpoint 'BubbleApp.Api.Controllers.TodosController.PatchDone (BubbleApp.Api)'
2026-03-06 16:52:56.710 +05:30 [INF] Route matched with {action = "PatchDone", controller = "Todos"}. Executing controller action with signature System.Threading.Tasks.Task`1[Microsoft.AspNetCore.Mvc.IActionResult] PatchDone(System.String, PatchDoneDto, System.Threading.CancellationToken) on controller BubbleApp.Api.Controllers.TodosController (BubbleApp.Api).
2026-03-06 16:52:56.715 +05:30 [INF] Executing ObjectResult, writing value of type 'Microsoft.AspNetCore.Mvc.ProblemDetails'.
2026-03-06 16:52:56.717 +05:30 [INF] Executed action BubbleApp.Api.Controllers.TodosController.PatchDone (BubbleApp.Api) in 4.7054ms
2026-03-06 16:52:56.719 +05:30 [INF] Executed endpoint 'BubbleApp.Api.Controllers.TodosController.PatchDone (BubbleApp.Api)'
2026-03-06 16:52:56.719 +05:30 [INF] HTTP PATCH /api/todos/20a07e5f-e9bf-4fad-a578-35755104a61b responded 404 in 10.7357 ms
2026-03-06 16:52:56.721 +05:30 [INF] Request finished HTTP/1.1 PATCH http://localhost:5013/api/todos/20a07e5f-e9bf-4fad-a578-35755104a61b - 404 null application/problem+json; charset=utf-8 14.6668ms
2026-03-06 16:53:11.651 +05:30 [INF] Request starting HTTP/1.1 GET http://localhost:5013/api/notes?workspace=sample&key=I3UPoNYawpezx-OhSr2hs0DppN8hwow7MpnppypPP-c&userId=28 - null null
2026-03-06 16:53:11.654 +05:30 [INF] CORS policy execution successful.
2026-03-06 16:53:11.655 +05:30 [INF] Executing endpoint 'BubbleApp.Api.Controllers.NotesController.Get (BubbleApp.Api)'
2026-03-06 16:53:11.657 +05:30 [INF] Route matched with {action = "Get", controller = "Notes"}. Executing controller action with signature System.Threading.Tasks.Task`1[Microsoft.AspNetCore.Mvc.IActionResult] Get(System.String, System.String, System.Threading.CancellationToken) on controller BubbleApp.Api.Controllers.NotesController (BubbleApp.Api).
2026-03-06 16:53:11.663 +05:30 [INF] Executing OkObjectResult, writing value of type 'System.Collections.Generic.List`1[[BubbleApp.Common.ViewModels.Notes.NoteDto, BubbleApp.Common, Version=1.0.0.0, Culture=neutral, PublicKeyToken=null]]'.
2026-03-06 16:53:11.665 +05:30 [INF] Executed action BubbleApp.Api.Controllers.NotesController.Get (BubbleApp.Api) in 4.1885ms
2026-03-06 16:53:11.667 +05:30 [INF] Executed endpoint 'BubbleApp.Api.Controllers.NotesController.Get (BubbleApp.Api)'
2026-03-06 16:53:11.669 +05:30 [INF] HTTP GET /api/notes responded 200 in 15.4700 ms
2026-03-06 16:53:11.673 +05:30 [INF] Request finished HTTP/1.1 GET http://localhost:5013/api/notes?workspace=sample&key=I3UPoNYawpezx-OhSr2hs0DppN8hwow7MpnppypPP-c&userId=28 - 200 null application/json; charset=utf-8 22.1487ms
2026-03-06 16:53:13.492 +05:30 [INF] Executing StatusCodeResult, setting HTTP status code 204
2026-03-06 16:53:13.499 +05:30 [INF] Executed action BubbleApp.Api.Controllers.WidgetConfigController.Long (BubbleApp.Api) in 25023.3247ms
2026-03-06 16:53:13.502 +05:30 [INF] Executed endpoint 'BubbleApp.Api.Controllers.WidgetConfigController.Long (BubbleApp.Api)'
2026-03-06 16:53:13.504 +05:30 [INF] HTTP GET /api/widget/config/long responded 204 in 25032.4307 ms
2026-03-06 16:53:13.507 +05:30 [INF] Request finished HTTP/1.1 GET http://localhost:5013/api/widget/config/long?workspace=sample&key=I3UPoNYawpezx-OhSr2hs0DppN8hwow7MpnppypPP-c&since=0 - 204 null null 25038.1744ms
2026-03-06 16:53:13.510 +05:30 [INF] Request starting HTTP/1.1 GET http://localhost:5013/api/widget/config/long?workspace=sample&key=I3UPoNYawpezx-OhSr2hs0DppN8hwow7MpnppypPP-c&since=0 - null null
2026-03-06 16:53:13.512 +05:30 [INF] CORS policy execution successful.
2026-03-06 16:53:13.513 +05:30 [INF] Executing endpoint 'BubbleApp.Api.Controllers.WidgetConfigController.Long (BubbleApp.Api)'
2026-03-06 16:53:13.514 +05:30 [INF] Route matched with {action = "Long", controller = "WidgetConfig"}. Executing controller action with signature System.Threading.Tasks.Task`1[Microsoft.AspNetCore.Mvc.IActionResult] Long(System.String, Int64, System.Threading.CancellationToken) on controller BubbleApp.Api.Controllers.WidgetConfigController (BubbleApp.Api).
2026-03-06 16:53:15.594 +05:30 [INF] Request starting HTTP/1.1 GET http://localhost:5013/api/notes?workspace=sample&key=I3UPoNYawpezx-OhSr2hs0DppN8hwow7MpnppypPP-c&userId=28 - null null
2026-03-06 16:53:15.615 +05:30 [INF] CORS policy execution successful.
2026-03-06 16:53:15.630 +05:30 [INF] Executing endpoint 'BubbleApp.Api.Controllers.NotesController.Get (BubbleApp.Api)'
2026-03-06 16:53:15.632 +05:30 [INF] Route matched with {action = "Get", controller = "Notes"}. Executing controller action with signature System.Threading.Tasks.Task`1[Microsoft.AspNetCore.Mvc.IActionResult] Get(System.String, System.String, System.Threading.CancellationToken) on controller BubbleApp.Api.Controllers.NotesController (BubbleApp.Api).
2026-03-06 16:53:15.652 +05:30 [INF] Executing OkObjectResult, writing value of type 'System.Collections.Generic.List`1[[BubbleApp.Common.ViewModels.Notes.NoteDto, BubbleApp.Common, Version=1.0.0.0, Culture=neutral, PublicKeyToken=null]]'.
2026-03-06 16:53:15.665 +05:30 [INF] Executed action BubbleApp.Api.Controllers.NotesController.Get (BubbleApp.Api) in 20.1723ms
2026-03-06 16:53:15.669 +05:30 [INF] Executed endpoint 'BubbleApp.Api.Controllers.NotesController.Get (BubbleApp.Api)'
2026-03-06 16:53:15.671 +05:30 [INF] HTTP GET /api/notes responded 200 in 56.1078 ms
2026-03-06 16:53:15.683 +05:30 [INF] Request finished HTTP/1.1 GET http://localhost:5013/api/notes?workspace=sample&key=I3UPoNYawpezx-OhSr2hs0DppN8hwow7MpnppypPP-c&userId=28 - 200 null application/json; charset=utf-8 88.5419ms
2026-03-06 16:53:16.683 +05:30 [INF] Executing StatusCodeResult, setting HTTP status code 204
2026-03-06 16:53:16.685 +05:30 [INF] Executed action BubbleApp.Api.Controllers.WidgetConfigController.Long (BubbleApp.Api) in 25004.7895ms
2026-03-06 16:53:16.686 +05:30 [INF] Executed endpoint 'BubbleApp.Api.Controllers.WidgetConfigController.Long (BubbleApp.Api)'
2026-03-06 16:53:16.688 +05:30 [INF] HTTP GET /api/widget/config/long responded 204 in 25012.5671 ms
2026-03-06 16:53:16.690 +05:30 [INF] Request finished HTTP/1.1 GET http://localhost:5013/api/widget/config/long?workspace=sample&key=I3UPoNYawpezx-OhSr2hs0DppN8hwow7MpnppypPP-c&since=639083889967655700 - 204 null null 25017.3048ms
2026-03-06 16:53:16.695 +05:30 [INF] Request starting HTTP/1.1 GET http://localhost:5013/api/widget/config/long?workspace=sample&key=I3UPoNYawpezx-OhSr2hs0DppN8hwow7MpnppypPP-c&since=639083889967655700 - null null
2026-03-06 16:53:16.698 +05:30 [INF] CORS policy execution successful.
2026-03-06 16:53:16.699 +05:30 [INF] Executing endpoint 'BubbleApp.Api.Controllers.WidgetConfigController.Long (BubbleApp.Api)'
2026-03-06 16:53:16.701 +05:30 [INF] Route matched with {action = "Long", controller = "WidgetConfig"}. Executing controller action with signature System.Threading.Tasks.Task`1[Microsoft.AspNetCore.Mvc.IActionResult] Long(System.String, Int64, System.Threading.CancellationToken) on controller BubbleApp.Api.Controllers.WidgetConfigController (BubbleApp.Api).
2026-03-06 16:53:19.394 +05:30 [INF] Request starting HTTP/1.1 OPTIONS http://localhost:5013/api/notes - null null
2026-03-06 16:53:19.397 +05:30 [INF] CORS policy execution successful.
2026-03-06 16:53:19.397 +05:30 [INF] HTTP OPTIONS /api/notes responded 204 in 0.8511 ms
2026-03-06 16:53:19.399 +05:30 [INF] Request finished HTTP/1.1 OPTIONS http://localhost:5013/api/notes - 204 null null 4.9092ms
2026-03-06 16:53:19.402 +05:30 [INF] Request starting HTTP/1.1 POST http://localhost:5013/api/notes - application/json 103
2026-03-06 16:53:19.404 +05:30 [INF] CORS policy execution successful.
2026-03-06 16:53:19.406 +05:30 [INF] Executing endpoint 'BubbleApp.Api.Controllers.NotesController.Create (BubbleApp.Api)'
2026-03-06 16:53:19.413 +05:30 [INF] Route matched with {action = "Create", controller = "Notes"}. Executing controller action with signature System.Threading.Tasks.Task`1[Microsoft.AspNetCore.Mvc.IActionResult] Create(AddNoteDto, System.Threading.CancellationToken) on controller BubbleApp.Api.Controllers.NotesController (BubbleApp.Api).
2026-03-06 16:53:19.424 +05:30 [INF] Executing OkObjectResult, writing value of type 'BubbleApp.Common.ViewModels.Notes.NoteDto'.
2026-03-06 16:53:19.426 +05:30 [INF] Executed action BubbleApp.Api.Controllers.NotesController.Create (BubbleApp.Api) in 10.7308ms
2026-03-06 16:53:19.428 +05:30 [INF] Executed endpoint 'BubbleApp.Api.Controllers.NotesController.Create (BubbleApp.Api)'
2026-03-06 16:53:19.429 +05:30 [INF] HTTP POST /api/notes responded 200 in 24.2917 ms
2026-03-06 16:53:19.430 +05:30 [INF] Request finished HTTP/1.1 POST http://localhost:5013/api/notes - 200 null application/json; charset=utf-8 28.3327ms
2026-03-06 16:53:19.434 +05:30 [INF] Request starting HTTP/1.1 GET http://localhost:5013/api/notes?workspace=sample&key=I3UPoNYawpezx-OhSr2hs0DppN8hwow7MpnppypPP-c&userId=28 - null null
2026-03-06 16:53:19.436 +05:30 [INF] CORS policy execution successful.
2026-03-06 16:53:19.437 +05:30 [INF] Executing endpoint 'BubbleApp.Api.Controllers.NotesController.Get (BubbleApp.Api)'
2026-03-06 16:53:19.438 +05:30 [INF] Route matched with {action = "Get", controller = "Notes"}. Executing controller action with signature System.Threading.Tasks.Task`1[Microsoft.AspNetCore.Mvc.IActionResult] Get(System.String, System.String, System.Threading.CancellationToken) on controller BubbleApp.Api.Controllers.NotesController (BubbleApp.Api).
2026-03-06 16:53:19.443 +05:30 [INF] Executing OkObjectResult, writing value of type 'System.Collections.Generic.List`1[[BubbleApp.Common.ViewModels.Notes.NoteDto, BubbleApp.Common, Version=1.0.0.0, Culture=neutral, PublicKeyToken=null]]'.
2026-03-06 16:53:19.444 +05:30 [INF] Executed action BubbleApp.Api.Controllers.NotesController.Get (BubbleApp.Api) in 4.4392ms
2026-03-06 16:53:19.446 +05:30 [INF] Executed endpoint 'BubbleApp.Api.Controllers.NotesController.Get (BubbleApp.Api)'
2026-03-06 16:53:19.447 +05:30 [INF] HTTP GET /api/notes responded 200 in 10.8739 ms
2026-03-06 16:53:19.448 +05:30 [INF] Request finished HTTP/1.1 GET http://localhost:5013/api/notes?workspace=sample&key=I3UPoNYawpezx-OhSr2hs0DppN8hwow7MpnppypPP-c&userId=28 - 200 null application/json; charset=utf-8 14.9412ms
2026-03-06 16:53:38.526 +05:30 [INF] Executing StatusCodeResult, setting HTTP status code 204
2026-03-06 16:53:38.527 +05:30 [INF] Executed action BubbleApp.Api.Controllers.WidgetConfigController.Long (BubbleApp.Api) in 25011.2078ms
2026-03-06 16:53:38.528 +05:30 [INF] Executed endpoint 'BubbleApp.Api.Controllers.WidgetConfigController.Long (BubbleApp.Api)'
2026-03-06 16:53:38.529 +05:30 [INF] HTTP GET /api/widget/config/long responded 204 in 25017.0010 ms
2026-03-06 16:53:38.532 +05:30 [INF] Request finished HTTP/1.1 GET http://localhost:5013/api/widget/config/long?workspace=sample&key=I3UPoNYawpezx-OhSr2hs0DppN8hwow7MpnppypPP-c&since=0 - 204 null null 25021.5529ms
2026-03-06 16:53:38.546 +05:30 [INF] Request starting HTTP/1.1 GET http://localhost:5013/api/widget/config/long?workspace=sample&key=I3UPoNYawpezx-OhSr2hs0DppN8hwow7MpnppypPP-c&since=0 - null null
2026-03-06 16:53:38.549 +05:30 [INF] CORS policy execution successful.
2026-03-06 16:53:38.550 +05:30 [INF] Executing endpoint 'BubbleApp.Api.Controllers.WidgetConfigController.Long (BubbleApp.Api)'
2026-03-06 16:53:38.552 +05:30 [INF] Route matched with {action = "Long", controller = "WidgetConfig"}. Executing controller action with signature System.Threading.Tasks.Task`1[Microsoft.AspNetCore.Mvc.IActionResult] Long(System.String, Int64, System.Threading.CancellationToken) on controller BubbleApp.Api.Controllers.WidgetConfigController (BubbleApp.Api).
2026-03-06 16:53:41.722 +05:30 [INF] Executing StatusCodeResult, setting HTTP status code 204
2026-03-06 16:53:41.724 +05:30 [INF] Executed action BubbleApp.Api.Controllers.WidgetConfigController.Long (BubbleApp.Api) in 25021.6014ms
2026-03-06 16:53:41.725 +05:30 [INF] Executed endpoint 'BubbleApp.Api.Controllers.WidgetConfigController.Long (BubbleApp.Api)'
2026-03-06 16:53:41.726 +05:30 [INF] HTTP GET /api/widget/config/long responded 204 in 25028.6992 ms
2026-03-06 16:53:41.728 +05:30 [INF] Request finished HTTP/1.1 GET http://localhost:5013/api/widget/config/long?workspace=sample&key=I3UPoNYawpezx-OhSr2hs0DppN8hwow7MpnppypPP-c&since=639083889967655700 - 204 null null 25033.4231ms
2026-03-06 16:53:41.734 +05:30 [INF] Request starting HTTP/1.1 GET http://localhost:5013/api/widget/config/long?workspace=sample&key=I3UPoNYawpezx-OhSr2hs0DppN8hwow7MpnppypPP-c&since=639083889967655700 - null null
2026-03-06 16:53:41.738 +05:30 [INF] CORS policy execution successful.
2026-03-06 16:53:41.739 +05:30 [INF] Executing endpoint 'BubbleApp.Api.Controllers.WidgetConfigController.Long (BubbleApp.Api)'
2026-03-06 16:53:41.740 +05:30 [INF] Route matched with {action = "Long", controller = "WidgetConfig"}. Executing controller action with signature System.Threading.Tasks.Task`1[Microsoft.AspNetCore.Mvc.IActionResult] Long(System.String, Int64, System.Threading.CancellationToken) on controller BubbleApp.Api.Controllers.WidgetConfigController (BubbleApp.Api).
2026-03-06 16:53:42.586 +05:30 [INF] Request starting HTTP/1.1 GET http://localhost:5013/api/reminders?workspace=sample&key=I3UPoNYawpezx-OhSr2hs0DppN8hwow7MpnppypPP-c&userId=28 - null null
2026-03-06 16:53:42.589 +05:30 [INF] CORS policy execution successful.
2026-03-06 16:53:42.591 +05:30 [INF] Executing endpoint 'BubbleApp.Api.Controllers.RemindersController.Get (BubbleApp.Api)'
2026-03-06 16:53:42.592 +05:30 [INF] Route matched with {action = "Get", controller = "Reminders"}. Executing controller action with signature System.Threading.Tasks.Task`1[Microsoft.AspNetCore.Mvc.IActionResult] Get(System.String, System.String, System.Threading.CancellationToken) on controller BubbleApp.Api.Controllers.RemindersController (BubbleApp.Api).
2026-03-06 16:53:42.598 +05:30 [INF] Executing OkObjectResult, writing value of type 'System.Collections.Generic.List`1[[BubbleApp.Common.ViewModels.Reminder.ReminderDto, BubbleApp.Common, Version=1.0.0.0, Culture=neutral, PublicKeyToken=null]]'.
2026-03-06 16:53:42.600 +05:30 [INF] Executed action BubbleApp.Api.Controllers.RemindersController.Get (BubbleApp.Api) in 5.3105ms
2026-03-06 16:53:42.603 +05:30 [INF] Executed endpoint 'BubbleApp.Api.Controllers.RemindersController.Get (BubbleApp.Api)'
2026-03-06 16:53:42.605 +05:30 [INF] HTTP GET /api/reminders responded 200 in 15.3537 ms
2026-03-06 16:53:42.608 +05:30 [INF] Request finished HTTP/1.1 GET http://localhost:5013/api/reminders?workspace=sample&key=I3UPoNYawpezx-OhSr2hs0DppN8hwow7MpnppypPP-c&userId=28 - 200 null application/json; charset=utf-8 21.3058ms
2026-03-06 16:53:47.290 +05:30 [INF] Request starting HTTP/1.1 GET http://localhost:5013/api/general?workspace=sample&key=I3UPoNYawpezx-OhSr2hs0DppN8hwow7MpnppypPP-c - null null
2026-03-06 16:53:47.293 +05:30 [INF] CORS policy execution successful.
2026-03-06 16:53:47.294 +05:30 [INF] Executing endpoint 'BubbleApp.Api.Controllers.GeneralController.Get (BubbleApp.Api)'
2026-03-06 16:53:47.296 +05:30 [INF] Route matched with {action = "Get", controller = "General"}. Executing controller action with signature System.Threading.Tasks.Task`1[Microsoft.AspNetCore.Mvc.IActionResult] Get(System.String, System.Threading.CancellationToken) on controller BubbleApp.Api.Controllers.GeneralController (BubbleApp.Api).
2026-03-06 16:53:47.301 +05:30 [INF] Executing OkObjectResult, writing value of type 'System.Collections.Generic.List`1[[BubbleApp.Common.ViewModels.General.GeneralMessageDto, BubbleApp.Common, Version=1.0.0.0, Culture=neutral, PublicKeyToken=null]]'.
2026-03-06 16:53:47.304 +05:30 [INF] Executed action BubbleApp.Api.Controllers.GeneralController.Get (BubbleApp.Api) in 5.9776ms
2026-03-06 16:53:47.306 +05:30 [INF] Executed endpoint 'BubbleApp.Api.Controllers.GeneralController.Get (BubbleApp.Api)'
2026-03-06 16:53:47.309 +05:30 [INF] HTTP GET /api/general responded 200 in 15.8792 ms
2026-03-06 16:53:47.312 +05:30 [INF] Request finished HTTP/1.1 GET http://localhost:5013/api/general?workspace=sample&key=I3UPoNYawpezx-OhSr2hs0DppN8hwow7MpnppypPP-c - 200 null application/json; charset=utf-8 22.4813ms
2026-03-06 16:53:48.583 +05:30 [INF] Request starting HTTP/1.1 GET http://localhost:5013/api/general?workspace=sample&key=I3UPoNYawpezx-OhSr2hs0DppN8hwow7MpnppypPP-c - null null
2026-03-06 16:53:48.587 +05:30 [INF] CORS policy execution successful.
2026-03-06 16:53:48.588 +05:30 [INF] Executing endpoint 'BubbleApp.Api.Controllers.GeneralController.Get (BubbleApp.Api)'
2026-03-06 16:53:48.589 +05:30 [INF] Route matched with {action = "Get", controller = "General"}. Executing controller action with signature System.Threading.Tasks.Task`1[Microsoft.AspNetCore.Mvc.IActionResult] Get(System.String, System.Threading.CancellationToken) on controller BubbleApp.Api.Controllers.GeneralController (BubbleApp.Api).
2026-03-06 16:53:48.593 +05:30 [INF] Executing OkObjectResult, writing value of type 'System.Collections.Generic.List`1[[BubbleApp.Common.ViewModels.General.GeneralMessageDto, BubbleApp.Common, Version=1.0.0.0, Culture=neutral, PublicKeyToken=null]]'.
2026-03-06 16:53:48.595 +05:30 [INF] Executed action BubbleApp.Api.Controllers.GeneralController.Get (BubbleApp.Api) in 3.1551ms
2026-03-06 16:53:48.596 +05:30 [INF] Executed endpoint 'BubbleApp.Api.Controllers.GeneralController.Get (BubbleApp.Api)'
2026-03-06 16:53:48.598 +05:30 [INF] HTTP GET /api/general responded 200 in 10.8617 ms
2026-03-06 16:53:48.600 +05:30 [INF] Request finished HTTP/1.1 GET http://localhost:5013/api/general?workspace=sample&key=I3UPoNYawpezx-OhSr2hs0DppN8hwow7MpnppypPP-c - 200 null application/json; charset=utf-8 16.6441ms
2026-03-06 16:53:51.218 +05:30 [INF] Request starting HTTP/1.1 OPTIONS http://localhost:5013/api/general - null null
2026-03-06 16:53:51.223 +05:30 [INF] CORS policy execution successful.
2026-03-06 16:53:51.224 +05:30 [INF] HTTP OPTIONS /api/general responded 204 in 0.9877 ms
2026-03-06 16:53:51.226 +05:30 [INF] Request finished HTTP/1.1 OPTIONS http://localhost:5013/api/general - 204 null null 7.9301ms
2026-03-06 16:53:51.230 +05:30 [INF] Request starting HTTP/1.1 POST http://localhost:5013/api/general - application/json 149
2026-03-06 16:53:51.234 +05:30 [INF] CORS policy execution successful.
2026-03-06 16:53:51.236 +05:30 [INF] Executing endpoint 'BubbleApp.Api.Controllers.GeneralController.Create (BubbleApp.Api)'
2026-03-06 16:53:51.244 +05:30 [INF] Route matched with {action = "Create", controller = "General"}. Executing controller action with signature System.Threading.Tasks.Task`1[Microsoft.AspNetCore.Mvc.IActionResult] Create(CreateGeneralDto, System.Threading.CancellationToken) on controller BubbleApp.Api.Controllers.GeneralController (BubbleApp.Api).
2026-03-06 16:53:51.259 +05:30 [INF] Executing OkObjectResult, writing value of type 'BubbleApp.Common.ViewModels.General.GeneralMessageDto'.
2026-03-06 16:53:51.263 +05:30 [INF] Executed action BubbleApp.Api.Controllers.GeneralController.Create (BubbleApp.Api) in 15.5995ms
2026-03-06 16:53:51.266 +05:30 [INF] Executed endpoint 'BubbleApp.Api.Controllers.GeneralController.Create (BubbleApp.Api)'
2026-03-06 16:53:51.267 +05:30 [INF] HTTP POST /api/general responded 200 in 33.0017 ms
2026-03-06 16:53:51.269 +05:30 [INF] Request finished HTTP/1.1 POST http://localhost:5013/api/general - 200 null application/json; charset=utf-8 39.6414ms
2026-03-06 16:53:51.275 +05:30 [INF] Request starting HTTP/1.1 GET http://localhost:5013/api/general?workspace=sample&key=I3UPoNYawpezx-OhSr2hs0DppN8hwow7MpnppypPP-c - null null
2026-03-06 16:53:51.278 +05:30 [INF] CORS policy execution successful.
2026-03-06 16:53:51.279 +05:30 [INF] Executing endpoint 'BubbleApp.Api.Controllers.GeneralController.Get (BubbleApp.Api)'
2026-03-06 16:53:51.281 +05:30 [INF] Route matched with {action = "Get", controller = "General"}. Executing controller action with signature System.Threading.Tasks.Task`1[Microsoft.AspNetCore.Mvc.IActionResult] Get(System.String, System.Threading.CancellationToken) on controller BubbleApp.Api.Controllers.GeneralController (BubbleApp.Api).
2026-03-06 16:53:51.286 +05:30 [INF] Executing OkObjectResult, writing value of type 'System.Collections.Generic.List`1[[BubbleApp.Common.ViewModels.General.GeneralMessageDto, BubbleApp.Common, Version=1.0.0.0, Culture=neutral, PublicKeyToken=null]]'.
2026-03-06 16:53:51.289 +05:30 [INF] Executed action BubbleApp.Api.Controllers.GeneralController.Get (BubbleApp.Api) in 5.8979ms
2026-03-06 16:53:51.293 +05:30 [INF] Executed endpoint 'BubbleApp.Api.Controllers.GeneralController.Get (BubbleApp.Api)'
2026-03-06 16:53:51.294 +05:30 [INF] HTTP GET /api/general responded 200 in 16.4139 ms
2026-03-06 16:53:51.297 +05:30 [INF] Request finished HTTP/1.1 GET http://localhost:5013/api/general?workspace=sample&key=I3UPoNYawpezx-OhSr2hs0DppN8hwow7MpnppypPP-c - 200 null application/json; charset=utf-8 22.1736ms
2026-03-06 16:53:54.587 +05:30 [INF] Request starting HTTP/1.1 GET http://localhost:5013/api/general?workspace=sample&key=I3UPoNYawpezx-OhSr2hs0DppN8hwow7MpnppypPP-c - null null
2026-03-06 16:53:54.591 +05:30 [INF] CORS policy execution successful.
2026-03-06 16:53:54.592 +05:30 [INF] Executing endpoint 'BubbleApp.Api.Controllers.GeneralController.Get (BubbleApp.Api)'
2026-03-06 16:53:54.593 +05:30 [INF] Route matched with {action = "Get", controller = "General"}. Executing controller action with signature System.Threading.Tasks.Task`1[Microsoft.AspNetCore.Mvc.IActionResult] Get(System.String, System.Threading.CancellationToken) on controller BubbleApp.Api.Controllers.GeneralController (BubbleApp.Api).
2026-03-06 16:53:54.598 +05:30 [INF] Executing OkObjectResult, writing value of type 'System.Collections.Generic.List`1[[BubbleApp.Common.ViewModels.General.GeneralMessageDto, BubbleApp.Common, Version=1.0.0.0, Culture=neutral, PublicKeyToken=null]]'.
2026-03-06 16:53:54.601 +05:30 [INF] Executed action BubbleApp.Api.Controllers.GeneralController.Get (BubbleApp.Api) in 6.0359ms
2026-03-06 16:53:54.604 +05:30 [INF] Executed endpoint 'BubbleApp.Api.Controllers.GeneralController.Get (BubbleApp.Api)'
2026-03-06 16:53:54.607 +05:30 [INF] HTTP GET /api/general responded 200 in 15.6957 ms
2026-03-06 16:53:54.610 +05:30 [INF] Request finished HTTP/1.1 GET http://localhost:5013/api/general?workspace=sample&key=I3UPoNYawpezx-OhSr2hs0DppN8hwow7MpnppypPP-c - 200 null application/json; charset=utf-8 22.2442ms
2026-03-06 16:53:55.932 +05:30 [INF] Request starting HTTP/1.1 GET http://localhost:5013/api/reminders?workspace=sample&key=I3UPoNYawpezx-OhSr2hs0DppN8hwow7MpnppypPP-c&userId=28 - null null
2026-03-06 16:53:55.935 +05:30 [INF] CORS policy execution successful.
2026-03-06 16:53:55.936 +05:30 [INF] Executing endpoint 'BubbleApp.Api.Controllers.RemindersController.Get (BubbleApp.Api)'
2026-03-06 16:53:55.938 +05:30 [INF] Route matched with {action = "Get", controller = "Reminders"}. Executing controller action with signature System.Threading.Tasks.Task`1[Microsoft.AspNetCore.Mvc.IActionResult] Get(System.String, System.String, System.Threading.CancellationToken) on controller BubbleApp.Api.Controllers.RemindersController (BubbleApp.Api).
2026-03-06 16:53:55.943 +05:30 [INF] Executing OkObjectResult, writing value of type 'System.Collections.Generic.List`1[[BubbleApp.Common.ViewModels.Reminder.ReminderDto, BubbleApp.Common, Version=1.0.0.0, Culture=neutral, PublicKeyToken=null]]'.
2026-03-06 16:53:55.945 +05:30 [INF] Executed action BubbleApp.Api.Controllers.RemindersController.Get (BubbleApp.Api) in 4.8843ms
2026-03-06 16:53:55.948 +05:30 [INF] Executed endpoint 'BubbleApp.Api.Controllers.RemindersController.Get (BubbleApp.Api)'
2026-03-06 16:53:55.949 +05:30 [INF] HTTP GET /api/reminders responded 200 in 14.1576 ms
2026-03-06 16:53:55.952 +05:30 [INF] Request finished HTTP/1.1 GET http://localhost:5013/api/reminders?workspace=sample&key=I3UPoNYawpezx-OhSr2hs0DppN8hwow7MpnppypPP-c&userId=28 - 200 null application/json; charset=utf-8 20.2042ms
2026-03-06 16:54:03.564 +05:30 [INF] Executing StatusCodeResult, setting HTTP status code 204
2026-03-06 16:54:03.569 +05:30 [INF] Executed action BubbleApp.Api.Controllers.WidgetConfigController.Long (BubbleApp.Api) in 25015.2136ms
2026-03-06 16:54:03.570 +05:30 [INF] Executed endpoint 'BubbleApp.Api.Controllers.WidgetConfigController.Long (BubbleApp.Api)'
2026-03-06 16:54:03.571 +05:30 [INF] HTTP GET /api/widget/config/long responded 204 in 25022.3871 ms
2026-03-06 16:54:03.573 +05:30 [INF] Request finished HTTP/1.1 GET http://localhost:5013/api/widget/config/long?workspace=sample&key=I3UPoNYawpezx-OhSr2hs0DppN8hwow7MpnppypPP-c&since=0 - 204 null null 25027.5033ms
2026-03-06 16:54:03.579 +05:30 [INF] Request starting HTTP/1.1 GET http://localhost:5013/api/widget/config/long?workspace=sample&key=I3UPoNYawpezx-OhSr2hs0DppN8hwow7MpnppypPP-c&since=0 - null null
2026-03-06 16:54:03.584 +05:30 [INF] CORS policy execution successful.
2026-03-06 16:54:03.586 +05:30 [INF] Executing endpoint 'BubbleApp.Api.Controllers.WidgetConfigController.Long (BubbleApp.Api)'
2026-03-06 16:54:03.587 +05:30 [INF] Route matched with {action = "Long", controller = "WidgetConfig"}. Executing controller action with signature System.Threading.Tasks.Task`1[Microsoft.AspNetCore.Mvc.IActionResult] Long(System.String, Int64, System.Threading.CancellationToken) on controller BubbleApp.Api.Controllers.WidgetConfigController (BubbleApp.Api).
2026-03-06 16:54:06.755 +05:30 [INF] Executing StatusCodeResult, setting HTTP status code 204
2026-03-06 16:54:06.757 +05:30 [INF] Executed action BubbleApp.Api.Controllers.WidgetConfigController.Long (BubbleApp.Api) in 25014.9658ms
2026-03-06 16:54:06.758 +05:30 [INF] Executed endpoint 'BubbleApp.Api.Controllers.WidgetConfigController.Long (BubbleApp.Api)'
2026-03-06 16:54:06.759 +05:30 [INF] HTTP GET /api/widget/config/long responded 204 in 25021.5435 ms
2026-03-06 16:54:06.761 +05:30 [INF] Request finished HTTP/1.1 GET http://localhost:5013/api/widget/config/long?workspace=sample&key=I3UPoNYawpezx-OhSr2hs0DppN8hwow7MpnppypPP-c&since=639083889967655700 - 204 null null 25027.1617ms
2026-03-06 16:54:06.765 +05:30 [INF] Request starting HTTP/1.1 GET http://localhost:5013/api/widget/config/long?workspace=sample&key=I3UPoNYawpezx-OhSr2hs0DppN8hwow7MpnppypPP-c&since=639083889967655700 - null null
2026-03-06 16:54:06.768 +05:30 [INF] CORS policy execution successful.
2026-03-06 16:54:06.769 +05:30 [INF] Executing endpoint 'BubbleApp.Api.Controllers.WidgetConfigController.Long (BubbleApp.Api)'
2026-03-06 16:54:06.771 +05:30 [INF] Route matched with {action = "Long", controller = "WidgetConfig"}. Executing controller action with signature System.Threading.Tasks.Task`1[Microsoft.AspNetCore.Mvc.IActionResult] Long(System.String, Int64, System.Threading.CancellationToken) on controller BubbleApp.Api.Controllers.WidgetConfigController (BubbleApp.Api).
2026-03-06 16:54:18.923 +05:30 [INF] Request starting HTTP/1.1 OPTIONS http://localhost:5013/api/reminders - null null
2026-03-06 16:54:18.926 +05:30 [INF] CORS policy execution successful.
2026-03-06 16:54:18.926 +05:30 [INF] HTTP OPTIONS /api/reminders responded 204 in 0.8216 ms
2026-03-06 16:54:18.928 +05:30 [INF] Request finished HTTP/1.1 OPTIONS http://localhost:5013/api/reminders - 204 null null 5.5106ms
2026-03-06 16:54:18.932 +05:30 [INF] Request starting HTTP/1.1 POST http://localhost:5013/api/reminders - application/json 147
2026-03-06 16:54:18.935 +05:30 [INF] CORS policy execution successful.
2026-03-06 16:54:18.937 +05:30 [INF] Executing endpoint 'BubbleApp.Api.Controllers.RemindersController.Create (BubbleApp.Api)'
2026-03-06 16:54:18.942 +05:30 [INF] Route matched with {action = "Create", controller = "Reminders"}. Executing controller action with signature System.Threading.Tasks.Task`1[Microsoft.AspNetCore.Mvc.IActionResult] Create(CreateReminderDto, System.Threading.CancellationToken) on controller BubbleApp.Api.Controllers.RemindersController (BubbleApp.Api).
2026-03-06 16:54:18.961 +05:30 [INF] Executing OkObjectResult, writing value of type 'BubbleApp.Common.ViewModels.Reminder.ReminderDto'.
2026-03-06 16:54:18.964 +05:30 [INF] Executed action BubbleApp.Api.Controllers.RemindersController.Create (BubbleApp.Api) in 19.1701ms
2026-03-06 16:54:18.966 +05:30 [INF] Executed endpoint 'BubbleApp.Api.Controllers.RemindersController.Create (BubbleApp.Api)'
2026-03-06 16:54:18.968 +05:30 [INF] HTTP POST /api/reminders responded 200 in 33.0795 ms
2026-03-06 16:54:18.971 +05:30 [INF] Request finished HTTP/1.1 POST http://localhost:5013/api/reminders - 200 null application/json; charset=utf-8 38.5599ms
2026-03-06 16:54:18.976 +05:30 [INF] Request starting HTTP/1.1 GET http://localhost:5013/api/reminders?workspace=sample&key=I3UPoNYawpezx-OhSr2hs0DppN8hwow7MpnppypPP-c&userId=28 - null null
2026-03-06 16:54:18.979 +05:30 [INF] CORS policy execution successful.
2026-03-06 16:54:18.981 +05:30 [INF] Executing endpoint 'BubbleApp.Api.Controllers.RemindersController.Get (BubbleApp.Api)'
2026-03-06 16:54:18.983 +05:30 [INF] Route matched with {action = "Get", controller = "Reminders"}. Executing controller action with signature System.Threading.Tasks.Task`1[Microsoft.AspNetCore.Mvc.IActionResult] Get(System.String, System.String, System.Threading.CancellationToken) on controller BubbleApp.Api.Controllers.RemindersController (BubbleApp.Api).
2026-03-06 16:54:18.989 +05:30 [INF] Executing OkObjectResult, writing value of type 'System.Collections.Generic.List`1[[BubbleApp.Common.ViewModels.Reminder.ReminderDto, BubbleApp.Common, Version=1.0.0.0, Culture=neutral, PublicKeyToken=null]]'.
2026-03-06 16:54:18.991 +05:30 [INF] Executed action BubbleApp.Api.Controllers.RemindersController.Get (BubbleApp.Api) in 5.0633ms
2026-03-06 16:54:18.999 +05:30 [INF] Executed endpoint 'BubbleApp.Api.Controllers.RemindersController.Get (BubbleApp.Api)'
2026-03-06 16:54:18.997 +05:30 [INF] Request starting HTTP/1.1 GET http://localhost:5013/api/reminders?workspace=sample&key=I3UPoNYawpezx-OhSr2hs0DppN8hwow7MpnppypPP-c&userId=28 - null null
2026-03-06 16:54:19.002 +05:30 [INF] HTTP GET /api/reminders responded 200 in 23.5678 ms
2026-03-06 16:54:19.018 +05:30 [INF] CORS policy execution successful.
2026-03-06 16:54:19.025 +05:30 [INF] Request finished HTTP/1.1 GET http://localhost:5013/api/reminders?workspace=sample&key=I3UPoNYawpezx-OhSr2hs0DppN8hwow7MpnppypPP-c&userId=28 - 200 null application/json; charset=utf-8 48.9587ms
2026-03-06 16:54:19.026 +05:30 [INF] Executing endpoint 'BubbleApp.Api.Controllers.RemindersController.Get (BubbleApp.Api)'
2026-03-06 16:54:19.033 +05:30 [INF] Route matched with {action = "Get", controller = "Reminders"}. Executing controller action with signature System.Threading.Tasks.Task`1[Microsoft.AspNetCore.Mvc.IActionResult] Get(System.String, System.String, System.Threading.CancellationToken) on controller BubbleApp.Api.Controllers.RemindersController (BubbleApp.Api).
2026-03-06 16:54:19.038 +05:30 [INF] Executing OkObjectResult, writing value of type 'System.Collections.Generic.List`1[[BubbleApp.Common.ViewModels.Reminder.ReminderDto, BubbleApp.Common, Version=1.0.0.0, Culture=neutral, PublicKeyToken=null]]'.
2026-03-06 16:54:19.040 +05:30 [INF] Executed action BubbleApp.Api.Controllers.RemindersController.Get (BubbleApp.Api) in 4.345ms
2026-03-06 16:54:19.042 +05:30 [INF] Executed endpoint 'BubbleApp.Api.Controllers.RemindersController.Get (BubbleApp.Api)'
2026-03-06 16:54:19.043 +05:30 [INF] HTTP GET /api/reminders responded 200 in 25.6906 ms
2026-03-06 16:54:19.046 +05:30 [INF] Request finished HTTP/1.1 GET http://localhost:5013/api/reminders?workspace=sample&key=I3UPoNYawpezx-OhSr2hs0DppN8hwow7MpnppypPP-c&userId=28 - 200 null application/json; charset=utf-8 49.3033ms
2026-03-06 16:54:28.597 +05:30 [INF] Executing StatusCodeResult, setting HTTP status code 204
2026-03-06 16:54:28.600 +05:30 [INF] Executed action BubbleApp.Api.Controllers.WidgetConfigController.Long (BubbleApp.Api) in 25011.7167ms
2026-03-06 16:54:28.602 +05:30 [INF] Executed endpoint 'BubbleApp.Api.Controllers.WidgetConfigController.Long (BubbleApp.Api)'
2026-03-06 16:54:28.603 +05:30 [INF] HTTP GET /api/widget/config/long responded 204 in 25018.1083 ms
2026-03-06 16:54:28.605 +05:30 [INF] Request finished HTTP/1.1 GET http://localhost:5013/api/widget/config/long?workspace=sample&key=I3UPoNYawpezx-OhSr2hs0DppN8hwow7MpnppypPP-c&since=0 - 204 null null 25026.2641ms
2026-03-06 16:54:28.612 +05:30 [INF] Request starting HTTP/1.1 GET http://localhost:5013/api/widget/config/long?workspace=sample&key=I3UPoNYawpezx-OhSr2hs0DppN8hwow7MpnppypPP-c&since=0 - null null
2026-03-06 16:54:28.616 +05:30 [INF] CORS policy execution successful.
2026-03-06 16:54:28.618 +05:30 [INF] Executing endpoint 'BubbleApp.Api.Controllers.WidgetConfigController.Long (BubbleApp.Api)'
2026-03-06 16:54:28.620 +05:30 [INF] Route matched with {action = "Long", controller = "WidgetConfig"}. Executing controller action with signature System.Threading.Tasks.Task`1[Microsoft.AspNetCore.Mvc.IActionResult] Long(System.String, Int64, System.Threading.CancellationToken) on controller BubbleApp.Api.Controllers.WidgetConfigController (BubbleApp.Api).
2026-03-06 16:54:31.786 +05:30 [INF] Executing StatusCodeResult, setting HTTP status code 204
2026-03-06 16:54:31.791 +05:30 [INF] Executed action BubbleApp.Api.Controllers.WidgetConfigController.Long (BubbleApp.Api) in 25017.9087ms
2026-03-06 16:54:31.792 +05:30 [INF] Executed endpoint 'BubbleApp.Api.Controllers.WidgetConfigController.Long (BubbleApp.Api)'
2026-03-06 16:54:31.793 +05:30 [INF] HTTP GET /api/widget/config/long responded 204 in 25024.3690 ms
2026-03-06 16:54:31.795 +05:30 [INF] Request finished HTTP/1.1 GET http://localhost:5013/api/widget/config/long?workspace=sample&key=I3UPoNYawpezx-OhSr2hs0DppN8hwow7MpnppypPP-c&since=639083889967655700 - 204 null null 25029.4535ms
2026-03-06 16:54:31.798 +05:30 [INF] Request starting HTTP/1.1 GET http://localhost:5013/api/widget/config/long?workspace=sample&key=I3UPoNYawpezx-OhSr2hs0DppN8hwow7MpnppypPP-c&since=639083889967655700 - null null
2026-03-06 16:54:31.804 +05:30 [INF] CORS policy execution successful.
2026-03-06 16:54:31.805 +05:30 [INF] Executing endpoint 'BubbleApp.Api.Controllers.WidgetConfigController.Long (BubbleApp.Api)'
2026-03-06 16:54:31.806 +05:30 [INF] Route matched with {action = "Long", controller = "WidgetConfig"}. Executing controller action with signature System.Threading.Tasks.Task`1[Microsoft.AspNetCore.Mvc.IActionResult] Long(System.String, Int64, System.Threading.CancellationToken) on controller BubbleApp.Api.Controllers.WidgetConfigController (BubbleApp.Api).
2026-03-06 16:54:42.590 +05:30 [INF] Request starting HTTP/1.1 GET http://localhost:5013/api/reminders?workspace=sample&key=I3UPoNYawpezx-OhSr2hs0DppN8hwow7MpnppypPP-c&userId=28 - null null
2026-03-06 16:54:42.595 +05:30 [INF] CORS policy execution successful.
2026-03-06 16:54:42.596 +05:30 [INF] Executing endpoint 'BubbleApp.Api.Controllers.RemindersController.Get (BubbleApp.Api)'
2026-03-06 16:54:42.597 +05:30 [INF] Route matched with {action = "Get", controller = "Reminders"}. Executing controller action with signature System.Threading.Tasks.Task`1[Microsoft.AspNetCore.Mvc.IActionResult] Get(System.String, System.String, System.Threading.CancellationToken) on controller BubbleApp.Api.Controllers.RemindersController (BubbleApp.Api).
2026-03-06 16:54:42.603 +05:30 [INF] Executing OkObjectResult, writing value of type 'System.Collections.Generic.List`1[[BubbleApp.Common.ViewModels.Reminder.ReminderDto, BubbleApp.Common, Version=1.0.0.0, Culture=neutral, PublicKeyToken=null]]'.
2026-03-06 16:54:42.606 +05:30 [INF] Executed action BubbleApp.Api.Controllers.RemindersController.Get (BubbleApp.Api) in 6.5028ms
2026-03-06 16:54:42.610 +05:30 [INF] Executed endpoint 'BubbleApp.Api.Controllers.RemindersController.Get (BubbleApp.Api)'
2026-03-06 16:54:42.612 +05:30 [INF] HTTP GET /api/reminders responded 200 in 17.6750 ms
2026-03-06 16:54:42.616 +05:30 [INF] Request finished HTTP/1.1 GET http://localhost:5013/api/reminders?workspace=sample&key=I3UPoNYawpezx-OhSr2hs0DppN8hwow7MpnppypPP-c&userId=28 - 200 null application/json; charset=utf-8 26.143ms
2026-03-06 16:54:53.637 +05:30 [INF] Executing StatusCodeResult, setting HTTP status code 204
2026-03-06 16:54:53.639 +05:30 [INF] Executed action BubbleApp.Api.Controllers.WidgetConfigController.Long (BubbleApp.Api) in 25017.106ms
2026-03-06 16:54:53.640 +05:30 [INF] Executed endpoint 'BubbleApp.Api.Controllers.WidgetConfigController.Long (BubbleApp.Api)'
2026-03-06 16:54:53.641 +05:30 [INF] HTTP GET /api/widget/config/long responded 204 in 25024.8373 ms
2026-03-06 16:54:53.643 +05:30 [INF] Request finished HTTP/1.1 GET http://localhost:5013/api/widget/config/long?workspace=sample&key=I3UPoNYawpezx-OhSr2hs0DppN8hwow7MpnppypPP-c&since=0 - 204 null null 25031.132ms
2026-03-06 16:54:53.647 +05:30 [INF] Request starting HTTP/1.1 GET http://localhost:5013/api/widget/config/long?workspace=sample&key=I3UPoNYawpezx-OhSr2hs0DppN8hwow7MpnppypPP-c&since=0 - null null
2026-03-06 16:54:53.649 +05:30 [INF] CORS policy execution successful.
2026-03-06 16:54:53.650 +05:30 [INF] Executing endpoint 'BubbleApp.Api.Controllers.WidgetConfigController.Long (BubbleApp.Api)'
2026-03-06 16:54:53.651 +05:30 [INF] Route matched with {action = "Long", controller = "WidgetConfig"}. Executing controller action with signature System.Threading.Tasks.Task`1[Microsoft.AspNetCore.Mvc.IActionResult] Long(System.String, Int64, System.Threading.CancellationToken) on controller BubbleApp.Api.Controllers.WidgetConfigController (BubbleApp.Api).
2026-03-06 16:54:56.824 +05:30 [INF] Executing StatusCodeResult, setting HTTP status code 204
2026-03-06 16:54:56.826 +05:30 [INF] Executed action BubbleApp.Api.Controllers.WidgetConfigController.Long (BubbleApp.Api) in 25018.6197ms
2026-03-06 16:54:56.828 +05:30 [INF] Executed endpoint 'BubbleApp.Api.Controllers.WidgetConfigController.Long (BubbleApp.Api)'
2026-03-06 16:54:56.829 +05:30 [INF] HTTP GET /api/widget/config/long responded 204 in 25025.1907 ms
2026-03-06 16:54:56.831 +05:30 [INF] Request finished HTTP/1.1 GET http://localhost:5013/api/widget/config/long?workspace=sample&key=I3UPoNYawpezx-OhSr2hs0DppN8hwow7MpnppypPP-c&since=639083889967655700 - 204 null null 25032.6449ms
2026-03-06 16:54:56.835 +05:30 [INF] Request starting HTTP/1.1 GET http://localhost:5013/api/widget/config/long?workspace=sample&key=I3UPoNYawpezx-OhSr2hs0DppN8hwow7MpnppypPP-c&since=639083889967655700 - null null
2026-03-06 16:54:56.838 +05:30 [INF] CORS policy execution successful.
2026-03-06 16:54:56.840 +05:30 [INF] Executing endpoint 'BubbleApp.Api.Controllers.WidgetConfigController.Long (BubbleApp.Api)'
2026-03-06 16:54:56.841 +05:30 [INF] Route matched with {action = "Long", controller = "WidgetConfig"}. Executing controller action with signature System.Threading.Tasks.Task`1[Microsoft.AspNetCore.Mvc.IActionResult] Long(System.String, Int64, System.Threading.CancellationToken) on controller BubbleApp.Api.Controllers.WidgetConfigController (BubbleApp.Api).
2026-03-06 16:55:04.516 +05:30 [INF] Request starting HTTP/1.1 GET http://localhost:5013/api/reminders?workspace=sample&key=I3UPoNYawpezx-OhSr2hs0DppN8hwow7MpnppypPP-c&userId=28 - null null
2026-03-06 16:55:04.519 +05:30 [INF] CORS policy execution successful.
2026-03-06 16:55:04.520 +05:30 [INF] Executing endpoint 'BubbleApp.Api.Controllers.RemindersController.Get (BubbleApp.Api)'
2026-03-06 16:55:04.522 +05:30 [INF] Route matched with {action = "Get", controller = "Reminders"}. Executing controller action with signature System.Threading.Tasks.Task`1[Microsoft.AspNetCore.Mvc.IActionResult] Get(System.String, System.String, System.Threading.CancellationToken) on controller BubbleApp.Api.Controllers.RemindersController (BubbleApp.Api).
2026-03-06 16:55:04.530 +05:30 [INF] Executing OkObjectResult, writing value of type 'System.Collections.Generic.List`1[[BubbleApp.Common.ViewModels.Reminder.ReminderDto, BubbleApp.Common, Version=1.0.0.0, Culture=neutral, PublicKeyToken=null]]'.
2026-03-06 16:55:04.534 +05:30 [INF] Executed action BubbleApp.Api.Controllers.RemindersController.Get (BubbleApp.Api) in 9.5712ms
2026-03-06 16:55:04.538 +05:30 [INF] Executed endpoint 'BubbleApp.Api.Controllers.RemindersController.Get (BubbleApp.Api)'
2026-03-06 16:55:04.540 +05:30 [INF] HTTP GET /api/reminders responded 200 in 20.5066 ms
2026-03-06 16:55:04.544 +05:30 [INF] Request finished HTTP/1.1 GET http://localhost:5013/api/reminders?workspace=sample&key=I3UPoNYawpezx-OhSr2hs0DppN8hwow7MpnppypPP-c&userId=28 - 200 null application/json; charset=utf-8 28.213ms
2026-03-06 16:55:13.682 +05:30 [INF] Request starting HTTP/1.1 GET http://localhost:5013/api/todos?workspace=sample&key=I3UPoNYawpezx-OhSr2hs0DppN8hwow7MpnppypPP-c&userId=28 - null null
2026-03-06 16:55:13.699 +05:30 [INF] CORS policy execution successful.
2026-03-06 16:55:13.711 +05:30 [INF] Executing endpoint 'BubbleApp.Api.Controllers.TodosController.Get (BubbleApp.Api)'
2026-03-06 16:55:13.713 +05:30 [INF] Route matched with {action = "Get", controller = "Todos"}. Executing controller action with signature System.Threading.Tasks.Task`1[Microsoft.AspNetCore.Mvc.IActionResult] Get(System.String, System.String, System.Threading.CancellationToken) on controller BubbleApp.Api.Controllers.TodosController (BubbleApp.Api).
2026-03-06 16:55:13.725 +05:30 [INF] Executing OkObjectResult, writing value of type 'System.Collections.Generic.List`1[[BubbleApp.Common.ViewModels.Todo.TodoDto, BubbleApp.Common, Version=1.0.0.0, Culture=neutral, PublicKeyToken=null]]'.
2026-03-06 16:55:13.728 +05:30 [INF] Executed action BubbleApp.Api.Controllers.TodosController.Get (BubbleApp.Api) in 10.0011ms
2026-03-06 16:55:13.730 +05:30 [INF] Executed endpoint 'BubbleApp.Api.Controllers.TodosController.Get (BubbleApp.Api)'
2026-03-06 16:55:13.733 +05:30 [INF] HTTP GET /api/todos responded 200 in 33.8952 ms
2026-03-06 16:55:13.739 +05:30 [INF] Request finished HTTP/1.1 GET http://localhost:5013/api/todos?workspace=sample&key=I3UPoNYawpezx-OhSr2hs0DppN8hwow7MpnppypPP-c&userId=28 - 200 null application/json; charset=utf-8 56.8201ms
2026-03-06 16:55:16.283 +05:30 [INF] Request starting HTTP/1.1 OPTIONS http://localhost:5013/api/todos/db45750a-b8c0-4b06-85cf-c3d2fbf1a7b0 - null null
2026-03-06 16:55:16.287 +05:30 [INF] CORS policy execution successful.
2026-03-06 16:55:16.288 +05:30 [INF] HTTP OPTIONS /api/todos/db45750a-b8c0-4b06-85cf-c3d2fbf1a7b0 responded 204 in 1.2612 ms
2026-03-06 16:55:16.291 +05:30 [INF] Request finished HTTP/1.1 OPTIONS http://localhost:5013/api/todos/db45750a-b8c0-4b06-85cf-c3d2fbf1a7b0 - 204 null null 7.3482ms
2026-03-06 16:55:16.295 +05:30 [INF] Request starting HTTP/1.1 PATCH http://localhost:5013/api/todos/db45750a-b8c0-4b06-85cf-c3d2fbf1a7b0 - application/json 101
2026-03-06 16:55:16.300 +05:30 [INF] CORS policy execution successful.
2026-03-06 16:55:16.301 +05:30 [INF] Executing endpoint 'BubbleApp.Api.Controllers.TodosController.PatchDone (BubbleApp.Api)'
2026-03-06 16:55:16.303 +05:30 [INF] Route matched with {action = "PatchDone", controller = "Todos"}. Executing controller action with signature System.Threading.Tasks.Task`1[Microsoft.AspNetCore.Mvc.IActionResult] PatchDone(System.String, PatchDoneDto, System.Threading.CancellationToken) on controller BubbleApp.Api.Controllers.TodosController (BubbleApp.Api).
2026-03-06 16:55:16.311 +05:30 [INF] Executing StatusCodeResult, setting HTTP status code 204
2026-03-06 16:55:16.312 +05:30 [INF] Executed action BubbleApp.Api.Controllers.TodosController.PatchDone (BubbleApp.Api) in 6.0485ms
2026-03-06 16:55:16.314 +05:30 [INF] Executed endpoint 'BubbleApp.Api.Controllers.TodosController.PatchDone (BubbleApp.Api)'
2026-03-06 16:55:16.315 +05:30 [INF] HTTP PATCH /api/todos/db45750a-b8c0-4b06-85cf-c3d2fbf1a7b0 responded 204 in 15.7812 ms
2026-03-06 16:55:16.317 +05:30 [INF] Request finished HTTP/1.1 PATCH http://localhost:5013/api/todos/db45750a-b8c0-4b06-85cf-c3d2fbf1a7b0 - 204 null null 22.2406ms
2026-03-06 16:55:17.904 +05:30 [INF] Request starting HTTP/1.1 OPTIONS http://localhost:5013/api/todos/20a07e5f-e9bf-4fad-a578-35755104a61b - null null
2026-03-06 16:55:17.907 +05:30 [INF] CORS policy execution successful.
2026-03-06 16:55:17.908 +05:30 [INF] HTTP OPTIONS /api/todos/20a07e5f-e9bf-4fad-a578-35755104a61b responded 204 in 0.7865 ms
2026-03-06 16:55:17.909 +05:30 [INF] Request finished HTTP/1.1 OPTIONS http://localhost:5013/api/todos/20a07e5f-e9bf-4fad-a578-35755104a61b - 204 null null 5.3372ms
2026-03-06 16:55:17.914 +05:30 [INF] Request starting HTTP/1.1 PATCH http://localhost:5013/api/todos/20a07e5f-e9bf-4fad-a578-35755104a61b - application/json 101
2026-03-06 16:55:17.917 +05:30 [INF] CORS policy execution successful.
2026-03-06 16:55:17.919 +05:30 [INF] Executing endpoint 'BubbleApp.Api.Controllers.TodosController.PatchDone (BubbleApp.Api)'
2026-03-06 16:55:17.920 +05:30 [INF] Route matched with {action = "PatchDone", controller = "Todos"}. Executing controller action with signature System.Threading.Tasks.Task`1[Microsoft.AspNetCore.Mvc.IActionResult] PatchDone(System.String, PatchDoneDto, System.Threading.CancellationToken) on controller BubbleApp.Api.Controllers.TodosController (BubbleApp.Api).
2026-03-06 16:55:17.927 +05:30 [INF] Executing StatusCodeResult, setting HTTP status code 204
2026-03-06 16:55:17.929 +05:30 [INF] Executed action BubbleApp.Api.Controllers.TodosController.PatchDone (BubbleApp.Api) in 6.6268ms
2026-03-06 16:55:17.931 +05:30 [INF] Executed endpoint 'BubbleApp.Api.Controllers.TodosController.PatchDone (BubbleApp.Api)'
2026-03-06 16:55:17.932 +05:30 [INF] HTTP PATCH /api/todos/20a07e5f-e9bf-4fad-a578-35755104a61b responded 204 in 14.4897 ms
2026-03-06 16:55:17.934 +05:30 [INF] Request finished HTTP/1.1 PATCH http://localhost:5013/api/todos/20a07e5f-e9bf-4fad-a578-35755104a61b - 204 null null 20.3335ms
2026-03-06 16:55:18.659 +05:30 [INF] Executing StatusCodeResult, setting HTTP status code 204
2026-03-06 16:55:18.661 +05:30 [INF] Executed action BubbleApp.Api.Controllers.WidgetConfigController.Long (BubbleApp.Api) in 25007.3895ms
2026-03-06 16:55:18.663 +05:30 [INF] Executed endpoint 'BubbleApp.Api.Controllers.WidgetConfigController.Long (BubbleApp.Api)'
2026-03-06 16:55:18.664 +05:30 [INF] HTTP GET /api/widget/config/long responded 204 in 25014.8219 ms
2026-03-06 16:55:18.666 +05:30 [INF] Request finished HTTP/1.1 GET http://localhost:5013/api/widget/config/long?workspace=sample&key=I3UPoNYawpezx-OhSr2hs0DppN8hwow7MpnppypPP-c&since=0 - 204 null null 25019.1476ms
2026-03-06 16:55:18.670 +05:30 [INF] Request starting HTTP/1.1 GET http://localhost:5013/api/widget/config/long?workspace=sample&key=I3UPoNYawpezx-OhSr2hs0DppN8hwow7MpnppypPP-c&since=0 - null null
2026-03-06 16:55:18.672 +05:30 [INF] CORS policy execution successful.
2026-03-06 16:55:18.673 +05:30 [INF] Executing endpoint 'BubbleApp.Api.Controllers.WidgetConfigController.Long (BubbleApp.Api)'
2026-03-06 16:55:18.675 +05:30 [INF] Route matched with {action = "Long", controller = "WidgetConfig"}. Executing controller action with signature System.Threading.Tasks.Task`1[Microsoft.AspNetCore.Mvc.IActionResult] Long(System.String, Int64, System.Threading.CancellationToken) on controller BubbleApp.Api.Controllers.WidgetConfigController (BubbleApp.Api).
2026-03-06 16:55:18.906 +05:30 [INF] Request starting HTTP/1.1 PATCH http://localhost:5013/api/todos/db45750a-b8c0-4b06-85cf-c3d2fbf1a7b0 - application/json 101
2026-03-06 16:55:18.909 +05:30 [INF] CORS policy execution successful.
2026-03-06 16:55:18.910 +05:30 [INF] Executing endpoint 'BubbleApp.Api.Controllers.TodosController.PatchDone (BubbleApp.Api)'
2026-03-06 16:55:18.911 +05:30 [INF] Route matched with {action = "PatchDone", controller = "Todos"}. Executing controller action with signature System.Threading.Tasks.Task`1[Microsoft.AspNetCore.Mvc.IActionResult] PatchDone(System.String, PatchDoneDto, System.Threading.CancellationToken) on controller BubbleApp.Api.Controllers.TodosController (BubbleApp.Api).
2026-03-06 16:55:18.926 +05:30 [INF] Executing ObjectResult, writing value of type 'Microsoft.AspNetCore.Mvc.ProblemDetails'.
2026-03-06 16:55:18.933 +05:30 [INF] Executed action BubbleApp.Api.Controllers.TodosController.PatchDone (BubbleApp.Api) in 19.9111ms
2026-03-06 16:55:18.938 +05:30 [INF] Executed endpoint 'BubbleApp.Api.Controllers.TodosController.PatchDone (BubbleApp.Api)'
2026-03-06 16:55:18.941 +05:30 [INF] HTTP PATCH /api/todos/db45750a-b8c0-4b06-85cf-c3d2fbf1a7b0 responded 404 in 31.7264 ms
2026-03-06 16:55:18.944 +05:30 [INF] Request finished HTTP/1.1 PATCH http://localhost:5013/api/todos/db45750a-b8c0-4b06-85cf-c3d2fbf1a7b0 - 404 null application/problem+json; charset=utf-8 37.8313ms
2026-03-06 16:55:21.852 +05:30 [INF] Executing StatusCodeResult, setting HTTP status code 204
2026-03-06 16:55:21.853 +05:30 [INF] Executed action BubbleApp.Api.Controllers.WidgetConfigController.Long (BubbleApp.Api) in 25009.7033ms
2026-03-06 16:55:21.854 +05:30 [INF] Executed endpoint 'BubbleApp.Api.Controllers.WidgetConfigController.Long (BubbleApp.Api)'
2026-03-06 16:55:21.855 +05:30 [INF] HTTP GET /api/widget/config/long responded 204 in 25017.0644 ms
2026-03-06 16:55:21.857 +05:30 [INF] Request finished HTTP/1.1 GET http://localhost:5013/api/widget/config/long?workspace=sample&key=I3UPoNYawpezx-OhSr2hs0DppN8hwow7MpnppypPP-c&since=639083889967655700 - 204 null null 25022.3579ms
2026-03-06 16:55:21.860 +05:30 [INF] Request starting HTTP/1.1 GET http://localhost:5013/api/widget/config/long?workspace=sample&key=I3UPoNYawpezx-OhSr2hs0DppN8hwow7MpnppypPP-c&since=639083889967655700 - null null
2026-03-06 16:55:21.863 +05:30 [INF] CORS policy execution successful.
2026-03-06 16:55:21.864 +05:30 [INF] Executing endpoint 'BubbleApp.Api.Controllers.WidgetConfigController.Long (BubbleApp.Api)'
2026-03-06 16:55:21.865 +05:30 [INF] Route matched with {action = "Long", controller = "WidgetConfig"}. Executing controller action with signature System.Threading.Tasks.Task`1[Microsoft.AspNetCore.Mvc.IActionResult] Long(System.String, Int64, System.Threading.CancellationToken) on controller BubbleApp.Api.Controllers.WidgetConfigController (BubbleApp.Api).
2026-03-06 16:55:31.331 +05:30 [INF] Request starting HTTP/1.1 OPTIONS http://localhost:5013/api/todos - null null
2026-03-06 16:55:31.334 +05:30 [INF] CORS policy execution successful.
2026-03-06 16:55:31.334 +05:30 [INF] HTTP OPTIONS /api/todos responded 204 in 0.7589 ms
2026-03-06 16:55:31.336 +05:30 [INF] Request finished HTTP/1.1 OPTIONS http://localhost:5013/api/todos - 204 null null 5.3686ms
2026-03-06 16:55:31.339 +05:30 [INF] Request starting HTTP/1.1 POST http://localhost:5013/api/todos - application/json 137
2026-03-06 16:55:31.342 +05:30 [INF] CORS policy execution successful.
2026-03-06 16:55:31.344 +05:30 [INF] Executing endpoint 'BubbleApp.Api.Controllers.TodosController.Create (BubbleApp.Api)'
2026-03-06 16:55:31.345 +05:30 [INF] Route matched with {action = "Create", controller = "Todos"}. Executing controller action with signature System.Threading.Tasks.Task`1[Microsoft.AspNetCore.Mvc.IActionResult] Create(CreateTodoDto, System.Threading.CancellationToken) on controller BubbleApp.Api.Controllers.TodosController (BubbleApp.Api).
2026-03-06 16:55:31.352 +05:30 [INF] Executing OkObjectResult, writing value of type 'BubbleApp.Common.ViewModels.Todo.TodoDto'.
2026-03-06 16:55:31.355 +05:30 [INF] Executed action BubbleApp.Api.Controllers.TodosController.Create (BubbleApp.Api) in 6.6113ms
2026-03-06 16:55:31.360 +05:30 [INF] Executed endpoint 'BubbleApp.Api.Controllers.TodosController.Create (BubbleApp.Api)'
2026-03-06 16:55:31.362 +05:30 [INF] HTTP POST /api/todos responded 200 in 19.2739 ms
2026-03-06 16:55:31.365 +05:30 [INF] Request finished HTTP/1.1 POST http://localhost:5013/api/todos - 200 null application/json; charset=utf-8 25.8983ms
2026-03-06 16:55:31.384 +05:30 [INF] Request starting HTTP/1.1 GET http://localhost:5013/api/todos?workspace=sample&key=I3UPoNYawpezx-OhSr2hs0DppN8hwow7MpnppypPP-c&userId=28 - null null
2026-03-06 16:55:31.387 +05:30 [INF] CORS policy execution successful.
2026-03-06 16:55:31.388 +05:30 [INF] Executing endpoint 'BubbleApp.Api.Controllers.TodosController.Get (BubbleApp.Api)'
2026-03-06 16:55:31.390 +05:30 [INF] Route matched with {action = "Get", controller = "Todos"}. Executing controller action with signature System.Threading.Tasks.Task`1[Microsoft.AspNetCore.Mvc.IActionResult] Get(System.String, System.String, System.Threading.CancellationToken) on controller BubbleApp.Api.Controllers.TodosController (BubbleApp.Api).
2026-03-06 16:55:31.396 +05:30 [INF] Executing OkObjectResult, writing value of type 'System.Collections.Generic.List`1[[BubbleApp.Common.ViewModels.Todo.TodoDto, BubbleApp.Common, Version=1.0.0.0, Culture=neutral, PublicKeyToken=null]]'.
2026-03-06 16:55:31.397 +05:30 [INF] Executed action BubbleApp.Api.Controllers.TodosController.Get (BubbleApp.Api) in 3.6126ms
2026-03-06 16:55:31.399 +05:30 [INF] Executed endpoint 'BubbleApp.Api.Controllers.TodosController.Get (BubbleApp.Api)'
2026-03-06 16:55:31.401 +05:30 [INF] HTTP GET /api/todos responded 200 in 13.8642 ms
2026-03-06 16:55:31.403 +05:30 [INF] Request finished HTTP/1.1 GET http://localhost:5013/api/todos?workspace=sample&key=I3UPoNYawpezx-OhSr2hs0DppN8hwow7MpnppypPP-c&userId=28 - 200 null application/json; charset=utf-8 19.6321ms
2026-03-06 16:55:42.585 +05:30 [INF] Request starting HTTP/1.1 GET http://localhost:5013/api/reminders?workspace=sample&key=I3UPoNYawpezx-OhSr2hs0DppN8hwow7MpnppypPP-c&userId=28 - null null
2026-03-06 16:55:42.589 +05:30 [INF] CORS policy execution successful.
2026-03-06 16:55:42.589 +05:30 [INF] Executing endpoint 'BubbleApp.Api.Controllers.RemindersController.Get (BubbleApp.Api)'
2026-03-06 16:55:42.590 +05:30 [INF] Route matched with {action = "Get", controller = "Reminders"}. Executing controller action with signature System.Threading.Tasks.Task`1[Microsoft.AspNetCore.Mvc.IActionResult] Get(System.String, System.String, System.Threading.CancellationToken) on controller BubbleApp.Api.Controllers.RemindersController (BubbleApp.Api).
2026-03-06 16:55:42.595 +05:30 [INF] Executing OkObjectResult, writing value of type 'System.Collections.Generic.List`1[[BubbleApp.Common.ViewModels.Reminder.ReminderDto, BubbleApp.Common, Version=1.0.0.0, Culture=neutral, PublicKeyToken=null]]'.
2026-03-06 16:55:42.597 +05:30 [INF] Executed action BubbleApp.Api.Controllers.RemindersController.Get (BubbleApp.Api) in 4.3252ms
2026-03-06 16:55:42.599 +05:30 [INF] Executed endpoint 'BubbleApp.Api.Controllers.RemindersController.Get (BubbleApp.Api)'
2026-03-06 16:55:42.601 +05:30 [INF] HTTP GET /api/reminders responded 200 in 12.0501 ms
2026-03-06 16:55:42.603 +05:30 [INF] Request finished HTTP/1.1 GET http://localhost:5013/api/reminders?workspace=sample&key=I3UPoNYawpezx-OhSr2hs0DppN8hwow7MpnppypPP-c&userId=28 - 200 null application/json; charset=utf-8 17.4617ms
2026-03-06 16:55:43.687 +05:30 [INF] Executing StatusCodeResult, setting HTTP status code 204
2026-03-06 16:55:43.688 +05:30 [INF] Executed action BubbleApp.Api.Controllers.WidgetConfigController.Long (BubbleApp.Api) in 25010.4352ms
2026-03-06 16:55:43.690 +05:30 [INF] Executed endpoint 'BubbleApp.Api.Controllers.WidgetConfigController.Long (BubbleApp.Api)'
2026-03-06 16:55:43.690 +05:30 [INF] HTTP GET /api/widget/config/long responded 204 in 25018.7309 ms
2026-03-06 16:55:43.692 +05:30 [INF] Request finished HTTP/1.1 GET http://localhost:5013/api/widget/config/long?workspace=sample&key=I3UPoNYawpezx-OhSr2hs0DppN8hwow7MpnppypPP-c&since=0 - 204 null null 25022.4989ms
2026-03-06 16:55:43.696 +05:30 [INF] Request starting HTTP/1.1 GET http://localhost:5013/api/widget/config/long?workspace=sample&key=I3UPoNYawpezx-OhSr2hs0DppN8hwow7MpnppypPP-c&since=0 - null null
2026-03-06 16:55:43.700 +05:30 [INF] CORS policy execution successful.
2026-03-06 16:55:43.702 +05:30 [INF] Executing endpoint 'BubbleApp.Api.Controllers.WidgetConfigController.Long (BubbleApp.Api)'
2026-03-06 16:55:43.704 +05:30 [INF] Route matched with {action = "Long", controller = "WidgetConfig"}. Executing controller action with signature System.Threading.Tasks.Task`1[Microsoft.AspNetCore.Mvc.IActionResult] Long(System.String, Int64, System.Threading.CancellationToken) on controller BubbleApp.Api.Controllers.WidgetConfigController (BubbleApp.Api).
2026-03-06 16:55:46.883 +05:30 [INF] Executing StatusCodeResult, setting HTTP status code 204
2026-03-06 16:55:46.886 +05:30 [INF] Executed action BubbleApp.Api.Controllers.WidgetConfigController.Long (BubbleApp.Api) in 25019.1383ms
2026-03-06 16:55:46.888 +05:30 [INF] Executed endpoint 'BubbleApp.Api.Controllers.WidgetConfigController.Long (BubbleApp.Api)'
2026-03-06 16:55:46.889 +05:30 [INF] HTTP GET /api/widget/config/long responded 204 in 25026.3020 ms
2026-03-06 16:55:46.891 +05:30 [INF] Request finished HTTP/1.1 GET http://localhost:5013/api/widget/config/long?workspace=sample&key=I3UPoNYawpezx-OhSr2hs0DppN8hwow7MpnppypPP-c&since=639083889967655700 - 204 null null 25031.0431ms
2026-03-06 16:55:46.904 +05:30 [INF] Request starting HTTP/1.1 GET http://localhost:5013/api/widget/config/long?workspace=sample&key=I3UPoNYawpezx-OhSr2hs0DppN8hwow7MpnppypPP-c&since=639083889967655700 - null null
2026-03-06 16:55:46.907 +05:30 [INF] CORS policy execution successful.
2026-03-06 16:55:46.908 +05:30 [INF] Executing endpoint 'BubbleApp.Api.Controllers.WidgetConfigController.Long (BubbleApp.Api)'
2026-03-06 16:55:46.909 +05:30 [INF] Route matched with {action = "Long", controller = "WidgetConfig"}. Executing controller action with signature System.Threading.Tasks.Task`1[Microsoft.AspNetCore.Mvc.IActionResult] Long(System.String, Int64, System.Threading.CancellationToken) on controller BubbleApp.Api.Controllers.WidgetConfigController (BubbleApp.Api).
2026-03-06 16:55:51.653 +05:30 [INF] Request starting HTTP/1.1 OPTIONS http://localhost:5013/api/todos - null null
2026-03-06 16:55:51.656 +05:30 [INF] CORS policy execution successful.
2026-03-06 16:55:51.657 +05:30 [INF] HTTP OPTIONS /api/todos responded 204 in 0.7659 ms
2026-03-06 16:55:51.658 +05:30 [INF] Request finished HTTP/1.1 OPTIONS http://localhost:5013/api/todos - 204 null null 4.8804ms
2026-03-06 16:55:51.661 +05:30 [INF] Request starting HTTP/1.1 POST http://localhost:5013/api/todos - application/json 137
2026-03-06 16:55:51.664 +05:30 [INF] CORS policy execution successful.
2026-03-06 16:55:51.666 +05:30 [INF] Executing endpoint 'BubbleApp.Api.Controllers.TodosController.Create (BubbleApp.Api)'
2026-03-06 16:55:51.668 +05:30 [INF] Route matched with {action = "Create", controller = "Todos"}. Executing controller action with signature System.Threading.Tasks.Task`1[Microsoft.AspNetCore.Mvc.IActionResult] Create(CreateTodoDto, System.Threading.CancellationToken) on controller BubbleApp.Api.Controllers.TodosController (BubbleApp.Api).
2026-03-06 16:55:51.672 +05:30 [INF] Executing OkObjectResult, writing value of type 'BubbleApp.Common.ViewModels.Todo.TodoDto'.
2026-03-06 16:55:51.673 +05:30 [INF] Executed action BubbleApp.Api.Controllers.TodosController.Create (BubbleApp.Api) in 3.4491ms
2026-03-06 16:55:51.675 +05:30 [INF] Executed endpoint 'BubbleApp.Api.Controllers.TodosController.Create (BubbleApp.Api)'
2026-03-06 16:55:51.676 +05:30 [INF] HTTP POST /api/todos responded 200 in 11.6560 ms
2026-03-06 16:55:51.678 +05:30 [INF] Request finished HTTP/1.1 POST http://localhost:5013/api/todos - 200 null application/json; charset=utf-8 16.764ms
2026-03-06 16:55:51.682 +05:30 [INF] Request starting HTTP/1.1 GET http://localhost:5013/api/todos?workspace=sample&key=I3UPoNYawpezx-OhSr2hs0DppN8hwow7MpnppypPP-c&userId=28 - null null
2026-03-06 16:55:51.686 +05:30 [INF] CORS policy execution successful.
2026-03-06 16:55:51.687 +05:30 [INF] Executing endpoint 'BubbleApp.Api.Controllers.TodosController.Get (BubbleApp.Api)'
2026-03-06 16:55:51.688 +05:30 [INF] Route matched with {action = "Get", controller = "Todos"}. Executing controller action with signature System.Threading.Tasks.Task`1[Microsoft.AspNetCore.Mvc.IActionResult] Get(System.String, System.String, System.Threading.CancellationToken) on controller BubbleApp.Api.Controllers.TodosController (BubbleApp.Api).
2026-03-06 16:55:51.693 +05:30 [INF] Executing OkObjectResult, writing value of type 'System.Collections.Generic.List`1[[BubbleApp.Common.ViewModels.Todo.TodoDto, BubbleApp.Common, Version=1.0.0.0, Culture=neutral, PublicKeyToken=null]]'.
2026-03-06 16:55:51.696 +05:30 [INF] Executed action BubbleApp.Api.Controllers.TodosController.Get (BubbleApp.Api) in 5.159ms
2026-03-06 16:55:51.698 +05:30 [INF] Executed endpoint 'BubbleApp.Api.Controllers.TodosController.Get (BubbleApp.Api)'
2026-03-06 16:55:51.700 +05:30 [INF] HTTP GET /api/todos responded 200 in 13.9368 ms
2026-03-06 16:55:51.703 +05:30 [INF] Request finished HTTP/1.1 GET http://localhost:5013/api/todos?workspace=sample&key=I3UPoNYawpezx-OhSr2hs0DppN8hwow7MpnppypPP-c&userId=28 - 200 null application/json; charset=utf-8 21.299ms
2026-03-06 16:55:54.838 +05:30 [INF] Request starting HTTP/1.1 OPTIONS http://localhost:5013/api/todos/20a07e5f-e9bf-4fad-a578-35755104a61b - null null
2026-03-06 16:55:54.842 +05:30 [INF] CORS policy execution successful.
2026-03-06 16:55:54.842 +05:30 [INF] HTTP OPTIONS /api/todos/20a07e5f-e9bf-4fad-a578-35755104a61b responded 204 in 0.8502 ms
2026-03-06 16:55:54.845 +05:30 [INF] Request finished HTTP/1.1 OPTIONS http://localhost:5013/api/todos/20a07e5f-e9bf-4fad-a578-35755104a61b - 204 null null 7.0714ms
2026-03-06 16:55:54.850 +05:30 [INF] Request starting HTTP/1.1 PATCH http://localhost:5013/api/todos/20a07e5f-e9bf-4fad-a578-35755104a61b - application/json 100
2026-03-06 16:55:54.854 +05:30 [INF] CORS policy execution successful.
2026-03-06 16:55:54.855 +05:30 [INF] Executing endpoint 'BubbleApp.Api.Controllers.TodosController.PatchDone (BubbleApp.Api)'
2026-03-06 16:55:54.857 +05:30 [INF] Route matched with {action = "PatchDone", controller = "Todos"}. Executing controller action with signature System.Threading.Tasks.Task`1[Microsoft.AspNetCore.Mvc.IActionResult] PatchDone(System.String, PatchDoneDto, System.Threading.CancellationToken) on controller BubbleApp.Api.Controllers.TodosController (BubbleApp.Api).
2026-03-06 16:55:54.861 +05:30 [INF] Executing StatusCodeResult, setting HTTP status code 204
2026-03-06 16:55:54.864 +05:30 [INF] Executed action BubbleApp.Api.Controllers.TodosController.PatchDone (BubbleApp.Api) in 4.9443ms
2026-03-06 16:55:54.866 +05:30 [INF] Executed endpoint 'BubbleApp.Api.Controllers.TodosController.PatchDone (BubbleApp.Api)'
2026-03-06 16:55:54.867 +05:30 [INF] HTTP PATCH /api/todos/20a07e5f-e9bf-4fad-a578-35755104a61b responded 204 in 12.9501 ms
2026-03-06 16:55:54.870 +05:30 [INF] Request finished HTTP/1.1 PATCH http://localhost:5013/api/todos/20a07e5f-e9bf-4fad-a578-35755104a61b - 204 null null 19.6936ms
2026-03-06 16:55:56.602 +05:30 [INF] Request starting HTTP/1.1 OPTIONS http://localhost:5013/api/todos/db45750a-b8c0-4b06-85cf-c3d2fbf1a7b0 - null null
2026-03-06 16:55:56.605 +05:30 [INF] CORS policy execution successful.
2026-03-06 16:55:56.606 +05:30 [INF] HTTP OPTIONS /api/todos/db45750a-b8c0-4b06-85cf-c3d2fbf1a7b0 responded 204 in 0.9447 ms
2026-03-06 16:55:56.607 +05:30 [INF] Request finished HTTP/1.1 OPTIONS http://localhost:5013/api/todos/db45750a-b8c0-4b06-85cf-c3d2fbf1a7b0 - 204 null null 5.4949ms
2026-03-06 16:55:56.612 +05:30 [INF] Request starting HTTP/1.1 PATCH http://localhost:5013/api/todos/db45750a-b8c0-4b06-85cf-c3d2fbf1a7b0 - application/json 100
2026-03-06 16:55:56.616 +05:30 [INF] CORS policy execution successful.
2026-03-06 16:55:56.617 +05:30 [INF] Executing endpoint 'BubbleApp.Api.Controllers.TodosController.PatchDone (BubbleApp.Api)'
2026-03-06 16:55:56.619 +05:30 [INF] Route matched with {action = "PatchDone", controller = "Todos"}. Executing controller action with signature System.Threading.Tasks.Task`1[Microsoft.AspNetCore.Mvc.IActionResult] PatchDone(System.String, PatchDoneDto, System.Threading.CancellationToken) on controller BubbleApp.Api.Controllers.TodosController (BubbleApp.Api).
2026-03-06 16:55:56.625 +05:30 [INF] Executing StatusCodeResult, setting HTTP status code 204
2026-03-06 16:55:56.626 +05:30 [INF] Executed action BubbleApp.Api.Controllers.TodosController.PatchDone (BubbleApp.Api) in 3.8774ms
2026-03-06 16:55:56.628 +05:30 [INF] Executed endpoint 'BubbleApp.Api.Controllers.TodosController.PatchDone (BubbleApp.Api)'
2026-03-06 16:55:56.629 +05:30 [INF] HTTP PATCH /api/todos/db45750a-b8c0-4b06-85cf-c3d2fbf1a7b0 responded 204 in 13.5401 ms
2026-03-06 16:55:56.631 +05:30 [INF] Request finished HTTP/1.1 PATCH http://localhost:5013/api/todos/db45750a-b8c0-4b06-85cf-c3d2fbf1a7b0 - 204 null null 19.668ms
2026-03-06 16:56:06.609 +05:30 [INF] Request starting HTTP/1.1 GET http://localhost:5013/api/general?workspace=sample&key=I3UPoNYawpezx-OhSr2hs0DppN8hwow7MpnppypPP-c - null null
2026-03-06 16:56:06.613 +05:30 [INF] CORS policy execution successful.
2026-03-06 16:56:06.614 +05:30 [INF] Executing endpoint 'BubbleApp.Api.Controllers.GeneralController.Get (BubbleApp.Api)'
2026-03-06 16:56:06.615 +05:30 [INF] Route matched with {action = "Get", controller = "General"}. Executing controller action with signature System.Threading.Tasks.Task`1[Microsoft.AspNetCore.Mvc.IActionResult] Get(System.String, System.Threading.CancellationToken) on controller BubbleApp.Api.Controllers.GeneralController (BubbleApp.Api).
2026-03-06 16:56:06.621 +05:30 [INF] Executing OkObjectResult, writing value of type 'System.Collections.Generic.List`1[[BubbleApp.Common.ViewModels.General.GeneralMessageDto, BubbleApp.Common, Version=1.0.0.0, Culture=neutral, PublicKeyToken=null]]'.
2026-03-06 16:56:06.624 +05:30 [INF] Executed action BubbleApp.Api.Controllers.GeneralController.Get (BubbleApp.Api) in 6.577ms
2026-03-06 16:56:06.626 +05:30 [INF] Executed endpoint 'BubbleApp.Api.Controllers.GeneralController.Get (BubbleApp.Api)'
2026-03-06 16:56:06.628 +05:30 [INF] HTTP GET /api/general responded 200 in 15.0072 ms
2026-03-06 16:56:06.631 +05:30 [INF] Request finished HTTP/1.1 GET http://localhost:5013/api/general?workspace=sample&key=I3UPoNYawpezx-OhSr2hs0DppN8hwow7MpnppypPP-c - 200 null application/json; charset=utf-8 21.2441ms
2026-03-06 16:56:08.712 +05:30 [INF] Executing StatusCodeResult, setting HTTP status code 204
2026-03-06 16:56:08.713 +05:30 [INF] Executed action BubbleApp.Api.Controllers.WidgetConfigController.Long (BubbleApp.Api) in 25006.1171ms
2026-03-06 16:56:08.715 +05:30 [INF] Executed endpoint 'BubbleApp.Api.Controllers.WidgetConfigController.Long (BubbleApp.Api)'
2026-03-06 16:56:08.717 +05:30 [INF] HTTP GET /api/widget/config/long responded 204 in 25016.8458 ms
2026-03-06 16:56:08.719 +05:30 [INF] Request finished HTTP/1.1 GET http://localhost:5013/api/widget/config/long?workspace=sample&key=I3UPoNYawpezx-OhSr2hs0DppN8hwow7MpnppypPP-c&since=0 - 204 null null 25022.7764ms
2026-03-06 16:56:08.727 +05:30 [INF] Request starting HTTP/1.1 GET http://localhost:5013/api/widget/config/long?workspace=sample&key=I3UPoNYawpezx-OhSr2hs0DppN8hwow7MpnppypPP-c&since=0 - null null
2026-03-06 16:56:08.730 +05:30 [INF] CORS policy execution successful.
2026-03-06 16:56:08.731 +05:30 [INF] Executing endpoint 'BubbleApp.Api.Controllers.WidgetConfigController.Long (BubbleApp.Api)'
2026-03-06 16:56:08.733 +05:30 [INF] Route matched with {action = "Long", controller = "WidgetConfig"}. Executing controller action with signature System.Threading.Tasks.Task`1[Microsoft.AspNetCore.Mvc.IActionResult] Long(System.String, Int64, System.Threading.CancellationToken) on controller BubbleApp.Api.Controllers.WidgetConfigController (BubbleApp.Api).
2026-03-06 16:56:11.915 +05:30 [INF] Executing StatusCodeResult, setting HTTP status code 204
2026-03-06 16:56:11.916 +05:30 [INF] Executed action BubbleApp.Api.Controllers.WidgetConfigController.Long (BubbleApp.Api) in 25005.6714ms
2026-03-06 16:56:11.917 +05:30 [INF] Executed endpoint 'BubbleApp.Api.Controllers.WidgetConfigController.Long (BubbleApp.Api)'
2026-03-06 16:56:11.918 +05:30 [INF] HTTP GET /api/widget/config/long responded 204 in 25011.4435 ms
2026-03-06 16:56:11.920 +05:30 [INF] Request finished HTTP/1.1 GET http://localhost:5013/api/widget/config/long?workspace=sample&key=I3UPoNYawpezx-OhSr2hs0DppN8hwow7MpnppypPP-c&since=639083889967655700 - 204 null null 25015.4792ms
2026-03-06 16:56:11.925 +05:30 [INF] Request starting HTTP/1.1 GET http://localhost:5013/api/widget/config/long?workspace=sample&key=I3UPoNYawpezx-OhSr2hs0DppN8hwow7MpnppypPP-c&since=639083889967655700 - null null
2026-03-06 16:56:11.929 +05:30 [INF] CORS policy execution successful.
2026-03-06 16:56:11.930 +05:30 [INF] Executing endpoint 'BubbleApp.Api.Controllers.WidgetConfigController.Long (BubbleApp.Api)'
2026-03-06 16:56:11.931 +05:30 [INF] Route matched with {action = "Long", controller = "WidgetConfig"}. Executing controller action with signature System.Threading.Tasks.Task`1[Microsoft.AspNetCore.Mvc.IActionResult] Long(System.String, Int64, System.Threading.CancellationToken) on controller BubbleApp.Api.Controllers.WidgetConfigController (BubbleApp.Api).
2026-03-06 16:56:13.516 +05:30 [INF] Request starting HTTP/1.1 GET http://localhost:5013/api/general?workspace=sample&key=I3UPoNYawpezx-OhSr2hs0DppN8hwow7MpnppypPP-c - null null
2026-03-06 16:56:13.519 +05:30 [INF] CORS policy execution successful.
2026-03-06 16:56:13.520 +05:30 [INF] Executing endpoint 'BubbleApp.Api.Controllers.GeneralController.Get (BubbleApp.Api)'
2026-03-06 16:56:13.522 +05:30 [INF] Route matched with {action = "Get", controller = "General"}. Executing controller action with signature System.Threading.Tasks.Task`1[Microsoft.AspNetCore.Mvc.IActionResult] Get(System.String, System.Threading.CancellationToken) on controller BubbleApp.Api.Controllers.GeneralController (BubbleApp.Api).
2026-03-06 16:56:13.526 +05:30 [INF] Executing OkObjectResult, writing value of type 'System.Collections.Generic.List`1[[BubbleApp.Common.ViewModels.General.GeneralMessageDto, BubbleApp.Common, Version=1.0.0.0, Culture=neutral, PublicKeyToken=null]]'.
2026-03-06 16:56:13.528 +05:30 [INF] Executed action BubbleApp.Api.Controllers.GeneralController.Get (BubbleApp.Api) in 3.7513ms
2026-03-06 16:56:13.530 +05:30 [INF] Executed endpoint 'BubbleApp.Api.Controllers.GeneralController.Get (BubbleApp.Api)'
2026-03-06 16:56:13.532 +05:30 [INF] HTTP GET /api/general responded 200 in 12.6007 ms
2026-03-06 16:56:13.534 +05:30 [INF] Request finished HTTP/1.1 GET http://localhost:5013/api/general?workspace=sample&key=I3UPoNYawpezx-OhSr2hs0DppN8hwow7MpnppypPP-c - 200 null application/json; charset=utf-8 18.6466ms
2026-03-06 16:56:17.845 +05:30 [INF] Request starting HTTP/1.1 GET http://localhost:5013/api/todos?workspace=sample&key=I3UPoNYawpezx-OhSr2hs0DppN8hwow7MpnppypPP-c&userId=28 - null null
2026-03-06 16:56:17.848 +05:30 [INF] CORS policy execution successful.
2026-03-06 16:56:17.849 +05:30 [INF] Executing endpoint 'BubbleApp.Api.Controllers.TodosController.Get (BubbleApp.Api)'
2026-03-06 16:56:17.850 +05:30 [INF] Route matched with {action = "Get", controller = "Todos"}. Executing controller action with signature System.Threading.Tasks.Task`1[Microsoft.AspNetCore.Mvc.IActionResult] Get(System.String, System.String, System.Threading.CancellationToken) on controller BubbleApp.Api.Controllers.TodosController (BubbleApp.Api).
2026-03-06 16:56:17.855 +05:30 [INF] Executing OkObjectResult, writing value of type 'System.Collections.Generic.List`1[[BubbleApp.Common.ViewModels.Todo.TodoDto, BubbleApp.Common, Version=1.0.0.0, Culture=neutral, PublicKeyToken=null]]'.
2026-03-06 16:56:17.857 +05:30 [INF] Executed action BubbleApp.Api.Controllers.TodosController.Get (BubbleApp.Api) in 4.7797ms
2026-03-06 16:56:17.858 +05:30 [INF] Executed endpoint 'BubbleApp.Api.Controllers.TodosController.Get (BubbleApp.Api)'
2026-03-06 16:56:17.860 +05:30 [INF] HTTP GET /api/todos responded 200 in 11.7539 ms
2026-03-06 16:56:17.861 +05:30 [INF] Request finished HTTP/1.1 GET http://localhost:5013/api/todos?workspace=sample&key=I3UPoNYawpezx-OhSr2hs0DppN8hwow7MpnppypPP-c&userId=28 - 200 null application/json; charset=utf-8 16.8043ms
2026-03-06 16:56:20.892 +05:30 [INF] Request starting HTTP/1.1 GET http://localhost:5013/api/notes?workspace=sample&key=I3UPoNYawpezx-OhSr2hs0DppN8hwow7MpnppypPP-c&userId=28 - null null
2026-03-06 16:56:20.895 +05:30 [INF] CORS policy execution successful.
2026-03-06 16:56:20.897 +05:30 [INF] Executing endpoint 'BubbleApp.Api.Controllers.NotesController.Get (BubbleApp.Api)'
2026-03-06 16:56:20.898 +05:30 [INF] Route matched with {action = "Get", controller = "Notes"}. Executing controller action with signature System.Threading.Tasks.Task`1[Microsoft.AspNetCore.Mvc.IActionResult] Get(System.String, System.String, System.Threading.CancellationToken) on controller BubbleApp.Api.Controllers.NotesController (BubbleApp.Api).
2026-03-06 16:56:20.903 +05:30 [INF] Executing OkObjectResult, writing value of type 'System.Collections.Generic.List`1[[BubbleApp.Common.ViewModels.Notes.NoteDto, BubbleApp.Common, Version=1.0.0.0, Culture=neutral, PublicKeyToken=null]]'.
2026-03-06 16:56:20.905 +05:30 [INF] Executed action BubbleApp.Api.Controllers.NotesController.Get (BubbleApp.Api) in 4.1668ms
2026-03-06 16:56:20.906 +05:30 [INF] Executed endpoint 'BubbleApp.Api.Controllers.NotesController.Get (BubbleApp.Api)'
2026-03-06 16:56:20.907 +05:30 [INF] HTTP GET /api/notes responded 200 in 11.5695 ms
2026-03-06 16:56:20.909 +05:30 [INF] Request finished HTTP/1.1 GET http://localhost:5013/api/notes?workspace=sample&key=I3UPoNYawpezx-OhSr2hs0DppN8hwow7MpnppypPP-c&userId=28 - 200 null application/json; charset=utf-8 16.5302ms
2026-03-06 16:56:21.854 +05:30 [INF] Request starting HTTP/1.1 GET http://localhost:5013/api/todos?workspace=sample&key=I3UPoNYawpezx-OhSr2hs0DppN8hwow7MpnppypPP-c&userId=28 - null null
2026-03-06 16:56:21.856 +05:30 [INF] CORS policy execution successful.
2026-03-06 16:56:21.857 +05:30 [INF] Executing endpoint 'BubbleApp.Api.Controllers.TodosController.Get (BubbleApp.Api)'
2026-03-06 16:56:21.858 +05:30 [INF] Route matched with {action = "Get", controller = "Todos"}. Executing controller action with signature System.Threading.Tasks.Task`1[Microsoft.AspNetCore.Mvc.IActionResult] Get(System.String, System.String, System.Threading.CancellationToken) on controller BubbleApp.Api.Controllers.TodosController (BubbleApp.Api).
2026-03-06 16:56:21.864 +05:30 [INF] Executing OkObjectResult, writing value of type 'System.Collections.Generic.List`1[[BubbleApp.Common.ViewModels.Todo.TodoDto, BubbleApp.Common, Version=1.0.0.0, Culture=neutral, PublicKeyToken=null]]'.
2026-03-06 16:56:21.866 +05:30 [INF] Executed action BubbleApp.Api.Controllers.TodosController.Get (BubbleApp.Api) in 5.2489ms
2026-03-06 16:56:21.869 +05:30 [INF] Executed endpoint 'BubbleApp.Api.Controllers.TodosController.Get (BubbleApp.Api)'
2026-03-06 16:56:21.870 +05:30 [INF] HTTP GET /api/todos responded 200 in 13.5085 ms
2026-03-06 16:56:21.872 +05:30 [INF] Request finished HTTP/1.1 GET http://localhost:5013/api/todos?workspace=sample&key=I3UPoNYawpezx-OhSr2hs0DppN8hwow7MpnppypPP-c&userId=28 - 200 null application/json; charset=utf-8 18.5256ms
2026-03-06 16:56:23.395 +05:30 [INF] Request starting HTTP/1.1 OPTIONS http://localhost:5013/api/todos/6fb61daa-9ff4-462f-84ff-44be2c8843b9 - null null
2026-03-06 16:56:23.398 +05:30 [INF] CORS policy execution successful.
2026-03-06 16:56:23.399 +05:30 [INF] HTTP OPTIONS /api/todos/6fb61daa-9ff4-462f-84ff-44be2c8843b9 responded 204 in 0.9141 ms
2026-03-06 16:56:23.401 +05:30 [INF] Request finished HTTP/1.1 OPTIONS http://localhost:5013/api/todos/6fb61daa-9ff4-462f-84ff-44be2c8843b9 - 204 null null 5.9984ms
2026-03-06 16:56:23.406 +05:30 [INF] Request starting HTTP/1.1 PATCH http://localhost:5013/api/todos/6fb61daa-9ff4-462f-84ff-44be2c8843b9 - application/json 100
2026-03-06 16:56:23.409 +05:30 [INF] CORS policy execution successful.
2026-03-06 16:56:23.411 +05:30 [INF] Executing endpoint 'BubbleApp.Api.Controllers.TodosController.PatchDone (BubbleApp.Api)'
2026-03-06 16:56:23.412 +05:30 [INF] Route matched with {action = "PatchDone", controller = "Todos"}. Executing controller action with signature System.Threading.Tasks.Task`1[Microsoft.AspNetCore.Mvc.IActionResult] PatchDone(System.String, PatchDoneDto, System.Threading.CancellationToken) on controller BubbleApp.Api.Controllers.TodosController (BubbleApp.Api).
2026-03-06 16:56:23.418 +05:30 [INF] Executing StatusCodeResult, setting HTTP status code 204
2026-03-06 16:56:23.419 +05:30 [INF] Executed action BubbleApp.Api.Controllers.TodosController.PatchDone (BubbleApp.Api) in 3.8409ms
2026-03-06 16:56:23.421 +05:30 [INF] Executed endpoint 'BubbleApp.Api.Controllers.TodosController.PatchDone (BubbleApp.Api)'
2026-03-06 16:56:23.423 +05:30 [INF] HTTP PATCH /api/todos/6fb61daa-9ff4-462f-84ff-44be2c8843b9 responded 204 in 13.8148 ms
2026-03-06 16:56:23.425 +05:30 [INF] Request finished HTTP/1.1 PATCH http://localhost:5013/api/todos/6fb61daa-9ff4-462f-84ff-44be2c8843b9 - 204 null null 19.4827ms
2026-03-06 16:56:24.241 +05:30 [INF] Request starting HTTP/1.1 OPTIONS http://localhost:5013/api/todos/bd5e5a7f-3f43-4339-80fc-53d0bcceaf8b - null null
2026-03-06 16:56:24.244 +05:30 [INF] CORS policy execution successful.
2026-03-06 16:56:24.245 +05:30 [INF] HTTP OPTIONS /api/todos/bd5e5a7f-3f43-4339-80fc-53d0bcceaf8b responded 204 in 0.9106 ms
2026-03-06 16:56:24.247 +05:30 [INF] Request finished HTTP/1.1 OPTIONS http://localhost:5013/api/todos/bd5e5a7f-3f43-4339-80fc-53d0bcceaf8b - 204 null null 6.2887ms
2026-03-06 16:56:24.251 +05:30 [INF] Request starting HTTP/1.1 PATCH http://localhost:5013/api/todos/bd5e5a7f-3f43-4339-80fc-53d0bcceaf8b - application/json 100
2026-03-06 16:56:24.254 +05:30 [INF] CORS policy execution successful.
2026-03-06 16:56:24.255 +05:30 [INF] Executing endpoint 'BubbleApp.Api.Controllers.TodosController.PatchDone (BubbleApp.Api)'
2026-03-06 16:56:24.256 +05:30 [INF] Route matched with {action = "PatchDone", controller = "Todos"}. Executing controller action with signature System.Threading.Tasks.Task`1[Microsoft.AspNetCore.Mvc.IActionResult] PatchDone(System.String, PatchDoneDto, System.Threading.CancellationToken) on controller BubbleApp.Api.Controllers.TodosController (BubbleApp.Api).
2026-03-06 16:56:24.260 +05:30 [INF] Executing StatusCodeResult, setting HTTP status code 204
2026-03-06 16:56:24.262 +05:30 [INF] Executed action BubbleApp.Api.Controllers.TodosController.PatchDone (BubbleApp.Api) in 3.8753ms
2026-03-06 16:56:24.264 +05:30 [INF] Executed endpoint 'BubbleApp.Api.Controllers.TodosController.PatchDone (BubbleApp.Api)'
2026-03-06 16:56:24.266 +05:30 [INF] HTTP PATCH /api/todos/bd5e5a7f-3f43-4339-80fc-53d0bcceaf8b responded 204 in 12.0410 ms
2026-03-06 16:56:24.268 +05:30 [INF] Request finished HTTP/1.1 PATCH http://localhost:5013/api/todos/bd5e5a7f-3f43-4339-80fc-53d0bcceaf8b - 204 null null 16.452ms
2026-03-06 16:56:25.613 +05:30 [INF] Request starting HTTP/1.1 GET http://localhost:5013/api/general?workspace=sample&key=I3UPoNYawpezx-OhSr2hs0DppN8hwow7MpnppypPP-c - null null
2026-03-06 16:56:25.618 +05:30 [INF] CORS policy execution successful.
2026-03-06 16:56:25.620 +05:30 [INF] Executing endpoint 'BubbleApp.Api.Controllers.GeneralController.Get (BubbleApp.Api)'
2026-03-06 16:56:25.621 +05:30 [INF] Route matched with {action = "Get", controller = "General"}. Executing controller action with signature System.Threading.Tasks.Task`1[Microsoft.AspNetCore.Mvc.IActionResult] Get(System.String, System.Threading.CancellationToken) on controller BubbleApp.Api.Controllers.GeneralController (BubbleApp.Api).
2026-03-06 16:56:25.630 +05:30 [INF] Executing OkObjectResult, writing value of type 'System.Collections.Generic.List`1[[BubbleApp.Common.ViewModels.General.GeneralMessageDto, BubbleApp.Common, Version=1.0.0.0, Culture=neutral, PublicKeyToken=null]]'.
2026-03-06 16:56:25.635 +05:30 [INF] Executed action BubbleApp.Api.Controllers.GeneralController.Get (BubbleApp.Api) in 10.0415ms
2026-03-06 16:56:25.638 +05:30 [INF] Executed endpoint 'BubbleApp.Api.Controllers.GeneralController.Get (BubbleApp.Api)'
2026-03-06 16:56:25.640 +05:30 [INF] HTTP GET /api/general responded 200 in 21.9360 ms
2026-03-06 16:56:25.643 +05:30 [INF] Request finished HTTP/1.1 GET http://localhost:5013/api/general?workspace=sample&key=I3UPoNYawpezx-OhSr2hs0DppN8hwow7MpnppypPP-c - 200 null application/json; charset=utf-8 30.0752ms
2026-03-06 16:56:26.490 +05:30 [INF] Request starting HTTP/1.1 GET http://localhost:5013/api/todos?workspace=sample&key=I3UPoNYawpezx-OhSr2hs0DppN8hwow7MpnppypPP-c&userId=28 - null null
2026-03-06 16:56:26.493 +05:30 [INF] CORS policy execution successful.
2026-03-06 16:56:26.493 +05:30 [INF] Executing endpoint 'BubbleApp.Api.Controllers.TodosController.Get (BubbleApp.Api)'
2026-03-06 16:56:26.494 +05:30 [INF] Route matched with {action = "Get", controller = "Todos"}. Executing controller action with signature System.Threading.Tasks.Task`1[Microsoft.AspNetCore.Mvc.IActionResult] Get(System.String, System.String, System.Threading.CancellationToken) on controller BubbleApp.Api.Controllers.TodosController (BubbleApp.Api).
2026-03-06 16:56:26.499 +05:30 [INF] Executing OkObjectResult, writing value of type 'System.Collections.Generic.List`1[[BubbleApp.Common.ViewModels.Todo.TodoDto, BubbleApp.Common, Version=1.0.0.0, Culture=neutral, PublicKeyToken=null]]'.
2026-03-06 16:56:26.502 +05:30 [INF] Executed action BubbleApp.Api.Controllers.TodosController.Get (BubbleApp.Api) in 4.5179ms
2026-03-06 16:56:26.504 +05:30 [INF] Executed endpoint 'BubbleApp.Api.Controllers.TodosController.Get (BubbleApp.Api)'
2026-03-06 16:56:26.505 +05:30 [INF] HTTP GET /api/todos responded 200 in 12.7995 ms
2026-03-06 16:56:26.508 +05:30 [INF] Request finished HTTP/1.1 GET http://localhost:5013/api/todos?workspace=sample&key=I3UPoNYawpezx-OhSr2hs0DppN8hwow7MpnppypPP-c&userId=28 - 200 null application/json; charset=utf-8 17.9077ms
2026-03-06 16:56:33.748 +05:30 [INF] Executing StatusCodeResult, setting HTTP status code 204
2026-03-06 16:56:33.751 +05:30 [INF] Executed action BubbleApp.Api.Controllers.WidgetConfigController.Long (BubbleApp.Api) in 25015.0353ms
2026-03-06 16:56:33.752 +05:30 [INF] Executed endpoint 'BubbleApp.Api.Controllers.WidgetConfigController.Long (BubbleApp.Api)'
2026-03-06 16:56:33.753 +05:30 [INF] HTTP GET /api/widget/config/long responded 204 in 25023.4462 ms
2026-03-06 16:56:33.756 +05:30 [INF] Request finished HTTP/1.1 GET http://localhost:5013/api/widget/config/long?workspace=sample&key=I3UPoNYawpezx-OhSr2hs0DppN8hwow7MpnppypPP-c&since=0 - 204 null null 25029.175ms
2026-03-06 16:56:33.760 +05:30 [INF] Request starting HTTP/1.1 GET http://localhost:5013/api/widget/config/long?workspace=sample&key=I3UPoNYawpezx-OhSr2hs0DppN8hwow7MpnppypPP-c&since=0 - null null
2026-03-06 16:56:33.763 +05:30 [INF] CORS policy execution successful.
2026-03-06 16:56:33.765 +05:30 [INF] Executing endpoint 'BubbleApp.Api.Controllers.WidgetConfigController.Long (BubbleApp.Api)'
2026-03-06 16:56:33.767 +05:30 [INF] Route matched with {action = "Long", controller = "WidgetConfig"}. Executing controller action with signature System.Threading.Tasks.Task`1[Microsoft.AspNetCore.Mvc.IActionResult] Long(System.String, Int64, System.Threading.CancellationToken) on controller BubbleApp.Api.Controllers.WidgetConfigController (BubbleApp.Api).
2026-03-06 16:56:36.322 +05:30 [INF] Request starting HTTP/1.1 OPTIONS http://localhost:5013/api/todos - null null
2026-03-06 16:56:36.325 +05:30 [INF] CORS policy execution successful.
2026-03-06 16:56:36.325 +05:30 [INF] HTTP OPTIONS /api/todos responded 204 in 0.9582 ms
2026-03-06 16:56:36.327 +05:30 [INF] Request finished HTTP/1.1 OPTIONS http://localhost:5013/api/todos - 204 null null 5.7496ms
2026-03-06 16:56:36.332 +05:30 [INF] Request starting HTTP/1.1 POST http://localhost:5013/api/todos - application/json 135
2026-03-06 16:56:36.337 +05:30 [INF] CORS policy execution successful.
2026-03-06 16:56:36.338 +05:30 [INF] Executing endpoint 'BubbleApp.Api.Controllers.TodosController.Create (BubbleApp.Api)'
2026-03-06 16:56:36.340 +05:30 [INF] Route matched with {action = "Create", controller = "Todos"}. Executing controller action with signature System.Threading.Tasks.Task`1[Microsoft.AspNetCore.Mvc.IActionResult] Create(CreateTodoDto, System.Threading.CancellationToken) on controller BubbleApp.Api.Controllers.TodosController (BubbleApp.Api).
2026-03-06 16:56:36.346 +05:30 [INF] Executing OkObjectResult, writing value of type 'BubbleApp.Common.ViewModels.Todo.TodoDto'.
2026-03-06 16:56:36.349 +05:30 [INF] Executed action BubbleApp.Api.Controllers.TodosController.Create (BubbleApp.Api) in 6.7163ms
2026-03-06 16:56:36.354 +05:30 [INF] Executed endpoint 'BubbleApp.Api.Controllers.TodosController.Create (BubbleApp.Api)'
2026-03-06 16:56:36.356 +05:30 [INF] HTTP POST /api/todos responded 200 in 18.7073 ms
2026-03-06 16:56:36.358 +05:30 [INF] Request finished HTTP/1.1 POST http://localhost:5013/api/todos - 200 null application/json; charset=utf-8 26.1018ms
2026-03-06 16:56:36.379 +05:30 [INF] Request starting HTTP/1.1 GET http://localhost:5013/api/todos?workspace=sample&key=I3UPoNYawpezx-OhSr2hs0DppN8hwow7MpnppypPP-c&userId=28 - null null
2026-03-06 16:56:36.383 +05:30 [INF] CORS policy execution successful.
2026-03-06 16:56:36.385 +05:30 [INF] Executing endpoint 'BubbleApp.Api.Controllers.TodosController.Get (BubbleApp.Api)'
2026-03-06 16:56:36.387 +05:30 [INF] Route matched with {action = "Get", controller = "Todos"}. Executing controller action with signature System.Threading.Tasks.Task`1[Microsoft.AspNetCore.Mvc.IActionResult] Get(System.String, System.String, System.Threading.CancellationToken) on controller BubbleApp.Api.Controllers.TodosController (BubbleApp.Api).
2026-03-06 16:56:36.392 +05:30 [INF] Executing OkObjectResult, writing value of type 'System.Collections.Generic.List`1[[BubbleApp.Common.ViewModels.Todo.TodoDto, BubbleApp.Common, Version=1.0.0.0, Culture=neutral, PublicKeyToken=null]]'.
2026-03-06 16:56:36.395 +05:30 [INF] Executed action BubbleApp.Api.Controllers.TodosController.Get (BubbleApp.Api) in 4.6309ms
2026-03-06 16:56:36.397 +05:30 [INF] Executed endpoint 'BubbleApp.Api.Controllers.TodosController.Get (BubbleApp.Api)'
2026-03-06 16:56:36.401 +05:30 [INF] HTTP GET /api/todos responded 200 in 17.6490 ms
2026-03-06 16:56:36.404 +05:30 [INF] Request finished HTTP/1.1 GET http://localhost:5013/api/todos?workspace=sample&key=I3UPoNYawpezx-OhSr2hs0DppN8hwow7MpnppypPP-c&userId=28 - 200 null application/json; charset=utf-8 25.3769ms
2026-03-06 16:56:36.943 +05:30 [INF] Executing StatusCodeResult, setting HTTP status code 204
2026-03-06 16:56:36.944 +05:30 [INF] Executed action BubbleApp.Api.Controllers.WidgetConfigController.Long (BubbleApp.Api) in 25011.3299ms
2026-03-06 16:56:36.946 +05:30 [INF] Executed endpoint 'BubbleApp.Api.Controllers.WidgetConfigController.Long (BubbleApp.Api)'
2026-03-06 16:56:36.947 +05:30 [INF] HTTP GET /api/widget/config/long responded 204 in 25017.5145 ms
2026-03-06 16:56:36.948 +05:30 [INF] Request finished HTTP/1.1 GET http://localhost:5013/api/widget/config/long?workspace=sample&key=I3UPoNYawpezx-OhSr2hs0DppN8hwow7MpnppypPP-c&since=639083889967655700 - 204 null null 25023.3535ms
2026-03-06 16:56:36.953 +05:30 [INF] Request starting HTTP/1.1 GET http://localhost:5013/api/widget/config/long?workspace=sample&key=I3UPoNYawpezx-OhSr2hs0DppN8hwow7MpnppypPP-c&since=639083889967655700 - null null
2026-03-06 16:56:36.955 +05:30 [INF] CORS policy execution successful.
2026-03-06 16:56:36.956 +05:30 [INF] Executing endpoint 'BubbleApp.Api.Controllers.WidgetConfigController.Long (BubbleApp.Api)'
2026-03-06 16:56:36.957 +05:30 [INF] Route matched with {action = "Long", controller = "WidgetConfig"}. Executing controller action with signature System.Threading.Tasks.Task`1[Microsoft.AspNetCore.Mvc.IActionResult] Long(System.String, Int64, System.Threading.CancellationToken) on controller BubbleApp.Api.Controllers.WidgetConfigController (BubbleApp.Api).
2026-03-06 16:56:41.344 +05:30 [INF] Request starting HTTP/1.1 OPTIONS http://localhost:5013/api/todos/32278df0-ddf9-4b70-b78e-706ae402b00a - null null
2026-03-06 16:56:41.347 +05:30 [INF] CORS policy execution successful.
2026-03-06 16:56:41.347 +05:30 [INF] HTTP OPTIONS /api/todos/32278df0-ddf9-4b70-b78e-706ae402b00a responded 204 in 0.7380 ms
2026-03-06 16:56:41.349 +05:30 [INF] Request finished HTTP/1.1 OPTIONS http://localhost:5013/api/todos/32278df0-ddf9-4b70-b78e-706ae402b00a - 204 null null 4.6034ms
2026-03-06 16:56:41.352 +05:30 [INF] Request starting HTTP/1.1 PATCH http://localhost:5013/api/todos/32278df0-ddf9-4b70-b78e-706ae402b00a - application/json 100
2026-03-06 16:56:41.355 +05:30 [INF] CORS policy execution successful.
2026-03-06 16:56:41.357 +05:30 [INF] Executing endpoint 'BubbleApp.Api.Controllers.TodosController.PatchDone (BubbleApp.Api)'
2026-03-06 16:56:41.358 +05:30 [INF] Route matched with {action = "PatchDone", controller = "Todos"}. Executing controller action with signature System.Threading.Tasks.Task`1[Microsoft.AspNetCore.Mvc.IActionResult] PatchDone(System.String, PatchDoneDto, System.Threading.CancellationToken) on controller BubbleApp.Api.Controllers.TodosController (BubbleApp.Api).
2026-03-06 16:56:41.363 +05:30 [INF] Executing StatusCodeResult, setting HTTP status code 204
2026-03-06 16:56:41.364 +05:30 [INF] Executed action BubbleApp.Api.Controllers.TodosController.PatchDone (BubbleApp.Api) in 3.7231ms
2026-03-06 16:56:41.365 +05:30 [INF] Executed endpoint 'BubbleApp.Api.Controllers.TodosController.PatchDone (BubbleApp.Api)'
2026-03-06 16:56:41.366 +05:30 [INF] HTTP PATCH /api/todos/32278df0-ddf9-4b70-b78e-706ae402b00a responded 204 in 10.7127 ms
2026-03-06 16:56:41.368 +05:30 [INF] Request finished HTTP/1.1 PATCH http://localhost:5013/api/todos/32278df0-ddf9-4b70-b78e-706ae402b00a - 204 null null 15.4883ms
2026-03-06 16:56:42.589 +05:30 [INF] Request starting HTTP/1.1 GET http://localhost:5013/api/reminders?workspace=sample&key=I3UPoNYawpezx-OhSr2hs0DppN8hwow7MpnppypPP-c&userId=28 - null null
2026-03-06 16:56:42.605 +05:30 [INF] CORS policy execution successful.
2026-03-06 16:56:42.610 +05:30 [INF] Executing endpoint 'BubbleApp.Api.Controllers.RemindersController.Get (BubbleApp.Api)'
2026-03-06 16:56:42.616 +05:30 [INF] Route matched with {action = "Get", controller = "Reminders"}. Executing controller action with signature System.Threading.Tasks.Task`1[Microsoft.AspNetCore.Mvc.IActionResult] Get(System.String, System.String, System.Threading.CancellationToken) on controller BubbleApp.Api.Controllers.RemindersController (BubbleApp.Api).
2026-03-06 16:56:42.627 +05:30 [INF] Executing OkObjectResult, writing value of type 'System.Collections.Generic.List`1[[BubbleApp.Common.ViewModels.Reminder.ReminderDto, BubbleApp.Common, Version=1.0.0.0, Culture=neutral, PublicKeyToken=null]]'.
2026-03-06 16:56:42.631 +05:30 [INF] Executed action BubbleApp.Api.Controllers.RemindersController.Get (BubbleApp.Api) in 7.3412ms
2026-03-06 16:56:42.635 +05:30 [INF] Executed endpoint 'BubbleApp.Api.Controllers.RemindersController.Get (BubbleApp.Api)'
2026-03-06 16:56:42.637 +05:30 [INF] HTTP GET /api/reminders responded 200 in 32.0426 ms
2026-03-06 16:56:42.641 +05:30 [INF] Request finished HTTP/1.1 GET http://localhost:5013/api/reminders?workspace=sample&key=I3UPoNYawpezx-OhSr2hs0DppN8hwow7MpnppypPP-c&userId=28 - 200 null application/json; charset=utf-8 52.2368ms
2026-03-06 16:56:51.882 +05:30 [INF] Request starting HTTP/1.1 GET http://localhost:5013/api/general?workspace=sample&key=I3UPoNYawpezx-OhSr2hs0DppN8hwow7MpnppypPP-c - null null
2026-03-06 16:56:51.884 +05:30 [INF] CORS policy execution successful.
2026-03-06 16:56:51.885 +05:30 [INF] Executing endpoint 'BubbleApp.Api.Controllers.GeneralController.Get (BubbleApp.Api)'
2026-03-06 16:56:51.886 +05:30 [INF] Route matched with {action = "Get", controller = "General"}. Executing controller action with signature System.Threading.Tasks.Task`1[Microsoft.AspNetCore.Mvc.IActionResult] Get(System.String, System.Threading.CancellationToken) on controller BubbleApp.Api.Controllers.GeneralController (BubbleApp.Api).
2026-03-06 16:56:51.891 +05:30 [INF] Executing OkObjectResult, writing value of type 'System.Collections.Generic.List`1[[BubbleApp.Common.ViewModels.General.GeneralMessageDto, BubbleApp.Common, Version=1.0.0.0, Culture=neutral, PublicKeyToken=null]]'.
2026-03-06 16:56:51.893 +05:30 [INF] Executed action BubbleApp.Api.Controllers.GeneralController.Get (BubbleApp.Api) in 5.208ms
2026-03-06 16:56:51.895 +05:30 [INF] Executed endpoint 'BubbleApp.Api.Controllers.GeneralController.Get (BubbleApp.Api)'
2026-03-06 16:56:51.896 +05:30 [INF] HTTP GET /api/general responded 200 in 12.3115 ms
2026-03-06 16:56:51.899 +05:30 [INF] Request finished HTTP/1.1 GET http://localhost:5013/api/general?workspace=sample&key=I3UPoNYawpezx-OhSr2hs0DppN8hwow7MpnppypPP-c - 200 null application/json; charset=utf-8 17.5931ms
2026-03-06 16:56:53.102 +05:30 [INF] Request starting HTTP/1.1 GET http://localhost:5013/api/todos?workspace=sample&key=I3UPoNYawpezx-OhSr2hs0DppN8hwow7MpnppypPP-c&userId=28 - null null
2026-03-06 16:56:53.105 +05:30 [INF] CORS policy execution successful.
2026-03-06 16:56:53.106 +05:30 [INF] Executing endpoint 'BubbleApp.Api.Controllers.TodosController.Get (BubbleApp.Api)'
2026-03-06 16:56:53.108 +05:30 [INF] Route matched with {action = "Get", controller = "Todos"}. Executing controller action with signature System.Threading.Tasks.Task`1[Microsoft.AspNetCore.Mvc.IActionResult] Get(System.String, System.String, System.Threading.CancellationToken) on controller BubbleApp.Api.Controllers.TodosController (BubbleApp.Api).
2026-03-06 16:56:53.113 +05:30 [INF] Executing OkObjectResult, writing value of type 'System.Collections.Generic.List`1[[BubbleApp.Common.ViewModels.Todo.TodoDto, BubbleApp.Common, Version=1.0.0.0, Culture=neutral, PublicKeyToken=null]]'.
2026-03-06 16:56:53.115 +05:30 [INF] Executed action BubbleApp.Api.Controllers.TodosController.Get (BubbleApp.Api) in 5.3337ms
2026-03-06 16:56:53.117 +05:30 [INF] Executed endpoint 'BubbleApp.Api.Controllers.TodosController.Get (BubbleApp.Api)'
2026-03-06 16:56:53.118 +05:30 [INF] HTTP GET /api/todos responded 200 in 12.5235 ms
2026-03-06 16:56:53.120 +05:30 [INF] Request finished HTTP/1.1 GET http://localhost:5013/api/todos?workspace=sample&key=I3UPoNYawpezx-OhSr2hs0DppN8hwow7MpnppypPP-c&userId=28 - 200 null application/json; charset=utf-8 17.3484ms
2026-03-06 16:56:58.777 +05:30 [INF] Executing StatusCodeResult, setting HTTP status code 204
2026-03-06 16:56:58.779 +05:30 [INF] Executed action BubbleApp.Api.Controllers.WidgetConfigController.Long (BubbleApp.Api) in 25009.9318ms
2026-03-06 16:56:58.781 +05:30 [INF] Executed endpoint 'BubbleApp.Api.Controllers.WidgetConfigController.Long (BubbleApp.Api)'
2026-03-06 16:56:58.781 +05:30 [INF] HTTP GET /api/widget/config/long responded 204 in 25018.3934 ms
2026-03-06 16:56:58.783 +05:30 [INF] Request finished HTTP/1.1 GET http://localhost:5013/api/widget/config/long?workspace=sample&key=I3UPoNYawpezx-OhSr2hs0DppN8hwow7MpnppypPP-c&since=0 - 204 null null 25023.0368ms
2026-03-06 16:56:58.788 +05:30 [INF] Request starting HTTP/1.1 GET http://localhost:5013/api/widget/config/long?workspace=sample&key=I3UPoNYawpezx-OhSr2hs0DppN8hwow7MpnppypPP-c&since=0 - null null
2026-03-06 16:56:58.792 +05:30 [INF] CORS policy execution successful.
2026-03-06 16:56:58.793 +05:30 [INF] Executing endpoint 'BubbleApp.Api.Controllers.WidgetConfigController.Long (BubbleApp.Api)'
2026-03-06 16:56:58.795 +05:30 [INF] Route matched with {action = "Long", controller = "WidgetConfig"}. Executing controller action with signature System.Threading.Tasks.Task`1[Microsoft.AspNetCore.Mvc.IActionResult] Long(System.String, Int64, System.Threading.CancellationToken) on controller BubbleApp.Api.Controllers.WidgetConfigController (BubbleApp.Api).
2026-03-06 16:57:01.970 +05:30 [INF] Executing StatusCodeResult, setting HTTP status code 204
2026-03-06 16:57:01.971 +05:30 [INF] Executed action BubbleApp.Api.Controllers.WidgetConfigController.Long (BubbleApp.Api) in 25012.2815ms
2026-03-06 16:57:01.972 +05:30 [INF] Executed endpoint 'BubbleApp.Api.Controllers.WidgetConfigController.Long (BubbleApp.Api)'
2026-03-06 16:57:01.973 +05:30 [INF] HTTP GET /api/widget/config/long responded 204 in 25017.6103 ms
2026-03-06 16:57:01.974 +05:30 [INF] Request finished HTTP/1.1 GET http://localhost:5013/api/widget/config/long?workspace=sample&key=I3UPoNYawpezx-OhSr2hs0DppN8hwow7MpnppypPP-c&since=639083889967655700 - 204 null null 25021.4901ms
2026-03-06 16:57:01.987 +05:30 [INF] Request starting HTTP/1.1 GET http://localhost:5013/api/widget/config/long?workspace=sample&key=I3UPoNYawpezx-OhSr2hs0DppN8hwow7MpnppypPP-c&since=639083889967655700 - null null
2026-03-06 16:57:01.990 +05:30 [INF] CORS policy execution successful.
2026-03-06 16:57:01.990 +05:30 [INF] Executing endpoint 'BubbleApp.Api.Controllers.WidgetConfigController.Long (BubbleApp.Api)'
2026-03-06 16:57:01.991 +05:30 [INF] Route matched with {action = "Long", controller = "WidgetConfig"}. Executing controller action with signature System.Threading.Tasks.Task`1[Microsoft.AspNetCore.Mvc.IActionResult] Long(System.String, Int64, System.Threading.CancellationToken) on controller BubbleApp.Api.Controllers.WidgetConfigController (BubbleApp.Api).
2026-03-06 16:57:12.224 +05:30 [INF] Request starting HTTP/1.1 GET http://localhost:5013/api/reminders?workspace=sample&key=I3UPoNYawpezx-OhSr2hs0DppN8hwow7MpnppypPP-c&userId=28 - null null
2026-03-06 16:57:12.228 +05:30 [INF] CORS policy execution successful.
2026-03-06 16:57:12.229 +05:30 [INF] Executing endpoint 'BubbleApp.Api.Controllers.RemindersController.Get (BubbleApp.Api)'
2026-03-06 16:57:12.231 +05:30 [INF] Route matched with {action = "Get", controller = "Reminders"}. Executing controller action with signature System.Threading.Tasks.Task`1[Microsoft.AspNetCore.Mvc.IActionResult] Get(System.String, System.String, System.Threading.CancellationToken) on controller BubbleApp.Api.Controllers.RemindersController (BubbleApp.Api).
2026-03-06 16:57:12.237 +05:30 [INF] Executing OkObjectResult, writing value of type 'System.Collections.Generic.List`1[[BubbleApp.Common.ViewModels.Reminder.ReminderDto, BubbleApp.Common, Version=1.0.0.0, Culture=neutral, PublicKeyToken=null]]'.
2026-03-06 16:57:12.239 +05:30 [INF] Executed action BubbleApp.Api.Controllers.RemindersController.Get (BubbleApp.Api) in 5.8167ms
2026-03-06 16:57:12.242 +05:30 [INF] Executed endpoint 'BubbleApp.Api.Controllers.RemindersController.Get (BubbleApp.Api)'
2026-03-06 16:57:12.243 +05:30 [INF] HTTP GET /api/reminders responded 200 in 14.7688 ms
2026-03-06 16:57:12.245 +05:30 [INF] Request finished HTTP/1.1 GET http://localhost:5013/api/reminders?workspace=sample&key=I3UPoNYawpezx-OhSr2hs0DppN8hwow7MpnppypPP-c&userId=28 - 200 null application/json; charset=utf-8 21.1944ms
2026-03-06 16:57:15.149 +05:30 [INF] Request starting HTTP/1.1 GET http://localhost:5013/api/reminders?workspace=sample&key=I3UPoNYawpezx-OhSr2hs0DppN8hwow7MpnppypPP-c&userId=28 - null null
2026-03-06 16:57:15.152 +05:30 [INF] CORS policy execution successful.
2026-03-06 16:57:15.153 +05:30 [INF] Executing endpoint 'BubbleApp.Api.Controllers.RemindersController.Get (BubbleApp.Api)'
2026-03-06 16:57:15.154 +05:30 [INF] Route matched with {action = "Get", controller = "Reminders"}. Executing controller action with signature System.Threading.Tasks.Task`1[Microsoft.AspNetCore.Mvc.IActionResult] Get(System.String, System.String, System.Threading.CancellationToken) on controller BubbleApp.Api.Controllers.RemindersController (BubbleApp.Api).
2026-03-06 16:57:15.160 +05:30 [INF] Executing OkObjectResult, writing value of type 'System.Collections.Generic.List`1[[BubbleApp.Common.ViewModels.Reminder.ReminderDto, BubbleApp.Common, Version=1.0.0.0, Culture=neutral, PublicKeyToken=null]]'.
2026-03-06 16:57:15.162 +05:30 [INF] Executed action BubbleApp.Api.Controllers.RemindersController.Get (BubbleApp.Api) in 5.6937ms
2026-03-06 16:57:15.164 +05:30 [INF] Executed endpoint 'BubbleApp.Api.Controllers.RemindersController.Get (BubbleApp.Api)'
2026-03-06 16:57:15.165 +05:30 [INF] HTTP GET /api/reminders responded 200 in 12.8215 ms
2026-03-06 16:57:15.168 +05:30 [INF] Request finished HTTP/1.1 GET http://localhost:5013/api/reminders?workspace=sample&key=I3UPoNYawpezx-OhSr2hs0DppN8hwow7MpnppypPP-c&userId=28 - 200 null application/json; charset=utf-8 18.3021ms
2026-03-06 16:57:17.081 +05:30 [INF] Request starting HTTP/1.1 OPTIONS http://localhost:5013/api/reminders/edbe4891-6775-4b82-8275-4e30c3b8b144/ack - null null
2026-03-06 16:57:17.085 +05:30 [INF] CORS policy execution successful.
2026-03-06 16:57:17.086 +05:30 [INF] HTTP OPTIONS /api/reminders/edbe4891-6775-4b82-8275-4e30c3b8b144/ack responded 204 in 1.4364 ms
2026-03-06 16:57:17.089 +05:30 [INF] Request finished HTTP/1.1 OPTIONS http://localhost:5013/api/reminders/edbe4891-6775-4b82-8275-4e30c3b8b144/ack - 204 null null 7.7808ms
2026-03-06 16:57:17.094 +05:30 [INF] Request starting HTTP/1.1 PATCH http://localhost:5013/api/reminders/edbe4891-6775-4b82-8275-4e30c3b8b144/ack - application/json 88
2026-03-06 16:57:17.098 +05:30 [INF] CORS policy execution successful.
2026-03-06 16:57:17.099 +05:30 [INF] Executing endpoint 'BubbleApp.Api.Controllers.RemindersController.Acknowledge (BubbleApp.Api)'
2026-03-06 16:57:17.105 +05:30 [INF] Route matched with {action = "Acknowledge", controller = "Reminders"}. Executing controller action with signature System.Threading.Tasks.Task`1[Microsoft.AspNetCore.Mvc.IActionResult] Acknowledge(System.String, AckDto, System.Threading.CancellationToken) on controller BubbleApp.Api.Controllers.RemindersController (BubbleApp.Api).
2026-03-06 16:57:17.114 +05:30 [INF] Executing StatusCodeResult, setting HTTP status code 204
2026-03-06 16:57:17.115 +05:30 [INF] Executed action BubbleApp.Api.Controllers.RemindersController.Acknowledge (BubbleApp.Api) in 8.1897ms
2026-03-06 16:57:17.117 +05:30 [INF] Executed endpoint 'BubbleApp.Api.Controllers.RemindersController.Acknowledge (BubbleApp.Api)'
2026-03-06 16:57:17.118 +05:30 [INF] HTTP PATCH /api/reminders/edbe4891-6775-4b82-8275-4e30c3b8b144/ack responded 204 in 20.4686 ms
2026-03-06 16:57:17.121 +05:30 [INF] Request finished HTTP/1.1 PATCH http://localhost:5013/api/reminders/edbe4891-6775-4b82-8275-4e30c3b8b144/ack - 204 null null 26.6694ms
2026-03-06 16:57:18.404 +05:30 [INF] Request starting HTTP/1.1 PATCH http://localhost:5013/api/reminders/edbe4891-6775-4b82-8275-4e30c3b8b144/ack - application/json 88
2026-03-06 16:57:18.406 +05:30 [INF] CORS policy execution successful.
2026-03-06 16:57:18.407 +05:30 [INF] Executing endpoint 'BubbleApp.Api.Controllers.RemindersController.Acknowledge (BubbleApp.Api)'
2026-03-06 16:57:18.409 +05:30 [INF] Route matched with {action = "Acknowledge", controller = "Reminders"}. Executing controller action with signature System.Threading.Tasks.Task`1[Microsoft.AspNetCore.Mvc.IActionResult] Acknowledge(System.String, AckDto, System.Threading.CancellationToken) on controller BubbleApp.Api.Controllers.RemindersController (BubbleApp.Api).
2026-03-06 16:57:18.419 +05:30 [INF] Executing ObjectResult, writing value of type 'Microsoft.AspNetCore.Mvc.ProblemDetails'.
2026-03-06 16:57:18.421 +05:30 [INF] Executed action BubbleApp.Api.Controllers.RemindersController.Acknowledge (BubbleApp.Api) in 10.1018ms
2026-03-06 16:57:18.423 +05:30 [INF] Executed endpoint 'BubbleApp.Api.Controllers.RemindersController.Acknowledge (BubbleApp.Api)'
2026-03-06 16:57:18.425 +05:30 [INF] HTTP PATCH /api/reminders/edbe4891-6775-4b82-8275-4e30c3b8b144/ack responded 404 in 18.9688 ms
2026-03-06 16:57:18.428 +05:30 [INF] Request finished HTTP/1.1 PATCH http://localhost:5013/api/reminders/edbe4891-6775-4b82-8275-4e30c3b8b144/ack - 404 null application/problem+json; charset=utf-8 24.7661ms
2026-03-06 16:57:23.814 +05:30 [INF] Executing StatusCodeResult, setting HTTP status code 204
2026-03-06 16:57:23.815 +05:30 [INF] Executed action BubbleApp.Api.Controllers.WidgetConfigController.Long (BubbleApp.Api) in 25018.3537ms
2026-03-06 16:57:23.816 +05:30 [INF] Executed endpoint 'BubbleApp.Api.Controllers.WidgetConfigController.Long (BubbleApp.Api)'
2026-03-06 16:57:23.817 +05:30 [INF] HTTP GET /api/widget/config/long responded 204 in 25025.0898 ms
2026-03-06 16:57:23.818 +05:30 [INF] Request finished HTTP/1.1 GET http://localhost:5013/api/widget/config/long?workspace=sample&key=I3UPoNYawpezx-OhSr2hs0DppN8hwow7MpnppypPP-c&since=0 - 204 null null 25030.388ms
2026-03-06 16:57:23.822 +05:30 [INF] Request starting HTTP/1.1 GET http://localhost:5013/api/widget/config/long?workspace=sample&key=I3UPoNYawpezx-OhSr2hs0DppN8hwow7MpnppypPP-c&since=0 - null null
2026-03-06 16:57:23.825 +05:30 [INF] CORS policy execution successful.
2026-03-06 16:57:23.826 +05:30 [INF] Executing endpoint 'BubbleApp.Api.Controllers.WidgetConfigController.Long (BubbleApp.Api)'
2026-03-06 16:57:23.827 +05:30 [INF] Route matched with {action = "Long", controller = "WidgetConfig"}. Executing controller action with signature System.Threading.Tasks.Task`1[Microsoft.AspNetCore.Mvc.IActionResult] Long(System.String, Int64, System.Threading.CancellationToken) on controller BubbleApp.Api.Controllers.WidgetConfigController (BubbleApp.Api).
2026-03-06 16:57:27.016 +05:30 [INF] Executing StatusCodeResult, setting HTTP status code 204
2026-03-06 16:57:27.021 +05:30 [INF] Executed action BubbleApp.Api.Controllers.WidgetConfigController.Long (BubbleApp.Api) in 25026.8828ms
2026-03-06 16:57:27.022 +05:30 [INF] Executed endpoint 'BubbleApp.Api.Controllers.WidgetConfigController.Long (BubbleApp.Api)'
2026-03-06 16:57:27.024 +05:30 [INF] HTTP GET /api/widget/config/long responded 204 in 25034.5934 ms
2026-03-06 16:57:27.027 +05:30 [INF] Request finished HTTP/1.1 GET http://localhost:5013/api/widget/config/long?workspace=sample&key=I3UPoNYawpezx-OhSr2hs0DppN8hwow7MpnppypPP-c&since=639083889967655700 - 204 null null 25040.5196ms
2026-03-06 16:57:27.032 +05:30 [INF] Request starting HTTP/1.1 GET http://localhost:5013/api/widget/config/long?workspace=sample&key=I3UPoNYawpezx-OhSr2hs0DppN8hwow7MpnppypPP-c&since=639083889967655700 - null null
2026-03-06 16:57:27.035 +05:30 [INF] CORS policy execution successful.
2026-03-06 16:57:27.036 +05:30 [INF] Executing endpoint 'BubbleApp.Api.Controllers.WidgetConfigController.Long (BubbleApp.Api)'
2026-03-06 16:57:27.037 +05:30 [INF] Route matched with {action = "Long", controller = "WidgetConfig"}. Executing controller action with signature System.Threading.Tasks.Task`1[Microsoft.AspNetCore.Mvc.IActionResult] Long(System.String, Int64, System.Threading.CancellationToken) on controller BubbleApp.Api.Controllers.WidgetConfigController (BubbleApp.Api).
2026-03-06 16:57:43.517 +05:30 [INF] Request starting HTTP/1.1 GET http://localhost:5013/api/reminders?workspace=sample&key=I3UPoNYawpezx-OhSr2hs0DppN8hwow7MpnppypPP-c&userId=28 - null null
2026-03-06 16:57:43.521 +05:30 [INF] CORS policy execution successful.
2026-03-06 16:57:43.523 +05:30 [INF] Executing endpoint 'BubbleApp.Api.Controllers.RemindersController.Get (BubbleApp.Api)'
2026-03-06 16:57:43.524 +05:30 [INF] Route matched with {action = "Get", controller = "Reminders"}. Executing controller action with signature System.Threading.Tasks.Task`1[Microsoft.AspNetCore.Mvc.IActionResult] Get(System.String, System.String, System.Threading.CancellationToken) on controller BubbleApp.Api.Controllers.RemindersController (BubbleApp.Api).
2026-03-06 16:57:43.530 +05:30 [INF] Executing OkObjectResult, writing value of type 'System.Collections.Generic.List`1[[BubbleApp.Common.ViewModels.Reminder.ReminderDto, BubbleApp.Common, Version=1.0.0.0, Culture=neutral, PublicKeyToken=null]]'.
2026-03-06 16:57:43.532 +05:30 [INF] Executed action BubbleApp.Api.Controllers.RemindersController.Get (BubbleApp.Api) in 5.4193ms
2026-03-06 16:57:43.534 +05:30 [INF] Executed endpoint 'BubbleApp.Api.Controllers.RemindersController.Get (BubbleApp.Api)'
2026-03-06 16:57:43.535 +05:30 [INF] HTTP GET /api/reminders responded 200 in 13.3403 ms
2026-03-06 16:57:43.537 +05:30 [INF] Request finished HTTP/1.1 GET http://localhost:5013/api/reminders?workspace=sample&key=I3UPoNYawpezx-OhSr2hs0DppN8hwow7MpnppypPP-c&userId=28 - 200 null application/json; charset=utf-8 19.6297ms
2026-03-06 16:57:48.839 +05:30 [INF] Executing StatusCodeResult, setting HTTP status code 204
2026-03-06 16:57:48.840 +05:30 [INF] Executed action BubbleApp.Api.Controllers.WidgetConfigController.Long (BubbleApp.Api) in 25011.6322ms
2026-03-06 16:57:48.842 +05:30 [INF] Executed endpoint 'BubbleApp.Api.Controllers.WidgetConfigController.Long (BubbleApp.Api)'
2026-03-06 16:57:48.843 +05:30 [INF] HTTP GET /api/widget/config/long responded 204 in 25018.0954 ms
2026-03-06 16:57:48.845 +05:30 [INF] Request finished HTTP/1.1 GET http://localhost:5013/api/widget/config/long?workspace=sample&key=I3UPoNYawpezx-OhSr2hs0DppN8hwow7MpnppypPP-c&since=0 - 204 null null 25023.0788ms
2026-03-06 16:57:48.849 +05:30 [INF] Request starting HTTP/1.1 GET http://localhost:5013/api/widget/config/long?workspace=sample&key=I3UPoNYawpezx-OhSr2hs0DppN8hwow7MpnppypPP-c&since=0 - null null
2026-03-06 16:57:48.852 +05:30 [INF] CORS policy execution successful.
2026-03-06 16:57:48.854 +05:30 [INF] Executing endpoint 'BubbleApp.Api.Controllers.WidgetConfigController.Long (BubbleApp.Api)'
2026-03-06 16:57:48.855 +05:30 [INF] Route matched with {action = "Long", controller = "WidgetConfig"}. Executing controller action with signature System.Threading.Tasks.Task`1[Microsoft.AspNetCore.Mvc.IActionResult] Long(System.String, Int64, System.Threading.CancellationToken) on controller BubbleApp.Api.Controllers.WidgetConfigController (BubbleApp.Api).
2026-03-06 16:57:52.055 +05:30 [INF] Executing StatusCodeResult, setting HTTP status code 204
2026-03-06 16:57:52.057 +05:30 [INF] Executed action BubbleApp.Api.Controllers.WidgetConfigController.Long (BubbleApp.Api) in 25018.9428ms
2026-03-06 16:57:52.060 +05:30 [INF] Executed endpoint 'BubbleApp.Api.Controllers.WidgetConfigController.Long (BubbleApp.Api)'
2026-03-06 16:57:52.062 +05:30 [INF] HTTP GET /api/widget/config/long responded 204 in 25027.1276 ms
2026-03-06 16:57:52.065 +05:30 [INF] Request finished HTTP/1.1 GET http://localhost:5013/api/widget/config/long?workspace=sample&key=I3UPoNYawpezx-OhSr2hs0DppN8hwow7MpnppypPP-c&since=639083889967655700 - 204 null null 25032.6082ms
2026-03-06 16:57:52.070 +05:30 [INF] Request starting HTTP/1.1 GET http://localhost:5013/api/widget/config/long?workspace=sample&key=I3UPoNYawpezx-OhSr2hs0DppN8hwow7MpnppypPP-c&since=639083889967655700 - null null
2026-03-06 16:57:52.074 +05:30 [INF] CORS policy execution successful.
2026-03-06 16:57:52.076 +05:30 [INF] Executing endpoint 'BubbleApp.Api.Controllers.WidgetConfigController.Long (BubbleApp.Api)'
2026-03-06 16:57:52.078 +05:30 [INF] Route matched with {action = "Long", controller = "WidgetConfig"}. Executing controller action with signature System.Threading.Tasks.Task`1[Microsoft.AspNetCore.Mvc.IActionResult] Long(System.String, Int64, System.Threading.CancellationToken) on controller BubbleApp.Api.Controllers.WidgetConfigController (BubbleApp.Api).
2026-03-06 16:58:13.872 +05:30 [INF] Executing StatusCodeResult, setting HTTP status code 204
2026-03-06 16:58:13.874 +05:30 [INF] Executed action BubbleApp.Api.Controllers.WidgetConfigController.Long (BubbleApp.Api) in 25017.8503ms
2026-03-06 16:58:13.876 +05:30 [INF] Executed endpoint 'BubbleApp.Api.Controllers.WidgetConfigController.Long (BubbleApp.Api)'
2026-03-06 16:58:13.877 +05:30 [INF] HTTP GET /api/widget/config/long responded 204 in 25024.1728 ms
2026-03-06 16:58:13.879 +05:30 [INF] Request finished HTTP/1.1 GET http://localhost:5013/api/widget/config/long?workspace=sample&key=I3UPoNYawpezx-OhSr2hs0DppN8hwow7MpnppypPP-c&since=0 - 204 null null 25029.7634ms
2026-03-06 16:58:13.883 +05:30 [INF] Request starting HTTP/1.1 GET http://localhost:5013/api/widget/config/long?workspace=sample&key=I3UPoNYawpezx-OhSr2hs0DppN8hwow7MpnppypPP-c&since=0 - null null
2026-03-06 16:58:13.887 +05:30 [INF] CORS policy execution successful.
2026-03-06 16:58:13.889 +05:30 [INF] Executing endpoint 'BubbleApp.Api.Controllers.WidgetConfigController.Long (BubbleApp.Api)'
2026-03-06 16:58:13.890 +05:30 [INF] Route matched with {action = "Long", controller = "WidgetConfig"}. Executing controller action with signature System.Threading.Tasks.Task`1[Microsoft.AspNetCore.Mvc.IActionResult] Long(System.String, Int64, System.Threading.CancellationToken) on controller BubbleApp.Api.Controllers.WidgetConfigController (BubbleApp.Api).
2026-03-06 16:58:17.089 +05:30 [INF] Executing StatusCodeResult, setting HTTP status code 204
2026-03-06 16:58:17.091 +05:30 [INF] Executed action BubbleApp.Api.Controllers.WidgetConfigController.Long (BubbleApp.Api) in 25011.0215ms
2026-03-06 16:58:17.092 +05:30 [INF] Executed endpoint 'BubbleApp.Api.Controllers.WidgetConfigController.Long (BubbleApp.Api)'
2026-03-06 16:58:17.093 +05:30 [INF] HTTP GET /api/widget/config/long responded 204 in 25019.1976 ms
2026-03-06 16:58:17.095 +05:30 [INF] Request finished HTTP/1.1 GET http://localhost:5013/api/widget/config/long?workspace=sample&key=I3UPoNYawpezx-OhSr2hs0DppN8hwow7MpnppypPP-c&since=639083889967655700 - 204 null null 25024.9678ms
2026-03-06 16:58:17.099 +05:30 [INF] Request starting HTTP/1.1 GET http://localhost:5013/api/widget/config/long?workspace=sample&key=I3UPoNYawpezx-OhSr2hs0DppN8hwow7MpnppypPP-c&since=639083889967655700 - null null
2026-03-06 16:58:17.101 +05:30 [INF] CORS policy execution successful.
2026-03-06 16:58:17.102 +05:30 [INF] Executing endpoint 'BubbleApp.Api.Controllers.WidgetConfigController.Long (BubbleApp.Api)'
2026-03-06 16:58:17.103 +05:30 [INF] Route matched with {action = "Long", controller = "WidgetConfig"}. Executing controller action with signature System.Threading.Tasks.Task`1[Microsoft.AspNetCore.Mvc.IActionResult] Long(System.String, Int64, System.Threading.CancellationToken) on controller BubbleApp.Api.Controllers.WidgetConfigController (BubbleApp.Api).
2026-03-06 16:58:38.911 +05:30 [INF] Executing StatusCodeResult, setting HTTP status code 204
2026-03-06 16:58:38.915 +05:30 [INF] Executed action BubbleApp.Api.Controllers.WidgetConfigController.Long (BubbleApp.Api) in 25023.5023ms
2026-03-06 16:58:38.916 +05:30 [INF] Executed endpoint 'BubbleApp.Api.Controllers.WidgetConfigController.Long (BubbleApp.Api)'
2026-03-06 16:58:38.917 +05:30 [INF] HTTP GET /api/widget/config/long responded 204 in 25030.1392 ms
2026-03-06 16:58:38.920 +05:30 [INF] Request finished HTTP/1.1 GET http://localhost:5013/api/widget/config/long?workspace=sample&key=I3UPoNYawpezx-OhSr2hs0DppN8hwow7MpnppypPP-c&since=0 - 204 null null 25036.9805ms
2026-03-06 16:58:38.925 +05:30 [INF] Request starting HTTP/1.1 GET http://localhost:5013/api/widget/config/long?workspace=sample&key=I3UPoNYawpezx-OhSr2hs0DppN8hwow7MpnppypPP-c&since=0 - null null
2026-03-06 16:58:38.928 +05:30 [INF] CORS policy execution successful.
2026-03-06 16:58:38.928 +05:30 [INF] Executing endpoint 'BubbleApp.Api.Controllers.WidgetConfigController.Long (BubbleApp.Api)'
2026-03-06 16:58:38.930 +05:30 [INF] Route matched with {action = "Long", controller = "WidgetConfig"}. Executing controller action with signature System.Threading.Tasks.Task`1[Microsoft.AspNetCore.Mvc.IActionResult] Long(System.String, Int64, System.Threading.CancellationToken) on controller BubbleApp.Api.Controllers.WidgetConfigController (BubbleApp.Api).
2026-03-06 16:58:42.125 +05:30 [INF] Executing StatusCodeResult, setting HTTP status code 204
2026-03-06 16:58:42.127 +05:30 [INF] Executed action BubbleApp.Api.Controllers.WidgetConfigController.Long (BubbleApp.Api) in 25021.132ms
2026-03-06 16:58:42.128 +05:30 [INF] Executed endpoint 'BubbleApp.Api.Controllers.WidgetConfigController.Long (BubbleApp.Api)'
2026-03-06 16:58:42.129 +05:30 [INF] HTTP GET /api/widget/config/long responded 204 in 25027.9413 ms
2026-03-06 16:58:42.131 +05:30 [INF] Request finished HTTP/1.1 GET http://localhost:5013/api/widget/config/long?workspace=sample&key=I3UPoNYawpezx-OhSr2hs0DppN8hwow7MpnppypPP-c&since=639083889967655700 - 204 null null 25032.0635ms
2026-03-06 16:58:42.134 +05:30 [INF] Request starting HTTP/1.1 GET http://localhost:5013/api/widget/config/long?workspace=sample&key=I3UPoNYawpezx-OhSr2hs0DppN8hwow7MpnppypPP-c&since=639083889967655700 - null null
2026-03-06 16:58:42.137 +05:30 [INF] CORS policy execution successful.
2026-03-06 16:58:42.138 +05:30 [INF] Executing endpoint 'BubbleApp.Api.Controllers.WidgetConfigController.Long (BubbleApp.Api)'
2026-03-06 16:58:42.139 +05:30 [INF] Route matched with {action = "Long", controller = "WidgetConfig"}. Executing controller action with signature System.Threading.Tasks.Task`1[Microsoft.AspNetCore.Mvc.IActionResult] Long(System.String, Int64, System.Threading.CancellationToken) on controller BubbleApp.Api.Controllers.WidgetConfigController (BubbleApp.Api).
2026-03-06 16:59:03.944 +05:30 [INF] Executing StatusCodeResult, setting HTTP status code 204
2026-03-06 16:59:03.946 +05:30 [INF] Executed action BubbleApp.Api.Controllers.WidgetConfigController.Long (BubbleApp.Api) in 25013.9987ms
2026-03-06 16:59:03.947 +05:30 [INF] Executed endpoint 'BubbleApp.Api.Controllers.WidgetConfigController.Long (BubbleApp.Api)'
2026-03-06 16:59:03.948 +05:30 [INF] HTTP GET /api/widget/config/long responded 204 in 25020.5921 ms
2026-03-06 16:59:03.951 +05:30 [INF] Request finished HTTP/1.1 GET http://localhost:5013/api/widget/config/long?workspace=sample&key=I3UPoNYawpezx-OhSr2hs0DppN8hwow7MpnppypPP-c&since=0 - 204 null null 25025.9501ms
2026-03-06 16:59:03.956 +05:30 [INF] Request starting HTTP/1.1 GET http://localhost:5013/api/widget/config/long?workspace=sample&key=I3UPoNYawpezx-OhSr2hs0DppN8hwow7MpnppypPP-c&since=0 - null null
2026-03-06 16:59:03.960 +05:30 [INF] CORS policy execution successful.
2026-03-06 16:59:03.961 +05:30 [INF] Executing endpoint 'BubbleApp.Api.Controllers.WidgetConfigController.Long (BubbleApp.Api)'
2026-03-06 16:59:03.964 +05:30 [INF] Route matched with {action = "Long", controller = "WidgetConfig"}. Executing controller action with signature System.Threading.Tasks.Task`1[Microsoft.AspNetCore.Mvc.IActionResult] Long(System.String, Int64, System.Threading.CancellationToken) on controller BubbleApp.Api.Controllers.WidgetConfigController (BubbleApp.Api).
2026-03-06 16:59:07.156 +05:30 [INF] Executing StatusCodeResult, setting HTTP status code 204
2026-03-06 16:59:07.159 +05:30 [INF] Executed action BubbleApp.Api.Controllers.WidgetConfigController.Long (BubbleApp.Api) in 25016.4654ms
2026-03-06 16:59:07.160 +05:30 [INF] Executed endpoint 'BubbleApp.Api.Controllers.WidgetConfigController.Long (BubbleApp.Api)'
2026-03-06 16:59:07.161 +05:30 [INF] HTTP GET /api/widget/config/long responded 204 in 25023.4323 ms
2026-03-06 16:59:07.162 +05:30 [INF] Request finished HTTP/1.1 GET http://localhost:5013/api/widget/config/long?workspace=sample&key=I3UPoNYawpezx-OhSr2hs0DppN8hwow7MpnppypPP-c&since=639083889967655700 - 204 null null 25027.6401ms
2026-03-06 16:59:07.176 +05:30 [INF] Request starting HTTP/1.1 GET http://localhost:5013/api/widget/config/long?workspace=sample&key=I3UPoNYawpezx-OhSr2hs0DppN8hwow7MpnppypPP-c&since=639083889967655700 - null null
2026-03-06 16:59:07.179 +05:30 [INF] CORS policy execution successful.
2026-03-06 16:59:07.180 +05:30 [INF] Executing endpoint 'BubbleApp.Api.Controllers.WidgetConfigController.Long (BubbleApp.Api)'
2026-03-06 16:59:07.181 +05:30 [INF] Route matched with {action = "Long", controller = "WidgetConfig"}. Executing controller action with signature System.Threading.Tasks.Task`1[Microsoft.AspNetCore.Mvc.IActionResult] Long(System.String, Int64, System.Threading.CancellationToken) on controller BubbleApp.Api.Controllers.WidgetConfigController (BubbleApp.Api).
2026-03-06 16:59:28.985 +05:30 [INF] Executing StatusCodeResult, setting HTTP status code 204
2026-03-06 16:59:28.990 +05:30 [INF] Executed action BubbleApp.Api.Controllers.WidgetConfigController.Long (BubbleApp.Api) in 25021.4163ms
2026-03-06 16:59:28.993 +05:30 [INF] Executed endpoint 'BubbleApp.Api.Controllers.WidgetConfigController.Long (BubbleApp.Api)'
2026-03-06 16:59:28.995 +05:30 [INF] HTTP GET /api/widget/config/long responded 204 in 25032.8385 ms
2026-03-06 16:59:29.000 +05:30 [INF] Request finished HTTP/1.1 GET http://localhost:5013/api/widget/config/long?workspace=sample&key=I3UPoNYawpezx-OhSr2hs0DppN8hwow7MpnppypPP-c&since=0 - 204 null null 25042.9743ms
2026-03-06 16:59:29.006 +05:30 [INF] Request starting HTTP/1.1 GET http://localhost:5013/api/widget/config/long?workspace=sample&key=I3UPoNYawpezx-OhSr2hs0DppN8hwow7MpnppypPP-c&since=0 - null null
2026-03-06 16:59:29.010 +05:30 [INF] CORS policy execution successful.
2026-03-06 16:59:29.011 +05:30 [INF] Executing endpoint 'BubbleApp.Api.Controllers.WidgetConfigController.Long (BubbleApp.Api)'
2026-03-06 16:59:29.013 +05:30 [INF] Route matched with {action = "Long", controller = "WidgetConfig"}. Executing controller action with signature System.Threading.Tasks.Task`1[Microsoft.AspNetCore.Mvc.IActionResult] Long(System.String, Int64, System.Threading.CancellationToken) on controller BubbleApp.Api.Controllers.WidgetConfigController (BubbleApp.Api).
2026-03-06 16:59:32.193 +05:30 [INF] Executing StatusCodeResult, setting HTTP status code 204
2026-03-06 16:59:32.195 +05:30 [INF] Executed action BubbleApp.Api.Controllers.WidgetConfigController.Long (BubbleApp.Api) in 25010.249ms
2026-03-06 16:59:32.196 +05:30 [INF] Executed endpoint 'BubbleApp.Api.Controllers.WidgetConfigController.Long (BubbleApp.Api)'
2026-03-06 16:59:32.197 +05:30 [INF] HTTP GET /api/widget/config/long responded 204 in 25016.0316 ms
2026-03-06 16:59:32.198 +05:30 [INF] Request finished HTTP/1.1 GET http://localhost:5013/api/widget/config/long?workspace=sample&key=I3UPoNYawpezx-OhSr2hs0DppN8hwow7MpnppypPP-c&since=639083889967655700 - 204 null null 25020.6539ms
2026-03-06 16:59:32.202 +05:30 [INF] Request starting HTTP/1.1 GET http://localhost:5013/api/widget/config/long?workspace=sample&key=I3UPoNYawpezx-OhSr2hs0DppN8hwow7MpnppypPP-c&since=639083889967655700 - null null
2026-03-06 16:59:32.205 +05:30 [INF] CORS policy execution successful.
2026-03-06 16:59:32.206 +05:30 [INF] Executing endpoint 'BubbleApp.Api.Controllers.WidgetConfigController.Long (BubbleApp.Api)'
2026-03-06 16:59:32.207 +05:30 [INF] Route matched with {action = "Long", controller = "WidgetConfig"}. Executing controller action with signature System.Threading.Tasks.Task`1[Microsoft.AspNetCore.Mvc.IActionResult] Long(System.String, Int64, System.Threading.CancellationToken) on controller BubbleApp.Api.Controllers.WidgetConfigController (BubbleApp.Api).
2026-03-06 16:59:42.518 +05:30 [INF] Request starting HTTP/1.1 GET http://localhost:5013/api/reminders?workspace=sample&key=I3UPoNYawpezx-OhSr2hs0DppN8hwow7MpnppypPP-c&userId=28 - null null
2026-03-06 16:59:42.524 +05:30 [INF] CORS policy execution successful.
2026-03-06 16:59:42.525 +05:30 [INF] Executing endpoint 'BubbleApp.Api.Controllers.RemindersController.Get (BubbleApp.Api)'
2026-03-06 16:59:42.527 +05:30 [INF] Route matched with {action = "Get", controller = "Reminders"}. Executing controller action with signature System.Threading.Tasks.Task`1[Microsoft.AspNetCore.Mvc.IActionResult] Get(System.String, System.String, System.Threading.CancellationToken) on controller BubbleApp.Api.Controllers.RemindersController (BubbleApp.Api).
2026-03-06 16:59:42.534 +05:30 [INF] Executing OkObjectResult, writing value of type 'System.Collections.Generic.List`1[[BubbleApp.Common.ViewModels.Reminder.ReminderDto, BubbleApp.Common, Version=1.0.0.0, Culture=neutral, PublicKeyToken=null]]'.
2026-03-06 16:59:42.537 +05:30 [INF] Executed action BubbleApp.Api.Controllers.RemindersController.Get (BubbleApp.Api) in 6.2179ms
2026-03-06 16:59:42.540 +05:30 [INF] Executed endpoint 'BubbleApp.Api.Controllers.RemindersController.Get (BubbleApp.Api)'
2026-03-06 16:59:42.542 +05:30 [INF] HTTP GET /api/reminders responded 200 in 18.1956 ms
2026-03-06 16:59:42.545 +05:30 [INF] Request finished HTTP/1.1 GET http://localhost:5013/api/reminders?workspace=sample&key=I3UPoNYawpezx-OhSr2hs0DppN8hwow7MpnppypPP-c&userId=28 - 200 null application/json; charset=utf-8 26.9554ms
2026-03-06 16:59:54.021 +05:30 [INF] Executing StatusCodeResult, setting HTTP status code 204
2026-03-06 16:59:54.022 +05:30 [INF] Executed action BubbleApp.Api.Controllers.WidgetConfigController.Long (BubbleApp.Api) in 25005.58ms
2026-03-06 16:59:54.024 +05:30 [INF] Executed endpoint 'BubbleApp.Api.Controllers.WidgetConfigController.Long (BubbleApp.Api)'
2026-03-06 16:59:54.025 +05:30 [INF] HTTP GET /api/widget/config/long responded 204 in 25012.5552 ms
2026-03-06 16:59:54.027 +05:30 [INF] Request finished HTTP/1.1 GET http://localhost:5013/api/widget/config/long?workspace=sample&key=I3UPoNYawpezx-OhSr2hs0DppN8hwow7MpnppypPP-c&since=0 - 204 null null 25018.7661ms
2026-03-06 16:59:54.032 +05:30 [INF] Request starting HTTP/1.1 GET http://localhost:5013/api/widget/config/long?workspace=sample&key=I3UPoNYawpezx-OhSr2hs0DppN8hwow7MpnppypPP-c&since=0 - null null
2026-03-06 16:59:54.036 +05:30 [INF] CORS policy execution successful.
2026-03-06 16:59:54.037 +05:30 [INF] Executing endpoint 'BubbleApp.Api.Controllers.WidgetConfigController.Long (BubbleApp.Api)'
2026-03-06 16:59:54.038 +05:30 [INF] Route matched with {action = "Long", controller = "WidgetConfig"}. Executing controller action with signature System.Threading.Tasks.Task`1[Microsoft.AspNetCore.Mvc.IActionResult] Long(System.String, Int64, System.Threading.CancellationToken) on controller BubbleApp.Api.Controllers.WidgetConfigController (BubbleApp.Api).
2026-03-06 16:59:57.231 +05:30 [INF] Executing StatusCodeResult, setting HTTP status code 204
2026-03-06 16:59:57.237 +05:30 [INF] Executed action BubbleApp.Api.Controllers.WidgetConfigController.Long (BubbleApp.Api) in 25026.9396ms
2026-03-06 16:59:57.240 +05:30 [INF] Executed endpoint 'BubbleApp.Api.Controllers.WidgetConfigController.Long (BubbleApp.Api)'
2026-03-06 16:59:57.241 +05:30 [INF] HTTP GET /api/widget/config/long responded 204 in 25034.3730 ms
2026-03-06 16:59:57.244 +05:30 [INF] Request finished HTTP/1.1 GET http://localhost:5013/api/widget/config/long?workspace=sample&key=I3UPoNYawpezx-OhSr2hs0DppN8hwow7MpnppypPP-c&since=639083889967655700 - 204 null null 25039.7699ms
2026-03-06 16:59:57.256 +05:30 [INF] Request starting HTTP/1.1 GET http://localhost:5013/api/widget/config/long?workspace=sample&key=I3UPoNYawpezx-OhSr2hs0DppN8hwow7MpnppypPP-c&since=639083889967655700 - null null
2026-03-06 16:59:57.259 +05:30 [INF] CORS policy execution successful.
2026-03-06 16:59:57.260 +05:30 [INF] Executing endpoint 'BubbleApp.Api.Controllers.WidgetConfigController.Long (BubbleApp.Api)'
2026-03-06 16:59:57.261 +05:30 [INF] Route matched with {action = "Long", controller = "WidgetConfig"}. Executing controller action with signature System.Threading.Tasks.Task`1[Microsoft.AspNetCore.Mvc.IActionResult] Long(System.String, Int64, System.Threading.CancellationToken) on controller BubbleApp.Api.Controllers.WidgetConfigController (BubbleApp.Api).
2026-03-06 17:00:19.048 +05:30 [INF] Executing StatusCodeResult, setting HTTP status code 204
2026-03-06 17:00:19.054 +05:30 [INF] Executed action BubbleApp.Api.Controllers.WidgetConfigController.Long (BubbleApp.Api) in 25012.1653ms
2026-03-06 17:00:19.059 +05:30 [INF] Executed endpoint 'BubbleApp.Api.Controllers.WidgetConfigController.Long (BubbleApp.Api)'
2026-03-06 17:00:19.060 +05:30 [INF] HTTP GET /api/widget/config/long responded 204 in 25022.6947 ms
2026-03-06 17:00:19.064 +05:30 [INF] Request finished HTTP/1.1 GET http://localhost:5013/api/widget/config/long?workspace=sample&key=I3UPoNYawpezx-OhSr2hs0DppN8hwow7MpnppypPP-c&since=0 - 204 null null 25030.506ms
2026-03-06 17:00:19.067 +05:30 [INF] Request starting HTTP/1.1 GET http://localhost:5013/api/widget/config/long?workspace=sample&key=I3UPoNYawpezx-OhSr2hs0DppN8hwow7MpnppypPP-c&since=0 - null null
2026-03-06 17:00:19.070 +05:30 [INF] CORS policy execution successful.
2026-03-06 17:00:19.071 +05:30 [INF] Executing endpoint 'BubbleApp.Api.Controllers.WidgetConfigController.Long (BubbleApp.Api)'
2026-03-06 17:00:19.072 +05:30 [INF] Route matched with {action = "Long", controller = "WidgetConfig"}. Executing controller action with signature System.Threading.Tasks.Task`1[Microsoft.AspNetCore.Mvc.IActionResult] Long(System.String, Int64, System.Threading.CancellationToken) on controller BubbleApp.Api.Controllers.WidgetConfigController (BubbleApp.Api).
2026-03-06 17:00:22.274 +05:30 [INF] Executing StatusCodeResult, setting HTTP status code 204
2026-03-06 17:00:22.276 +05:30 [INF] Executed action BubbleApp.Api.Controllers.WidgetConfigController.Long (BubbleApp.Api) in 25010.4478ms
2026-03-06 17:00:22.277 +05:30 [INF] Executed endpoint 'BubbleApp.Api.Controllers.WidgetConfigController.Long (BubbleApp.Api)'
2026-03-06 17:00:22.278 +05:30 [INF] HTTP GET /api/widget/config/long responded 204 in 25016.7101 ms
2026-03-06 17:00:22.279 +05:30 [INF] Request finished HTTP/1.1 GET http://localhost:5013/api/widget/config/long?workspace=sample&key=I3UPoNYawpezx-OhSr2hs0DppN8hwow7MpnppypPP-c&since=639083889967655700 - 204 null null 25021.0229ms
2026-03-06 17:00:22.283 +05:30 [INF] Request starting HTTP/1.1 GET http://localhost:5013/api/widget/config/long?workspace=sample&key=I3UPoNYawpezx-OhSr2hs0DppN8hwow7MpnppypPP-c&since=639083889967655700 - null null
2026-03-06 17:00:22.285 +05:30 [INF] CORS policy execution successful.
2026-03-06 17:00:22.286 +05:30 [INF] Executing endpoint 'BubbleApp.Api.Controllers.WidgetConfigController.Long (BubbleApp.Api)'
2026-03-06 17:00:22.286 +05:30 [INF] Route matched with {action = "Long", controller = "WidgetConfig"}. Executing controller action with signature System.Threading.Tasks.Task`1[Microsoft.AspNetCore.Mvc.IActionResult] Long(System.String, Int64, System.Threading.CancellationToken) on controller BubbleApp.Api.Controllers.WidgetConfigController (BubbleApp.Api).
2026-03-06 17:00:44.090 +05:30 [INF] Executing StatusCodeResult, setting HTTP status code 204
2026-03-06 17:00:44.092 +05:30 [INF] Executed action BubbleApp.Api.Controllers.WidgetConfigController.Long (BubbleApp.Api) in 25016.1439ms
2026-03-06 17:00:44.094 +05:30 [INF] Executed endpoint 'BubbleApp.Api.Controllers.WidgetConfigController.Long (BubbleApp.Api)'
2026-03-06 17:00:44.095 +05:30 [INF] HTTP GET /api/widget/config/long responded 204 in 25023.0304 ms
2026-03-06 17:00:44.097 +05:30 [INF] Request finished HTTP/1.1 GET http://localhost:5013/api/widget/config/long?workspace=sample&key=I3UPoNYawpezx-OhSr2hs0DppN8hwow7MpnppypPP-c&since=0 - 204 null null 25027.4922ms
2026-03-06 17:00:44.101 +05:30 [INF] Request starting HTTP/1.1 GET http://localhost:5013/api/widget/config/long?workspace=sample&key=I3UPoNYawpezx-OhSr2hs0DppN8hwow7MpnppypPP-c&since=0 - null null
2026-03-06 17:00:44.104 +05:30 [INF] CORS policy execution successful.
2026-03-06 17:00:44.106 +05:30 [INF] Executing endpoint 'BubbleApp.Api.Controllers.WidgetConfigController.Long (BubbleApp.Api)'
2026-03-06 17:00:44.107 +05:30 [INF] Route matched with {action = "Long", controller = "WidgetConfig"}. Executing controller action with signature System.Threading.Tasks.Task`1[Microsoft.AspNetCore.Mvc.IActionResult] Long(System.String, Int64, System.Threading.CancellationToken) on controller BubbleApp.Api.Controllers.WidgetConfigController (BubbleApp.Api).
2026-03-06 17:00:47.305 +05:30 [INF] Executing StatusCodeResult, setting HTTP status code 204
2026-03-06 17:00:47.306 +05:30 [INF] Executed action BubbleApp.Api.Controllers.WidgetConfigController.Long (BubbleApp.Api) in 25016.5446ms
2026-03-06 17:00:47.307 +05:30 [INF] Executed endpoint 'BubbleApp.Api.Controllers.WidgetConfigController.Long (BubbleApp.Api)'
2026-03-06 17:00:47.308 +05:30 [INF] HTTP GET /api/widget/config/long responded 204 in 25021.4008 ms
2026-03-06 17:00:47.309 +05:30 [INF] Request finished HTTP/1.1 GET http://localhost:5013/api/widget/config/long?workspace=sample&key=I3UPoNYawpezx-OhSr2hs0DppN8hwow7MpnppypPP-c&since=639083889967655700 - 204 null null 25024.9613ms
2026-03-06 17:00:47.312 +05:30 [INF] Request starting HTTP/1.1 GET http://localhost:5013/api/widget/config/long?workspace=sample&key=I3UPoNYawpezx-OhSr2hs0DppN8hwow7MpnppypPP-c&since=639083889967655700 - null null
2026-03-06 17:00:47.314 +05:30 [INF] CORS policy execution successful.
2026-03-06 17:00:47.315 +05:30 [INF] Executing endpoint 'BubbleApp.Api.Controllers.WidgetConfigController.Long (BubbleApp.Api)'
2026-03-06 17:00:47.316 +05:30 [INF] Route matched with {action = "Long", controller = "WidgetConfig"}. Executing controller action with signature System.Threading.Tasks.Task`1[Microsoft.AspNetCore.Mvc.IActionResult] Long(System.String, Int64, System.Threading.CancellationToken) on controller BubbleApp.Api.Controllers.WidgetConfigController (BubbleApp.Api).
2026-03-06 17:01:09.116 +05:30 [INF] Executing StatusCodeResult, setting HTTP status code 204
2026-03-06 17:01:09.118 +05:30 [INF] Executed action BubbleApp.Api.Controllers.WidgetConfigController.Long (BubbleApp.Api) in 25007.7529ms
2026-03-06 17:01:09.120 +05:30 [INF] Executed endpoint 'BubbleApp.Api.Controllers.WidgetConfigController.Long (BubbleApp.Api)'
2026-03-06 17:01:09.120 +05:30 [INF] HTTP GET /api/widget/config/long responded 204 in 25014.6958 ms
2026-03-06 17:01:09.123 +05:30 [INF] Request finished HTTP/1.1 GET http://localhost:5013/api/widget/config/long?workspace=sample&key=I3UPoNYawpezx-OhSr2hs0DppN8hwow7MpnppypPP-c&since=0 - 204 null null 25019.792ms
2026-03-06 17:01:09.127 +05:30 [INF] Request starting HTTP/1.1 GET http://localhost:5013/api/widget/config/long?workspace=sample&key=I3UPoNYawpezx-OhSr2hs0DppN8hwow7MpnppypPP-c&since=0 - null null
2026-03-06 17:01:09.130 +05:30 [INF] CORS policy execution successful.
2026-03-06 17:01:09.131 +05:30 [INF] Executing endpoint 'BubbleApp.Api.Controllers.WidgetConfigController.Long (BubbleApp.Api)'
2026-03-06 17:01:09.132 +05:30 [INF] Route matched with {action = "Long", controller = "WidgetConfig"}. Executing controller action with signature System.Threading.Tasks.Task`1[Microsoft.AspNetCore.Mvc.IActionResult] Long(System.String, Int64, System.Threading.CancellationToken) on controller BubbleApp.Api.Controllers.WidgetConfigController (BubbleApp.Api).
2026-03-06 17:01:12.327 +05:30 [INF] Executing StatusCodeResult, setting HTTP status code 204
2026-03-06 17:01:12.330 +05:30 [INF] Executed action BubbleApp.Api.Controllers.WidgetConfigController.Long (BubbleApp.Api) in 25009.8ms
2026-03-06 17:01:12.332 +05:30 [INF] Executed endpoint 'BubbleApp.Api.Controllers.WidgetConfigController.Long (BubbleApp.Api)'
2026-03-06 17:01:12.334 +05:30 [INF] HTTP GET /api/widget/config/long responded 204 in 25017.4148 ms
2026-03-06 17:01:12.336 +05:30 [INF] Request finished HTTP/1.1 GET http://localhost:5013/api/widget/config/long?workspace=sample&key=I3UPoNYawpezx-OhSr2hs0DppN8hwow7MpnppypPP-c&since=639083889967655700 - 204 null null 25021.4258ms
2026-03-06 17:01:12.339 +05:30 [INF] Request starting HTTP/1.1 GET http://localhost:5013/api/widget/config/long?workspace=sample&key=I3UPoNYawpezx-OhSr2hs0DppN8hwow7MpnppypPP-c&since=639083889967655700 - null null
2026-03-06 17:01:12.342 +05:30 [INF] CORS policy execution successful.
2026-03-06 17:01:12.343 +05:30 [INF] Executing endpoint 'BubbleApp.Api.Controllers.WidgetConfigController.Long (BubbleApp.Api)'
2026-03-06 17:01:12.344 +05:30 [INF] Route matched with {action = "Long", controller = "WidgetConfig"}. Executing controller action with signature System.Threading.Tasks.Task`1[Microsoft.AspNetCore.Mvc.IActionResult] Long(System.String, Int64, System.Threading.CancellationToken) on controller BubbleApp.Api.Controllers.WidgetConfigController (BubbleApp.Api).
2026-03-06 17:01:34.139 +05:30 [INF] Executing StatusCodeResult, setting HTTP status code 204
2026-03-06 17:01:34.141 +05:30 [INF] Executed action BubbleApp.Api.Controllers.WidgetConfigController.Long (BubbleApp.Api) in 25005.2419ms
2026-03-06 17:01:34.142 +05:30 [INF] Executed endpoint 'BubbleApp.Api.Controllers.WidgetConfigController.Long (BubbleApp.Api)'
2026-03-06 17:01:34.143 +05:30 [INF] HTTP GET /api/widget/config/long responded 204 in 25010.8401 ms
2026-03-06 17:01:34.145 +05:30 [INF] Request finished HTTP/1.1 GET http://localhost:5013/api/widget/config/long?workspace=sample&key=I3UPoNYawpezx-OhSr2hs0DppN8hwow7MpnppypPP-c&since=0 - 204 null null 25016.7515ms
2026-03-06 17:01:34.150 +05:30 [INF] Request starting HTTP/1.1 GET http://localhost:5013/api/widget/config/long?workspace=sample&key=I3UPoNYawpezx-OhSr2hs0DppN8hwow7MpnppypPP-c&since=0 - null null
2026-03-06 17:01:34.153 +05:30 [INF] CORS policy execution successful.
2026-03-06 17:01:34.154 +05:30 [INF] Executing endpoint 'BubbleApp.Api.Controllers.WidgetConfigController.Long (BubbleApp.Api)'
2026-03-06 17:01:34.155 +05:30 [INF] Route matched with {action = "Long", controller = "WidgetConfig"}. Executing controller action with signature System.Threading.Tasks.Task`1[Microsoft.AspNetCore.Mvc.IActionResult] Long(System.String, Int64, System.Threading.CancellationToken) on controller BubbleApp.Api.Controllers.WidgetConfigController (BubbleApp.Api).
2026-03-06 17:01:37.362 +05:30 [INF] Executing StatusCodeResult, setting HTTP status code 204
2026-03-06 17:01:37.364 +05:30 [INF] Executed action BubbleApp.Api.Controllers.WidgetConfigController.Long (BubbleApp.Api) in 25015.7006ms
2026-03-06 17:01:37.365 +05:30 [INF] Executed endpoint 'BubbleApp.Api.Controllers.WidgetConfigController.Long (BubbleApp.Api)'
2026-03-06 17:01:37.367 +05:30 [INF] HTTP GET /api/widget/config/long responded 204 in 25022.6975 ms
2026-03-06 17:01:37.369 +05:30 [INF] Request finished HTTP/1.1 GET http://localhost:5013/api/widget/config/long?workspace=sample&key=I3UPoNYawpezx-OhSr2hs0DppN8hwow7MpnppypPP-c&since=639083889967655700 - 204 null null 25027.8366ms
2026-03-06 17:01:37.372 +05:30 [INF] Request starting HTTP/1.1 GET http://localhost:5013/api/widget/config/long?workspace=sample&key=I3UPoNYawpezx-OhSr2hs0DppN8hwow7MpnppypPP-c&since=639083889967655700 - null null
2026-03-06 17:01:37.375 +05:30 [INF] CORS policy execution successful.
2026-03-06 17:01:37.376 +05:30 [INF] Executing endpoint 'BubbleApp.Api.Controllers.WidgetConfigController.Long (BubbleApp.Api)'
2026-03-06 17:01:37.378 +05:30 [INF] Route matched with {action = "Long", controller = "WidgetConfig"}. Executing controller action with signature System.Threading.Tasks.Task`1[Microsoft.AspNetCore.Mvc.IActionResult] Long(System.String, Int64, System.Threading.CancellationToken) on controller BubbleApp.Api.Controllers.WidgetConfigController (BubbleApp.Api).
2026-03-06 17:01:42.520 +05:30 [INF] Request starting HTTP/1.1 GET http://localhost:5013/api/reminders?workspace=sample&key=I3UPoNYawpezx-OhSr2hs0DppN8hwow7MpnppypPP-c&userId=28 - null null
2026-03-06 17:01:42.530 +05:30 [INF] CORS policy execution successful.
2026-03-06 17:01:42.531 +05:30 [INF] Executing endpoint 'BubbleApp.Api.Controllers.RemindersController.Get (BubbleApp.Api)'
2026-03-06 17:01:42.533 +05:30 [INF] Route matched with {action = "Get", controller = "Reminders"}. Executing controller action with signature System.Threading.Tasks.Task`1[Microsoft.AspNetCore.Mvc.IActionResult] Get(System.String, System.String, System.Threading.CancellationToken) on controller BubbleApp.Api.Controllers.RemindersController (BubbleApp.Api).
2026-03-06 17:01:42.539 +05:30 [INF] Executing OkObjectResult, writing value of type 'System.Collections.Generic.List`1[[BubbleApp.Common.ViewModels.Reminder.ReminderDto, BubbleApp.Common, Version=1.0.0.0, Culture=neutral, PublicKeyToken=null]]'.
2026-03-06 17:01:42.541 +05:30 [INF] Executed action BubbleApp.Api.Controllers.RemindersController.Get (BubbleApp.Api) in 5.0891ms
2026-03-06 17:01:42.543 +05:30 [INF] Executed endpoint 'BubbleApp.Api.Controllers.RemindersController.Get (BubbleApp.Api)'
2026-03-06 17:01:42.544 +05:30 [INF] HTTP GET /api/reminders responded 200 in 14.6525 ms
2026-03-06 17:01:42.547 +05:30 [INF] Request finished HTTP/1.1 GET http://localhost:5013/api/reminders?workspace=sample&key=I3UPoNYawpezx-OhSr2hs0DppN8hwow7MpnppypPP-c&userId=28 - 200 null application/json; charset=utf-8 27.1973ms
2026-03-06 17:01:54.933 +05:30 [INF] Request starting HTTP/1.1 GET http://localhost:5013/api/todos?workspace=sample&key=I3UPoNYawpezx-OhSr2hs0DppN8hwow7MpnppypPP-c&userId=28 - null null
2026-03-06 17:01:54.935 +05:30 [INF] CORS policy execution successful.
2026-03-06 17:01:54.936 +05:30 [INF] Executing endpoint 'BubbleApp.Api.Controllers.TodosController.Get (BubbleApp.Api)'
2026-03-06 17:01:54.937 +05:30 [INF] Route matched with {action = "Get", controller = "Todos"}. Executing controller action with signature System.Threading.Tasks.Task`1[Microsoft.AspNetCore.Mvc.IActionResult] Get(System.String, System.String, System.Threading.CancellationToken) on controller BubbleApp.Api.Controllers.TodosController (BubbleApp.Api).
2026-03-06 17:01:54.942 +05:30 [INF] Executing OkObjectResult, writing value of type 'System.Collections.Generic.List`1[[BubbleApp.Common.ViewModels.Todo.TodoDto, BubbleApp.Common, Version=1.0.0.0, Culture=neutral, PublicKeyToken=null]]'.
2026-03-06 17:01:54.945 +05:30 [INF] Executed action BubbleApp.Api.Controllers.TodosController.Get (BubbleApp.Api) in 5.0541ms
2026-03-06 17:01:54.947 +05:30 [INF] Executed endpoint 'BubbleApp.Api.Controllers.TodosController.Get (BubbleApp.Api)'
2026-03-06 17:01:54.949 +05:30 [INF] HTTP GET /api/todos responded 200 in 13.6420 ms
2026-03-06 17:01:54.953 +05:30 [INF] Request finished HTTP/1.1 GET http://localhost:5013/api/todos?workspace=sample&key=I3UPoNYawpezx-OhSr2hs0DppN8hwow7MpnppypPP-c&userId=28 - 200 null application/json; charset=utf-8 19.6744ms
2026-03-06 17:01:56.270 +05:30 [INF] Request starting HTTP/1.1 GET http://localhost:5013/api/notes?workspace=sample&key=I3UPoNYawpezx-OhSr2hs0DppN8hwow7MpnppypPP-c&userId=28 - null null
2026-03-06 17:01:56.273 +05:30 [INF] CORS policy execution successful.
2026-03-06 17:01:56.274 +05:30 [INF] Executing endpoint 'BubbleApp.Api.Controllers.NotesController.Get (BubbleApp.Api)'
2026-03-06 17:01:56.275 +05:30 [INF] Route matched with {action = "Get", controller = "Notes"}. Executing controller action with signature System.Threading.Tasks.Task`1[Microsoft.AspNetCore.Mvc.IActionResult] Get(System.String, System.String, System.Threading.CancellationToken) on controller BubbleApp.Api.Controllers.NotesController (BubbleApp.Api).
2026-03-06 17:01:56.280 +05:30 [INF] Executing OkObjectResult, writing value of type 'System.Collections.Generic.List`1[[BubbleApp.Common.ViewModels.Notes.NoteDto, BubbleApp.Common, Version=1.0.0.0, Culture=neutral, PublicKeyToken=null]]'.
2026-03-06 17:01:56.282 +05:30 [INF] Executed action BubbleApp.Api.Controllers.NotesController.Get (BubbleApp.Api) in 4.7389ms
2026-03-06 17:01:56.284 +05:30 [INF] Executed endpoint 'BubbleApp.Api.Controllers.NotesController.Get (BubbleApp.Api)'
2026-03-06 17:01:56.285 +05:30 [INF] HTTP GET /api/notes responded 200 in 12.5526 ms
2026-03-06 17:01:56.287 +05:30 [INF] Request finished HTTP/1.1 GET http://localhost:5013/api/notes?workspace=sample&key=I3UPoNYawpezx-OhSr2hs0DppN8hwow7MpnppypPP-c&userId=28 - 200 null application/json; charset=utf-8 17.2352ms
2026-03-06 17:01:57.544 +05:30 [INF] Request starting HTTP/1.1 GET http://localhost:5013/api/todos?workspace=sample&key=I3UPoNYawpezx-OhSr2hs0DppN8hwow7MpnppypPP-c&userId=28 - null null
2026-03-06 17:01:57.546 +05:30 [INF] CORS policy execution successful.
2026-03-06 17:01:57.547 +05:30 [INF] Executing endpoint 'BubbleApp.Api.Controllers.TodosController.Get (BubbleApp.Api)'
2026-03-06 17:01:57.548 +05:30 [INF] Route matched with {action = "Get", controller = "Todos"}. Executing controller action with signature System.Threading.Tasks.Task`1[Microsoft.AspNetCore.Mvc.IActionResult] Get(System.String, System.String, System.Threading.CancellationToken) on controller BubbleApp.Api.Controllers.TodosController (BubbleApp.Api).
2026-03-06 17:01:57.553 +05:30 [INF] Executing OkObjectResult, writing value of type 'System.Collections.Generic.List`1[[BubbleApp.Common.ViewModels.Todo.TodoDto, BubbleApp.Common, Version=1.0.0.0, Culture=neutral, PublicKeyToken=null]]'.
2026-03-06 17:01:57.554 +05:30 [INF] Executed action BubbleApp.Api.Controllers.TodosController.Get (BubbleApp.Api) in 4.3708ms
2026-03-06 17:01:57.556 +05:30 [INF] Executed endpoint 'BubbleApp.Api.Controllers.TodosController.Get (BubbleApp.Api)'
2026-03-06 17:01:57.558 +05:30 [INF] HTTP GET /api/todos responded 200 in 11.4973 ms
2026-03-06 17:01:57.561 +05:30 [INF] Request finished HTTP/1.1 GET http://localhost:5013/api/todos?workspace=sample&key=I3UPoNYawpezx-OhSr2hs0DppN8hwow7MpnppypPP-c&userId=28 - 200 null application/json; charset=utf-8 16.4892ms
2026-03-06 17:01:59.174 +05:30 [INF] Executing StatusCodeResult, setting HTTP status code 204
2026-03-06 17:01:59.176 +05:30 [INF] Executed action BubbleApp.Api.Controllers.WidgetConfigController.Long (BubbleApp.Api) in 25016.9534ms
2026-03-06 17:01:59.177 +05:30 [INF] Executed endpoint 'BubbleApp.Api.Controllers.WidgetConfigController.Long (BubbleApp.Api)'
2026-03-06 17:01:59.178 +05:30 [INF] HTTP GET /api/widget/config/long responded 204 in 25023.8659 ms
2026-03-06 17:01:59.180 +05:30 [INF] Request finished HTTP/1.1 GET http://localhost:5013/api/widget/config/long?workspace=sample&key=I3UPoNYawpezx-OhSr2hs0DppN8hwow7MpnppypPP-c&since=0 - 204 null null 25028.4227ms
2026-03-06 17:01:59.185 +05:30 [INF] Request starting HTTP/1.1 GET http://localhost:5013/api/widget/config/long?workspace=sample&key=I3UPoNYawpezx-OhSr2hs0DppN8hwow7MpnppypPP-c&since=0 - null null
2026-03-06 17:01:59.187 +05:30 [INF] CORS policy execution successful.
2026-03-06 17:01:59.189 +05:30 [INF] Executing endpoint 'BubbleApp.Api.Controllers.WidgetConfigController.Long (BubbleApp.Api)'
2026-03-06 17:01:59.190 +05:30 [INF] Route matched with {action = "Long", controller = "WidgetConfig"}. Executing controller action with signature System.Threading.Tasks.Task`1[Microsoft.AspNetCore.Mvc.IActionResult] Long(System.String, Int64, System.Threading.CancellationToken) on controller BubbleApp.Api.Controllers.WidgetConfigController (BubbleApp.Api).
2026-03-06 17:02:01.040 +05:30 [INF] Request starting HTTP/1.1 OPTIONS http://localhost:5013/api/todos - null null
2026-03-06 17:02:01.043 +05:30 [INF] CORS policy execution successful.
2026-03-06 17:02:01.044 +05:30 [INF] HTTP OPTIONS /api/todos responded 204 in 0.9038 ms
2026-03-06 17:02:01.046 +05:30 [INF] Request finished HTTP/1.1 OPTIONS http://localhost:5013/api/todos - 204 null null 5.798ms
2026-03-06 17:02:01.050 +05:30 [INF] Request starting HTTP/1.1 POST http://localhost:5013/api/todos - application/json 137
2026-03-06 17:02:01.053 +05:30 [INF] CORS policy execution successful.
2026-03-06 17:02:01.054 +05:30 [INF] Executing endpoint 'BubbleApp.Api.Controllers.TodosController.Create (BubbleApp.Api)'
2026-03-06 17:02:01.055 +05:30 [INF] Route matched with {action = "Create", controller = "Todos"}. Executing controller action with signature System.Threading.Tasks.Task`1[Microsoft.AspNetCore.Mvc.IActionResult] Create(CreateTodoDto, System.Threading.CancellationToken) on controller BubbleApp.Api.Controllers.TodosController (BubbleApp.Api).
2026-03-06 17:02:01.060 +05:30 [INF] Executing OkObjectResult, writing value of type 'BubbleApp.Common.ViewModels.Todo.TodoDto'.
2026-03-06 17:02:01.062 +05:30 [INF] Executed action BubbleApp.Api.Controllers.TodosController.Create (BubbleApp.Api) in 4.2697ms
2026-03-06 17:02:01.070 +05:30 [INF] Executed endpoint 'BubbleApp.Api.Controllers.TodosController.Create (BubbleApp.Api)'
2026-03-06 17:02:01.072 +05:30 [INF] HTTP POST /api/todos responded 200 in 18.6192 ms
2026-03-06 17:02:01.082 +05:30 [INF] Request finished HTTP/1.1 POST http://localhost:5013/api/todos - 200 null application/json; charset=utf-8 32.2336ms
2026-03-06 17:02:01.089 +05:30 [INF] Request starting HTTP/1.1 GET http://localhost:5013/api/todos?workspace=sample&key=I3UPoNYawpezx-OhSr2hs0DppN8hwow7MpnppypPP-c&userId=28 - null null
2026-03-06 17:02:01.093 +05:30 [INF] CORS policy execution successful.
2026-03-06 17:02:01.095 +05:30 [INF] Executing endpoint 'BubbleApp.Api.Controllers.TodosController.Get (BubbleApp.Api)'
2026-03-06 17:02:01.097 +05:30 [INF] Route matched with {action = "Get", controller = "Todos"}. Executing controller action with signature System.Threading.Tasks.Task`1[Microsoft.AspNetCore.Mvc.IActionResult] Get(System.String, System.String, System.Threading.CancellationToken) on controller BubbleApp.Api.Controllers.TodosController (BubbleApp.Api).
2026-03-06 17:02:01.101 +05:30 [INF] Executing OkObjectResult, writing value of type 'System.Collections.Generic.List`1[[BubbleApp.Common.ViewModels.Todo.TodoDto, BubbleApp.Common, Version=1.0.0.0, Culture=neutral, PublicKeyToken=null]]'.
2026-03-06 17:02:01.104 +05:30 [INF] Executed action BubbleApp.Api.Controllers.TodosController.Get (BubbleApp.Api) in 4.7769ms
2026-03-06 17:02:01.107 +05:30 [INF] Executed endpoint 'BubbleApp.Api.Controllers.TodosController.Get (BubbleApp.Api)'
2026-03-06 17:02:01.109 +05:30 [INF] HTTP GET /api/todos responded 200 in 15.4585 ms
2026-03-06 17:02:01.113 +05:30 [INF] Request finished HTTP/1.1 GET http://localhost:5013/api/todos?workspace=sample&key=I3UPoNYawpezx-OhSr2hs0DppN8hwow7MpnppypPP-c&userId=28 - 200 null application/json; charset=utf-8 23.4769ms
2026-03-06 17:02:02.396 +05:30 [INF] Executing StatusCodeResult, setting HTTP status code 204
2026-03-06 17:02:02.397 +05:30 [INF] Executed action BubbleApp.Api.Controllers.WidgetConfigController.Long (BubbleApp.Api) in 25016.2801ms
2026-03-06 17:02:02.398 +05:30 [INF] Executed endpoint 'BubbleApp.Api.Controllers.WidgetConfigController.Long (BubbleApp.Api)'
2026-03-06 17:02:02.399 +05:30 [INF] HTTP GET /api/widget/config/long responded 204 in 25022.1879 ms
2026-03-06 17:02:02.401 +05:30 [INF] Request finished HTTP/1.1 GET http://localhost:5013/api/widget/config/long?workspace=sample&key=I3UPoNYawpezx-OhSr2hs0DppN8hwow7MpnppypPP-c&since=639083889967655700 - 204 null null 25026.8443ms
2026-03-06 17:02:02.414 +05:30 [INF] Request starting HTTP/1.1 GET http://localhost:5013/api/widget/config/long?workspace=sample&key=I3UPoNYawpezx-OhSr2hs0DppN8hwow7MpnppypPP-c&since=639083889967655700 - null null
2026-03-06 17:02:02.416 +05:30 [INF] CORS policy execution successful.
2026-03-06 17:02:02.417 +05:30 [INF] Executing endpoint 'BubbleApp.Api.Controllers.WidgetConfigController.Long (BubbleApp.Api)'
2026-03-06 17:02:02.418 +05:30 [INF] Route matched with {action = "Long", controller = "WidgetConfig"}. Executing controller action with signature System.Threading.Tasks.Task`1[Microsoft.AspNetCore.Mvc.IActionResult] Long(System.String, Int64, System.Threading.CancellationToken) on controller BubbleApp.Api.Controllers.WidgetConfigController (BubbleApp.Api).
2026-03-06 17:02:09.692 +05:30 [INF] Request starting HTTP/1.1 GET http://localhost:5013/api/notes?workspace=sample&key=I3UPoNYawpezx-OhSr2hs0DppN8hwow7MpnppypPP-c&userId=28 - null null
2026-03-06 17:02:09.696 +05:30 [INF] CORS policy execution successful.
2026-03-06 17:02:09.697 +05:30 [INF] Executing endpoint 'BubbleApp.Api.Controllers.NotesController.Get (BubbleApp.Api)'
2026-03-06 17:02:09.698 +05:30 [INF] Route matched with {action = "Get", controller = "Notes"}. Executing controller action with signature System.Threading.Tasks.Task`1[Microsoft.AspNetCore.Mvc.IActionResult] Get(System.String, System.String, System.Threading.CancellationToken) on controller BubbleApp.Api.Controllers.NotesController (BubbleApp.Api).
2026-03-06 17:02:09.704 +05:30 [INF] Executing OkObjectResult, writing value of type 'System.Collections.Generic.List`1[[BubbleApp.Common.ViewModels.Notes.NoteDto, BubbleApp.Common, Version=1.0.0.0, Culture=neutral, PublicKeyToken=null]]'.
2026-03-06 17:02:09.706 +05:30 [INF] Executed action BubbleApp.Api.Controllers.NotesController.Get (BubbleApp.Api) in 5.2389ms
2026-03-06 17:02:09.708 +05:30 [INF] Executed endpoint 'BubbleApp.Api.Controllers.NotesController.Get (BubbleApp.Api)'
2026-03-06 17:02:09.710 +05:30 [INF] HTTP GET /api/notes responded 200 in 13.1610 ms
2026-03-06 17:02:09.712 +05:30 [INF] Request finished HTTP/1.1 GET http://localhost:5013/api/notes?workspace=sample&key=I3UPoNYawpezx-OhSr2hs0DppN8hwow7MpnppypPP-c&userId=28 - 200 null application/json; charset=utf-8 19.3932ms
2026-03-06 17:02:10.786 +05:30 [INF] Request starting HTTP/1.1 GET http://localhost:5013/api/todos?workspace=sample&key=I3UPoNYawpezx-OhSr2hs0DppN8hwow7MpnppypPP-c&userId=28 - null null
2026-03-06 17:02:10.790 +05:30 [INF] CORS policy execution successful.
2026-03-06 17:02:10.791 +05:30 [INF] Executing endpoint 'BubbleApp.Api.Controllers.TodosController.Get (BubbleApp.Api)'
2026-03-06 17:02:10.792 +05:30 [INF] Route matched with {action = "Get", controller = "Todos"}. Executing controller action with signature System.Threading.Tasks.Task`1[Microsoft.AspNetCore.Mvc.IActionResult] Get(System.String, System.String, System.Threading.CancellationToken) on controller BubbleApp.Api.Controllers.TodosController (BubbleApp.Api).
2026-03-06 17:02:10.799 +05:30 [INF] Executing OkObjectResult, writing value of type 'System.Collections.Generic.List`1[[BubbleApp.Common.ViewModels.Todo.TodoDto, BubbleApp.Common, Version=1.0.0.0, Culture=neutral, PublicKeyToken=null]]'.
2026-03-06 17:02:10.802 +05:30 [INF] Executed action BubbleApp.Api.Controllers.TodosController.Get (BubbleApp.Api) in 7.0915ms
2026-03-06 17:02:10.804 +05:30 [INF] Executed endpoint 'BubbleApp.Api.Controllers.TodosController.Get (BubbleApp.Api)'
2026-03-06 17:02:10.806 +05:30 [INF] HTTP GET /api/todos responded 200 in 16.5984 ms
2026-03-06 17:02:10.809 +05:30 [INF] Request finished HTTP/1.1 GET http://localhost:5013/api/todos?workspace=sample&key=I3UPoNYawpezx-OhSr2hs0DppN8hwow7MpnppypPP-c&userId=28 - 200 null application/json; charset=utf-8 22.8002ms
2026-03-06 17:02:12.431 +05:30 [INF] Request starting HTTP/1.1 OPTIONS http://localhost:5013/api/todos/dd035675-8e8b-46e2-a08f-6c8589d5e159 - null null
2026-03-06 17:02:12.434 +05:30 [INF] CORS policy execution successful.
2026-03-06 17:02:12.435 +05:30 [INF] HTTP OPTIONS /api/todos/dd035675-8e8b-46e2-a08f-6c8589d5e159 responded 204 in 0.9038 ms
2026-03-06 17:02:12.436 +05:30 [INF] Request finished HTTP/1.1 OPTIONS http://localhost:5013/api/todos/dd035675-8e8b-46e2-a08f-6c8589d5e159 - 204 null null 5.2787ms
2026-03-06 17:02:12.442 +05:30 [INF] Request starting HTTP/1.1 PATCH http://localhost:5013/api/todos/dd035675-8e8b-46e2-a08f-6c8589d5e159 - application/json 100
2026-03-06 17:02:12.446 +05:30 [INF] CORS policy execution successful.
2026-03-06 17:02:12.447 +05:30 [INF] Executing endpoint 'BubbleApp.Api.Controllers.TodosController.PatchDone (BubbleApp.Api)'
2026-03-06 17:02:12.449 +05:30 [INF] Route matched with {action = "PatchDone", controller = "Todos"}. Executing controller action with signature System.Threading.Tasks.Task`1[Microsoft.AspNetCore.Mvc.IActionResult] PatchDone(System.String, PatchDoneDto, System.Threading.CancellationToken) on controller BubbleApp.Api.Controllers.TodosController (BubbleApp.Api).
2026-03-06 17:02:12.455 +05:30 [INF] Executing StatusCodeResult, setting HTTP status code 204
2026-03-06 17:02:12.457 +05:30 [INF] Executed action BubbleApp.Api.Controllers.TodosController.PatchDone (BubbleApp.Api) in 4.8532ms
2026-03-06 17:02:12.460 +05:30 [INF] Executed endpoint 'BubbleApp.Api.Controllers.TodosController.PatchDone (BubbleApp.Api)'
2026-03-06 17:02:12.462 +05:30 [INF] HTTP PATCH /api/todos/dd035675-8e8b-46e2-a08f-6c8589d5e159 responded 204 in 15.6921 ms
2026-03-06 17:02:12.464 +05:30 [INF] Request finished HTTP/1.1 PATCH http://localhost:5013/api/todos/dd035675-8e8b-46e2-a08f-6c8589d5e159 - 204 null null 22.6869ms
2026-03-06 17:02:13.936 +05:30 [INF] Request starting HTTP/1.1 GET http://localhost:5013/api/general?workspace=sample&key=I3UPoNYawpezx-OhSr2hs0DppN8hwow7MpnppypPP-c - null null
2026-03-06 17:02:13.941 +05:30 [INF] CORS policy execution successful.
2026-03-06 17:02:13.942 +05:30 [INF] Executing endpoint 'BubbleApp.Api.Controllers.GeneralController.Get (BubbleApp.Api)'
2026-03-06 17:02:13.952 +05:30 [INF] Route matched with {action = "Get", controller = "General"}. Executing controller action with signature System.Threading.Tasks.Task`1[Microsoft.AspNetCore.Mvc.IActionResult] Get(System.String, System.Threading.CancellationToken) on controller BubbleApp.Api.Controllers.GeneralController (BubbleApp.Api).
2026-03-06 17:02:13.973 +05:30 [INF] Executing OkObjectResult, writing value of type 'System.Collections.Generic.List`1[[BubbleApp.Common.ViewModels.General.GeneralMessageDto, BubbleApp.Common, Version=1.0.0.0, Culture=neutral, PublicKeyToken=null]]'.
2026-03-06 17:02:13.979 +05:30 [INF] Executed action BubbleApp.Api.Controllers.GeneralController.Get (BubbleApp.Api) in 9.0619ms
2026-03-06 17:02:13.981 +05:30 [INF] Executed endpoint 'BubbleApp.Api.Controllers.GeneralController.Get (BubbleApp.Api)'
2026-03-06 17:02:13.983 +05:30 [INF] HTTP GET /api/general responded 200 in 42.7879 ms
2026-03-06 17:02:13.987 +05:30 [INF] Request finished HTTP/1.1 GET http://localhost:5013/api/general?workspace=sample&key=I3UPoNYawpezx-OhSr2hs0DppN8hwow7MpnppypPP-c - 200 null application/json; charset=utf-8 50.4955ms
2026-03-06 17:02:15.219 +05:30 [INF] Request starting HTTP/1.1 GET http://localhost:5013/api/todos?workspace=sample&key=I3UPoNYawpezx-OhSr2hs0DppN8hwow7MpnppypPP-c&userId=28 - null null
2026-03-06 17:02:15.221 +05:30 [INF] CORS policy execution successful.
2026-03-06 17:02:15.222 +05:30 [INF] Executing endpoint 'BubbleApp.Api.Controllers.TodosController.Get (BubbleApp.Api)'
2026-03-06 17:02:15.223 +05:30 [INF] Route matched with {action = "Get", controller = "Todos"}. Executing controller action with signature System.Threading.Tasks.Task`1[Microsoft.AspNetCore.Mvc.IActionResult] Get(System.String, System.String, System.Threading.CancellationToken) on controller BubbleApp.Api.Controllers.TodosController (BubbleApp.Api).
2026-03-06 17:02:15.228 +05:30 [INF] Executing OkObjectResult, writing value of type 'System.Collections.Generic.List`1[[BubbleApp.Common.ViewModels.Todo.TodoDto, BubbleApp.Common, Version=1.0.0.0, Culture=neutral, PublicKeyToken=null]]'.
2026-03-06 17:02:15.230 +05:30 [INF] Executed action BubbleApp.Api.Controllers.TodosController.Get (BubbleApp.Api) in 4.8106ms
2026-03-06 17:02:15.232 +05:30 [INF] Executed endpoint 'BubbleApp.Api.Controllers.TodosController.Get (BubbleApp.Api)'
2026-03-06 17:02:15.233 +05:30 [INF] HTTP GET /api/todos responded 200 in 11.7974 ms
2026-03-06 17:02:15.235 +05:30 [INF] Request finished HTTP/1.1 GET http://localhost:5013/api/todos?workspace=sample&key=I3UPoNYawpezx-OhSr2hs0DppN8hwow7MpnppypPP-c&userId=28 - 200 null application/json; charset=utf-8 16.6282ms
2026-03-06 17:02:17.454 +05:30 [INF] Request starting HTTP/1.1 GET http://localhost:5013/api/reminders?workspace=sample&key=I3UPoNYawpezx-OhSr2hs0DppN8hwow7MpnppypPP-c&userId=28 - null null
2026-03-06 17:02:17.459 +05:30 [INF] CORS policy execution successful.
2026-03-06 17:02:17.460 +05:30 [INF] Executing endpoint 'BubbleApp.Api.Controllers.RemindersController.Get (BubbleApp.Api)'
2026-03-06 17:02:17.461 +05:30 [INF] Route matched with {action = "Get", controller = "Reminders"}. Executing controller action with signature System.Threading.Tasks.Task`1[Microsoft.AspNetCore.Mvc.IActionResult] Get(System.String, System.String, System.Threading.CancellationToken) on controller BubbleApp.Api.Controllers.RemindersController (BubbleApp.Api).
2026-03-06 17:02:17.468 +05:30 [INF] Executing OkObjectResult, writing value of type 'System.Collections.Generic.List`1[[BubbleApp.Common.ViewModels.Reminder.ReminderDto, BubbleApp.Common, Version=1.0.0.0, Culture=neutral, PublicKeyToken=null]]'.
2026-03-06 17:02:17.470 +05:30 [INF] Executed action BubbleApp.Api.Controllers.RemindersController.Get (BubbleApp.Api) in 4.8908ms
2026-03-06 17:02:17.471 +05:30 [INF] Executed endpoint 'BubbleApp.Api.Controllers.RemindersController.Get (BubbleApp.Api)'
2026-03-06 17:02:17.472 +05:30 [INF] HTTP GET /api/reminders responded 200 in 13.2670 ms
2026-03-06 17:02:17.474 +05:30 [INF] Request finished HTTP/1.1 GET http://localhost:5013/api/reminders?workspace=sample&key=I3UPoNYawpezx-OhSr2hs0DppN8hwow7MpnppypPP-c&userId=28 - 200 null application/json; charset=utf-8 20.1611ms
2026-03-06 17:02:24.202 +05:30 [INF] Executing StatusCodeResult, setting HTTP status code 204
2026-03-06 17:02:24.203 +05:30 [INF] Executed action BubbleApp.Api.Controllers.WidgetConfigController.Long (BubbleApp.Api) in 25007.6959ms
2026-03-06 17:02:24.204 +05:30 [INF] Executed endpoint 'BubbleApp.Api.Controllers.WidgetConfigController.Long (BubbleApp.Api)'
2026-03-06 17:02:24.205 +05:30 [INF] HTTP GET /api/widget/config/long responded 204 in 25015.5875 ms
2026-03-06 17:02:24.206 +05:30 [INF] Request finished HTTP/1.1 GET http://localhost:5013/api/widget/config/long?workspace=sample&key=I3UPoNYawpezx-OhSr2hs0DppN8hwow7MpnppypPP-c&since=0 - 204 null null 25019.8083ms
2026-03-06 17:02:24.209 +05:30 [INF] Request starting HTTP/1.1 GET http://localhost:5013/api/widget/config/long?workspace=sample&key=I3UPoNYawpezx-OhSr2hs0DppN8hwow7MpnppypPP-c&since=0 - null null
2026-03-06 17:02:24.211 +05:30 [INF] CORS policy execution successful.
2026-03-06 17:02:24.212 +05:30 [INF] Executing endpoint 'BubbleApp.Api.Controllers.WidgetConfigController.Long (BubbleApp.Api)'
2026-03-06 17:02:24.213 +05:30 [INF] Route matched with {action = "Long", controller = "WidgetConfig"}. Executing controller action with signature System.Threading.Tasks.Task`1[Microsoft.AspNetCore.Mvc.IActionResult] Long(System.String, Int64, System.Threading.CancellationToken) on controller BubbleApp.Api.Controllers.WidgetConfigController (BubbleApp.Api).
2026-03-06 17:02:27.343 +05:30 [INF] Request starting HTTP/1.1 GET http://localhost:5013/api/notes?workspace=sample&key=I3UPoNYawpezx-OhSr2hs0DppN8hwow7MpnppypPP-c&userId=28 - null null
2026-03-06 17:02:27.345 +05:30 [INF] CORS policy execution successful.
2026-03-06 17:02:27.347 +05:30 [INF] Executing endpoint 'BubbleApp.Api.Controllers.NotesController.Get (BubbleApp.Api)'
2026-03-06 17:02:27.348 +05:30 [INF] Route matched with {action = "Get", controller = "Notes"}. Executing controller action with signature System.Threading.Tasks.Task`1[Microsoft.AspNetCore.Mvc.IActionResult] Get(System.String, System.String, System.Threading.CancellationToken) on controller BubbleApp.Api.Controllers.NotesController (BubbleApp.Api).
2026-03-06 17:02:27.354 +05:30 [INF] Executing OkObjectResult, writing value of type 'System.Collections.Generic.List`1[[BubbleApp.Common.ViewModels.Notes.NoteDto, BubbleApp.Common, Version=1.0.0.0, Culture=neutral, PublicKeyToken=null]]'.
2026-03-06 17:02:27.356 +05:30 [INF] Executed action BubbleApp.Api.Controllers.NotesController.Get (BubbleApp.Api) in 7.0344ms
2026-03-06 17:02:27.359 +05:30 [INF] Executed endpoint 'BubbleApp.Api.Controllers.NotesController.Get (BubbleApp.Api)'
2026-03-06 17:02:27.361 +05:30 [INF] HTTP GET /api/notes responded 200 in 15.2854 ms
2026-03-06 17:02:27.364 +05:30 [INF] Request finished HTTP/1.1 GET http://localhost:5013/api/notes?workspace=sample&key=I3UPoNYawpezx-OhSr2hs0DppN8hwow7MpnppypPP-c&userId=28 - 200 null application/json; charset=utf-8 21.1296ms
2026-03-06 17:02:27.433 +05:30 [INF] Executing StatusCodeResult, setting HTTP status code 204
2026-03-06 17:02:27.434 +05:30 [INF] Executed action BubbleApp.Api.Controllers.WidgetConfigController.Long (BubbleApp.Api) in 25012.4915ms
2026-03-06 17:02:27.436 +05:30 [INF] Executed endpoint 'BubbleApp.Api.Controllers.WidgetConfigController.Long (BubbleApp.Api)'
2026-03-06 17:02:27.438 +05:30 [INF] HTTP GET /api/widget/config/long responded 204 in 25019.3820 ms
2026-03-06 17:02:27.440 +05:30 [INF] Request finished HTTP/1.1 GET http://localhost:5013/api/widget/config/long?workspace=sample&key=I3UPoNYawpezx-OhSr2hs0DppN8hwow7MpnppypPP-c&since=639083889967655700 - 204 null null 25023.7827ms
2026-03-06 17:02:27.466 +05:30 [INF] Request starting HTTP/1.1 GET http://localhost:5013/api/widget/config/long?workspace=sample&key=I3UPoNYawpezx-OhSr2hs0DppN8hwow7MpnppypPP-c&since=639083889967655700 - null null
2026-03-06 17:02:27.470 +05:30 [INF] CORS policy execution successful.
2026-03-06 17:02:27.472 +05:30 [INF] Executing endpoint 'BubbleApp.Api.Controllers.WidgetConfigController.Long (BubbleApp.Api)'
2026-03-06 17:02:27.474 +05:30 [INF] Route matched with {action = "Long", controller = "WidgetConfig"}. Executing controller action with signature System.Threading.Tasks.Task`1[Microsoft.AspNetCore.Mvc.IActionResult] Long(System.String, Int64, System.Threading.CancellationToken) on controller BubbleApp.Api.Controllers.WidgetConfigController (BubbleApp.Api).
2026-03-06 17:02:30.503 +05:30 [INF] Request starting HTTP/1.1 GET http://localhost:5013/api/todos?workspace=sample&key=I3UPoNYawpezx-OhSr2hs0DppN8hwow7MpnppypPP-c&userId=28 - null null
2026-03-06 17:02:30.505 +05:30 [INF] CORS policy execution successful.
2026-03-06 17:02:30.506 +05:30 [INF] Executing endpoint 'BubbleApp.Api.Controllers.TodosController.Get (BubbleApp.Api)'
2026-03-06 17:02:30.507 +05:30 [INF] Route matched with {action = "Get", controller = "Todos"}. Executing controller action with signature System.Threading.Tasks.Task`1[Microsoft.AspNetCore.Mvc.IActionResult] Get(System.String, System.String, System.Threading.CancellationToken) on controller BubbleApp.Api.Controllers.TodosController (BubbleApp.Api).
2026-03-06 17:02:30.511 +05:30 [INF] Executing OkObjectResult, writing value of type 'System.Collections.Generic.List`1[[BubbleApp.Common.ViewModels.Todo.TodoDto, BubbleApp.Common, Version=1.0.0.0, Culture=neutral, PublicKeyToken=null]]'.
2026-03-06 17:02:30.513 +05:30 [INF] Executed action BubbleApp.Api.Controllers.TodosController.Get (BubbleApp.Api) in 3.8229ms
2026-03-06 17:02:30.515 +05:30 [INF] Executed endpoint 'BubbleApp.Api.Controllers.TodosController.Get (BubbleApp.Api)'
2026-03-06 17:02:30.517 +05:30 [INF] HTTP GET /api/todos responded 200 in 11.8492 ms
2026-03-06 17:02:30.520 +05:30 [INF] Request finished HTTP/1.1 GET http://localhost:5013/api/todos?workspace=sample&key=I3UPoNYawpezx-OhSr2hs0DppN8hwow7MpnppypPP-c&userId=28 - 200 null application/json; charset=utf-8 16.8363ms
2026-03-06 17:02:32.042 +05:30 [INF] Request starting HTTP/1.1 GET http://localhost:5013/api/general?workspace=sample&key=I3UPoNYawpezx-OhSr2hs0DppN8hwow7MpnppypPP-c - null null
2026-03-06 17:02:32.045 +05:30 [INF] CORS policy execution successful.
2026-03-06 17:02:32.046 +05:30 [INF] Executing endpoint 'BubbleApp.Api.Controllers.GeneralController.Get (BubbleApp.Api)'
2026-03-06 17:02:32.047 +05:30 [INF] Route matched with {action = "Get", controller = "General"}. Executing controller action with signature System.Threading.Tasks.Task`1[Microsoft.AspNetCore.Mvc.IActionResult] Get(System.String, System.Threading.CancellationToken) on controller BubbleApp.Api.Controllers.GeneralController (BubbleApp.Api).
2026-03-06 17:02:32.053 +05:30 [INF] Executing OkObjectResult, writing value of type 'System.Collections.Generic.List`1[[BubbleApp.Common.ViewModels.General.GeneralMessageDto, BubbleApp.Common, Version=1.0.0.0, Culture=neutral, PublicKeyToken=null]]'.
2026-03-06 17:02:32.055 +05:30 [INF] Executed action BubbleApp.Api.Controllers.GeneralController.Get (BubbleApp.Api) in 5.3626ms
2026-03-06 17:02:32.057 +05:30 [INF] Executed endpoint 'BubbleApp.Api.Controllers.GeneralController.Get (BubbleApp.Api)'
2026-03-06 17:02:32.058 +05:30 [INF] HTTP GET /api/general responded 200 in 13.2964 ms
2026-03-06 17:02:32.061 +05:30 [INF] Request finished HTTP/1.1 GET http://localhost:5013/api/general?workspace=sample&key=I3UPoNYawpezx-OhSr2hs0DppN8hwow7MpnppypPP-c - 200 null application/json; charset=utf-8 18.6689ms
2026-03-06 17:02:36.602 +05:30 [INF] Request starting HTTP/1.1 GET http://localhost:5013/api/general?workspace=sample&key=I3UPoNYawpezx-OhSr2hs0DppN8hwow7MpnppypPP-c - null null
2026-03-06 17:02:36.604 +05:30 [INF] CORS policy execution successful.
2026-03-06 17:02:36.605 +05:30 [INF] Executing endpoint 'BubbleApp.Api.Controllers.GeneralController.Get (BubbleApp.Api)'
2026-03-06 17:02:36.606 +05:30 [INF] Route matched with {action = "Get", controller = "General"}. Executing controller action with signature System.Threading.Tasks.Task`1[Microsoft.AspNetCore.Mvc.IActionResult] Get(System.String, System.Threading.CancellationToken) on controller BubbleApp.Api.Controllers.GeneralController (BubbleApp.Api).
2026-03-06 17:02:36.610 +05:30 [INF] Executing OkObjectResult, writing value of type 'System.Collections.Generic.List`1[[BubbleApp.Common.ViewModels.General.GeneralMessageDto, BubbleApp.Common, Version=1.0.0.0, Culture=neutral, PublicKeyToken=null]]'.
2026-03-06 17:02:36.612 +05:30 [INF] Executed action BubbleApp.Api.Controllers.GeneralController.Get (BubbleApp.Api) in 4.5264ms
2026-03-06 17:02:36.614 +05:30 [INF] Executed endpoint 'BubbleApp.Api.Controllers.GeneralController.Get (BubbleApp.Api)'
2026-03-06 17:02:36.616 +05:30 [INF] HTTP GET /api/general responded 200 in 11.1764 ms
2026-03-06 17:02:36.619 +05:30 [INF] Request finished HTTP/1.1 GET http://localhost:5013/api/general?workspace=sample&key=I3UPoNYawpezx-OhSr2hs0DppN8hwow7MpnppypPP-c - 200 null application/json; charset=utf-8 17.186ms
2026-03-06 17:02:42.603 +05:30 [INF] Request starting HTTP/1.1 GET http://localhost:5013/api/general?workspace=sample&key=I3UPoNYawpezx-OhSr2hs0DppN8hwow7MpnppypPP-c - null null
2026-03-06 17:02:42.604 +05:30 [INF] Request starting HTTP/1.1 GET http://localhost:5013/api/reminders?workspace=sample&key=I3UPoNYawpezx-OhSr2hs0DppN8hwow7MpnppypPP-c&userId=28 - null null
2026-03-06 17:02:42.607 +05:30 [INF] CORS policy execution successful.
2026-03-06 17:02:42.610 +05:30 [INF] CORS policy execution successful.
2026-03-06 17:02:42.611 +05:30 [INF] Executing endpoint 'BubbleApp.Api.Controllers.GeneralController.Get (BubbleApp.Api)'
2026-03-06 17:02:42.613 +05:30 [INF] Executing endpoint 'BubbleApp.Api.Controllers.RemindersController.Get (BubbleApp.Api)'
2026-03-06 17:02:42.614 +05:30 [INF] Route matched with {action = "Get", controller = "General"}. Executing controller action with signature System.Threading.Tasks.Task`1[Microsoft.AspNetCore.Mvc.IActionResult] Get(System.String, System.Threading.CancellationToken) on controller BubbleApp.Api.Controllers.GeneralController (BubbleApp.Api).
2026-03-06 17:02:42.616 +05:30 [INF] Route matched with {action = "Get", controller = "Reminders"}. Executing controller action with signature System.Threading.Tasks.Task`1[Microsoft.AspNetCore.Mvc.IActionResult] Get(System.String, System.String, System.Threading.CancellationToken) on controller BubbleApp.Api.Controllers.RemindersController (BubbleApp.Api).
2026-03-06 17:02:42.630 +05:30 [INF] Executing OkObjectResult, writing value of type 'System.Collections.Generic.List`1[[BubbleApp.Common.ViewModels.General.GeneralMessageDto, BubbleApp.Common, Version=1.0.0.0, Culture=neutral, PublicKeyToken=null]]'.
2026-03-06 17:02:42.647 +05:30 [INF] Executing OkObjectResult, writing value of type 'System.Collections.Generic.List`1[[BubbleApp.Common.ViewModels.Reminder.ReminderDto, BubbleApp.Common, Version=1.0.0.0, Culture=neutral, PublicKeyToken=null]]'.
2026-03-06 17:02:42.649 +05:30 [INF] Executed action BubbleApp.Api.Controllers.GeneralController.Get (BubbleApp.Api) in 30.5946ms
2026-03-06 17:02:42.652 +05:30 [INF] Executed action BubbleApp.Api.Controllers.RemindersController.Get (BubbleApp.Api) in 20.7375ms
2026-03-06 17:02:42.654 +05:30 [INF] Executed endpoint 'BubbleApp.Api.Controllers.GeneralController.Get (BubbleApp.Api)'
2026-03-06 17:02:42.658 +05:30 [INF] Executed endpoint 'BubbleApp.Api.Controllers.RemindersController.Get (BubbleApp.Api)'
2026-03-06 17:02:42.660 +05:30 [INF] HTTP GET /api/general responded 200 in 53.1941 ms
2026-03-06 17:02:42.662 +05:30 [INF] HTTP GET /api/reminders responded 200 in 51.8698 ms
2026-03-06 17:02:42.665 +05:30 [INF] Request finished HTTP/1.1 GET http://localhost:5013/api/general?workspace=sample&key=I3UPoNYawpezx-OhSr2hs0DppN8hwow7MpnppypPP-c - 200 null application/json; charset=utf-8 61.4202ms
2026-03-06 17:02:42.671 +05:30 [INF] Request finished HTTP/1.1 GET http://localhost:5013/api/reminders?workspace=sample&key=I3UPoNYawpezx-OhSr2hs0DppN8hwow7MpnppypPP-c&userId=28 - 200 null application/json; charset=utf-8 67.16ms
2026-03-06 17:02:49.233 +05:30 [INF] Executing StatusCodeResult, setting HTTP status code 204
2026-03-06 17:02:49.239 +05:30 [INF] Executed action BubbleApp.Api.Controllers.WidgetConfigController.Long (BubbleApp.Api) in 25020.3207ms
2026-03-06 17:02:49.243 +05:30 [INF] Executed endpoint 'BubbleApp.Api.Controllers.WidgetConfigController.Long (BubbleApp.Api)'
2026-03-06 17:02:49.246 +05:30 [INF] HTTP GET /api/widget/config/long responded 204 in 25032.7378 ms
2026-03-06 17:02:49.249 +05:30 [INF] Request finished HTTP/1.1 GET http://localhost:5013/api/widget/config/long?workspace=sample&key=I3UPoNYawpezx-OhSr2hs0DppN8hwow7MpnppypPP-c&since=0 - 204 null null 25038.1327ms
2026-03-06 17:02:49.253 +05:30 [INF] Request starting HTTP/1.1 GET http://localhost:5013/api/widget/config/long?workspace=sample&key=I3UPoNYawpezx-OhSr2hs0DppN8hwow7MpnppypPP-c&since=0 - null null
2026-03-06 17:02:49.256 +05:30 [INF] CORS policy execution successful.
2026-03-06 17:02:49.257 +05:30 [INF] Executing endpoint 'BubbleApp.Api.Controllers.WidgetConfigController.Long (BubbleApp.Api)'
2026-03-06 17:02:49.259 +05:30 [INF] Route matched with {action = "Long", controller = "WidgetConfig"}. Executing controller action with signature System.Threading.Tasks.Task`1[Microsoft.AspNetCore.Mvc.IActionResult] Long(System.String, Int64, System.Threading.CancellationToken) on controller BubbleApp.Api.Controllers.WidgetConfigController (BubbleApp.Api).
2026-03-06 17:02:49.528 +05:30 [INF] Request starting HTTP/1.1 GET http://localhost:5013/api/general?workspace=sample&key=I3UPoNYawpezx-OhSr2hs0DppN8hwow7MpnppypPP-c - null null
2026-03-06 17:02:49.544 +05:30 [INF] CORS policy execution successful.
2026-03-06 17:02:49.545 +05:30 [INF] Executing endpoint 'BubbleApp.Api.Controllers.GeneralController.Get (BubbleApp.Api)'
2026-03-06 17:02:49.546 +05:30 [INF] Route matched with {action = "Get", controller = "General"}. Executing controller action with signature System.Threading.Tasks.Task`1[Microsoft.AspNetCore.Mvc.IActionResult] Get(System.String, System.Threading.CancellationToken) on controller BubbleApp.Api.Controllers.GeneralController (BubbleApp.Api).
2026-03-06 17:02:49.551 +05:30 [INF] Executing OkObjectResult, writing value of type 'System.Collections.Generic.List`1[[BubbleApp.Common.ViewModels.General.GeneralMessageDto, BubbleApp.Common, Version=1.0.0.0, Culture=neutral, PublicKeyToken=null]]'.
2026-03-06 17:02:49.552 +05:30 [INF] Executed action BubbleApp.Api.Controllers.GeneralController.Get (BubbleApp.Api) in 2.7444ms
2026-03-06 17:02:49.554 +05:30 [INF] Executed endpoint 'BubbleApp.Api.Controllers.GeneralController.Get (BubbleApp.Api)'
2026-03-06 17:02:49.556 +05:30 [INF] HTTP GET /api/general responded 200 in 11.4777 ms
2026-03-06 17:02:49.558 +05:30 [INF] Request finished HTTP/1.1 GET http://localhost:5013/api/general?workspace=sample&key=I3UPoNYawpezx-OhSr2hs0DppN8hwow7MpnppypPP-c - 200 null application/json; charset=utf-8 29.6623ms
2026-03-06 17:02:50.165 +05:30 [INF] Executed action BubbleApp.Api.Controllers.WidgetConfigController.Long (BubbleApp.Api) in 22686.7069ms
2026-03-06 17:02:50.167 +05:30 [INF] Executed endpoint 'BubbleApp.Api.Controllers.WidgetConfigController.Long (BubbleApp.Api)'
2026-03-06 17:02:50.169 +05:30 [ERR] HTTP GET /api/widget/config/long responded 500 in 22696.8586 ms
System.OperationCanceledException: The operation was canceled.
   at System.Threading.CancellationToken.ThrowOperationCanceledException()
   at MongoDB.Driver.Core.Operations.RetryableReadContext.AcquireOrReplaceChannelAsync(OperationContext operationContext, IReadOnlyCollection`1 deprioritizedServers)
   at MongoDB.Driver.Core.Operations.RetryableReadContext.CreateAsync(OperationContext operationContext, IReadBinding binding, Boolean retryRequested)
   at MongoDB.Driver.Core.Operations.FindOperation`1.ExecuteAsync(OperationContext operationContext, IReadBinding binding)
   at MongoDB.Driver.OperationExecutor.ExecuteReadOperationAsync[TResult](OperationContext operationContext, IClientSessionHandle session, IReadOperation`1 operation, ReadPreference readPreference, Boolean allowChannelPinning)
   at MongoDB.Driver.MongoCollectionImpl`1.ExecuteReadOperationAsync[TResult](IClientSessionHandle session, IReadOperation`1 operation, ReadPreference explicitReadPreference, Nullable`1 timeout, CancellationToken cancellationToken)
   at MongoDB.Driver.MongoCollectionImpl`1.FindAsync[TProjection](FilterDefinition`1 filter, FindOptions`2 options, CancellationToken cancellationToken)
   at MongoDB.Driver.IAsyncCursorSourceExtensions.FirstOrDefaultAsync[TDocument](IAsyncCursorSource`1 source, CancellationToken cancellationToken)
   at BubbleApp.Api.Controllers.WidgetConfigController.Long(String workspace, Int64 since, CancellationToken ct) in D:\FB\MVC\src\BubbleApp.Api\Controllers\WidgetConfigController.cs:line 45
   at Microsoft.AspNetCore.Mvc.Infrastructure.ActionMethodExecutor.TaskOfIActionResultExecutor.Execute(ActionContext actionContext, IActionResultTypeMapper mapper, ObjectMethodExecutor executor, Object controller, Object[] arguments)
   at Microsoft.AspNetCore.Mvc.Infrastructure.ControllerActionInvoker.<InvokeActionMethodAsync>g__Awaited|12_0(ControllerActionInvoker invoker, ValueTask`1 actionResultValueTask)
   at Microsoft.AspNetCore.Mvc.Infrastructure.ControllerActionInvoker.<InvokeNextActionFilterAsync>g__Awaited|10_0(ControllerActionInvoker invoker, Task lastTask, State next, Scope scope, Object state, Boolean isCompleted)
   at Microsoft.AspNetCore.Mvc.Infrastructure.ControllerActionInvoker.Rethrow(ActionExecutedContextSealed context)
   at Microsoft.AspNetCore.Mvc.Infrastructure.ControllerActionInvoker.Next(State& next, Scope& scope, Object& state, Boolean& isCompleted)
   at Microsoft.AspNetCore.Mvc.Infrastructure.ControllerActionInvoker.<InvokeInnerFilterAsync>g__Awaited|13_0(ControllerActionInvoker invoker, Task lastTask, State next, Scope scope, Object state, Boolean isCompleted)
   at Microsoft.AspNetCore.Mvc.Infrastructure.ResourceInvoker.<InvokeFilterPipelineAsync>g__Awaited|20_0(ResourceInvoker invoker, Task lastTask, State next, Scope scope, Object state, Boolean isCompleted)
   at Microsoft.AspNetCore.Mvc.Infrastructure.ResourceInvoker.<InvokeAsync>g__Logged|17_1(ResourceInvoker invoker)
   at Microsoft.AspNetCore.Mvc.Infrastructure.ResourceInvoker.<InvokeAsync>g__Logged|17_1(ResourceInvoker invoker)
   at Microsoft.AspNetCore.Routing.EndpointMiddleware.<Invoke>g__AwaitRequestTask|7_0(Endpoint endpoint, Task requestTask, ILogger logger)
   at Swashbuckle.AspNetCore.SwaggerUI.SwaggerUIMiddleware.Invoke(HttpContext httpContext)
   at Microsoft.AspNetCore.Authorization.AuthorizationMiddleware.Invoke(HttpContext context)
   at Microsoft.AspNetCore.Authentication.AuthenticationMiddleware.Invoke(HttpContext context)
   at Serilog.AspNetCore.RequestLoggingMiddleware.Invoke(HttpContext httpContext)
2026-03-06 17:02:50.182 +05:30 [INF] Request finished HTTP/1.1 GET http://localhost:5013/api/widget/config/long?workspace=sample&key=I3UPoNYawpezx-OhSr2hs0DppN8hwow7MpnppypPP-c&since=639083889967655700 - 499 null null 22714.5288ms
2026-03-06 17:02:55.531 +05:30 [INF] Request starting HTTP/1.1 GET http://localhost:5013/api/general?workspace=sample&key=I3UPoNYawpezx-OhSr2hs0DppN8hwow7MpnppypPP-c - null null
2026-03-06 17:02:55.534 +05:30 [INF] CORS policy execution successful.
2026-03-06 17:02:55.535 +05:30 [INF] Executing endpoint 'BubbleApp.Api.Controllers.GeneralController.Get (BubbleApp.Api)'
2026-03-06 17:02:55.536 +05:30 [INF] Route matched with {action = "Get", controller = "General"}. Executing controller action with signature System.Threading.Tasks.Task`1[Microsoft.AspNetCore.Mvc.IActionResult] Get(System.String, System.Threading.CancellationToken) on controller BubbleApp.Api.Controllers.GeneralController (BubbleApp.Api).
2026-03-06 17:02:55.539 +05:30 [INF] Executing OkObjectResult, writing value of type 'System.Collections.Generic.List`1[[BubbleApp.Common.ViewModels.General.GeneralMessageDto, BubbleApp.Common, Version=1.0.0.0, Culture=neutral, PublicKeyToken=null]]'.
2026-03-06 17:02:55.540 +05:30 [INF] Executed action BubbleApp.Api.Controllers.GeneralController.Get (BubbleApp.Api) in 2.7958ms
2026-03-06 17:02:55.542 +05:30 [INF] Executed endpoint 'BubbleApp.Api.Controllers.GeneralController.Get (BubbleApp.Api)'
2026-03-06 17:02:55.544 +05:30 [INF] HTTP GET /api/general responded 200 in 10.4523 ms
2026-03-06 17:02:55.548 +05:30 [INF] Request finished HTTP/1.1 GET http://localhost:5013/api/general?workspace=sample&key=I3UPoNYawpezx-OhSr2hs0DppN8hwow7MpnppypPP-c - 200 null application/json; charset=utf-8 17.1925ms
2026-03-06 17:03:00.706 +05:30 [INF] Request starting HTTP/1.1 GET http://localhost:5013/api/reminders?workspace=sample&key=I3UPoNYawpezx-OhSr2hs0DppN8hwow7MpnppypPP-c&userId=4 - null null
2026-03-06 17:03:00.708 +05:30 [INF] Request starting HTTP/1.1 GET http://localhost:5013/api/widget/config?workspace=sample&key=I3UPoNYawpezx-OhSr2hs0DppN8hwow7MpnppypPP-c - null null
2026-03-06 17:03:00.710 +05:30 [INF] CORS policy execution successful.
2026-03-06 17:03:00.713 +05:30 [INF] CORS policy execution successful.
2026-03-06 17:03:00.715 +05:30 [INF] Executing endpoint 'BubbleApp.Api.Controllers.RemindersController.Get (BubbleApp.Api)'
2026-03-06 17:03:00.716 +05:30 [INF] Executing endpoint 'BubbleApp.Api.Controllers.WidgetConfigController.Get (BubbleApp.Api)'
2026-03-06 17:03:00.717 +05:30 [INF] Route matched with {action = "Get", controller = "Reminders"}. Executing controller action with signature System.Threading.Tasks.Task`1[Microsoft.AspNetCore.Mvc.IActionResult] Get(System.String, System.String, System.Threading.CancellationToken) on controller BubbleApp.Api.Controllers.RemindersController (BubbleApp.Api).
2026-03-06 17:03:00.718 +05:30 [INF] Route matched with {action = "Get", controller = "WidgetConfig"}. Executing controller action with signature System.Threading.Tasks.Task`1[Microsoft.AspNetCore.Mvc.IActionResult] Get(System.String, System.Threading.CancellationToken) on controller BubbleApp.Api.Controllers.WidgetConfigController (BubbleApp.Api).
2026-03-06 17:03:00.722 +05:30 [INF] Executing OkObjectResult, writing value of type 'System.Collections.Generic.List`1[[BubbleApp.Common.ViewModels.Reminder.ReminderDto, BubbleApp.Common, Version=1.0.0.0, Culture=neutral, PublicKeyToken=null]]'.
2026-03-06 17:03:00.724 +05:30 [INF] Executed action BubbleApp.Api.Controllers.RemindersController.Get (BubbleApp.Api) in 4.0651ms
2026-03-06 17:03:00.724 +05:30 [INF] Executing OkObjectResult, writing value of type '<>f__AnonymousType2`3[[System.String, System.Private.CoreLib, Version=9.0.0.0, Culture=neutral, PublicKeyToken=7cec85d7bea7798e],[System.String, System.Private.CoreLib, Version=9.0.0.0, Culture=neutral, PublicKeyToken=7cec85d7bea7798e],[System.Int64, System.Private.CoreLib, Version=9.0.0.0, Culture=neutral, PublicKeyToken=7cec85d7bea7798e]]'.
2026-03-06 17:03:00.725 +05:30 [INF] Executed endpoint 'BubbleApp.Api.Controllers.RemindersController.Get (BubbleApp.Api)'
2026-03-06 17:03:00.727 +05:30 [INF] Executed action BubbleApp.Api.Controllers.WidgetConfigController.Get (BubbleApp.Api) in 4.69ms
2026-03-06 17:03:00.728 +05:30 [INF] HTTP GET /api/reminders responded 200 in 18.1573 ms
2026-03-06 17:03:00.730 +05:30 [INF] Executed endpoint 'BubbleApp.Api.Controllers.WidgetConfigController.Get (BubbleApp.Api)'
2026-03-06 17:03:00.732 +05:30 [INF] Request finished HTTP/1.1 GET http://localhost:5013/api/reminders?workspace=sample&key=I3UPoNYawpezx-OhSr2hs0DppN8hwow7MpnppypPP-c&userId=4 - 200 null application/json; charset=utf-8 25.786ms
2026-03-06 17:03:00.734 +05:30 [INF] HTTP GET /api/widget/config responded 200 in 20.1116 ms
2026-03-06 17:03:00.738 +05:30 [INF] Request finished HTTP/1.1 GET http://localhost:5013/api/widget/config?workspace=sample&key=I3UPoNYawpezx-OhSr2hs0DppN8hwow7MpnppypPP-c - 200 null application/json; charset=utf-8 29.8341ms
2026-03-06 17:03:00.741 +05:30 [INF] Request starting HTTP/1.1 GET http://localhost:5013/api/widget/config/long?workspace=sample&key=I3UPoNYawpezx-OhSr2hs0DppN8hwow7MpnppypPP-c&since=0 - null null
2026-03-06 17:03:00.743 +05:30 [INF] CORS policy execution successful.
2026-03-06 17:03:00.745 +05:30 [INF] Executing endpoint 'BubbleApp.Api.Controllers.WidgetConfigController.Long (BubbleApp.Api)'
2026-03-06 17:03:00.746 +05:30 [INF] Route matched with {action = "Long", controller = "WidgetConfig"}. Executing controller action with signature System.Threading.Tasks.Task`1[Microsoft.AspNetCore.Mvc.IActionResult] Long(System.String, Int64, System.Threading.CancellationToken) on controller BubbleApp.Api.Controllers.WidgetConfigController (BubbleApp.Api).
2026-03-06 17:03:01.530 +05:30 [INF] Request starting HTTP/1.1 GET http://localhost:5013/api/general?workspace=sample&key=I3UPoNYawpezx-OhSr2hs0DppN8hwow7MpnppypPP-c - null null
2026-03-06 17:03:01.534 +05:30 [INF] CORS policy execution successful.
2026-03-06 17:03:01.535 +05:30 [INF] Executing endpoint 'BubbleApp.Api.Controllers.GeneralController.Get (BubbleApp.Api)'
2026-03-06 17:03:01.537 +05:30 [INF] Route matched with {action = "Get", controller = "General"}. Executing controller action with signature System.Threading.Tasks.Task`1[Microsoft.AspNetCore.Mvc.IActionResult] Get(System.String, System.Threading.CancellationToken) on controller BubbleApp.Api.Controllers.GeneralController (BubbleApp.Api).
2026-03-06 17:03:01.542 +05:30 [INF] Executing OkObjectResult, writing value of type 'System.Collections.Generic.List`1[[BubbleApp.Common.ViewModels.General.GeneralMessageDto, BubbleApp.Common, Version=1.0.0.0, Culture=neutral, PublicKeyToken=null]]'.
2026-03-06 17:03:01.544 +05:30 [INF] Executed action BubbleApp.Api.Controllers.GeneralController.Get (BubbleApp.Api) in 5.1763ms
2026-03-06 17:03:01.547 +05:30 [INF] Executed endpoint 'BubbleApp.Api.Controllers.GeneralController.Get (BubbleApp.Api)'
2026-03-06 17:03:01.548 +05:30 [INF] HTTP GET /api/general responded 200 in 14.4492 ms
2026-03-06 17:03:01.551 +05:30 [INF] Request finished HTTP/1.1 GET http://localhost:5013/api/general?workspace=sample&key=I3UPoNYawpezx-OhSr2hs0DppN8hwow7MpnppypPP-c - 200 null application/json; charset=utf-8 21.5102ms
2026-03-06 17:03:02.917 +05:30 [INF] Request starting HTTP/1.1 GET http://localhost:5013/api/notes?workspace=sample&key=I3UPoNYawpezx-OhSr2hs0DppN8hwow7MpnppypPP-c&userId=4 - null null
2026-03-06 17:03:02.924 +05:30 [INF] CORS policy execution successful.
2026-03-06 17:03:02.926 +05:30 [INF] Executing endpoint 'BubbleApp.Api.Controllers.NotesController.Get (BubbleApp.Api)'
2026-03-06 17:03:02.927 +05:30 [INF] Route matched with {action = "Get", controller = "Notes"}. Executing controller action with signature System.Threading.Tasks.Task`1[Microsoft.AspNetCore.Mvc.IActionResult] Get(System.String, System.String, System.Threading.CancellationToken) on controller BubbleApp.Api.Controllers.NotesController (BubbleApp.Api).
2026-03-06 17:03:02.932 +05:30 [INF] Executing OkObjectResult, writing value of type 'System.Collections.Generic.List`1[[BubbleApp.Common.ViewModels.Notes.NoteDto, BubbleApp.Common, Version=1.0.0.0, Culture=neutral, PublicKeyToken=null]]'.
2026-03-06 17:03:02.933 +05:30 [INF] Executed action BubbleApp.Api.Controllers.NotesController.Get (BubbleApp.Api) in 3.7831ms
2026-03-06 17:03:02.935 +05:30 [INF] Executed endpoint 'BubbleApp.Api.Controllers.NotesController.Get (BubbleApp.Api)'
2026-03-06 17:03:02.936 +05:30 [INF] HTTP GET /api/notes responded 200 in 11.7756 ms
2026-03-06 17:03:02.938 +05:30 [INF] Request finished HTTP/1.1 GET http://localhost:5013/api/notes?workspace=sample&key=I3UPoNYawpezx-OhSr2hs0DppN8hwow7MpnppypPP-c&userId=4 - 200 null application/json; charset=utf-8 20.4588ms
2026-03-06 17:03:04.301 +05:30 [INF] Request starting HTTP/1.1 GET http://localhost:5013/api/notes?workspace=sample&key=I3UPoNYawpezx-OhSr2hs0DppN8hwow7MpnppypPP-c&userId=4 - null null
2026-03-06 17:03:04.309 +05:30 [INF] CORS policy execution successful.
2026-03-06 17:03:04.310 +05:30 [INF] Executing endpoint 'BubbleApp.Api.Controllers.NotesController.Get (BubbleApp.Api)'
2026-03-06 17:03:04.311 +05:30 [INF] Route matched with {action = "Get", controller = "Notes"}. Executing controller action with signature System.Threading.Tasks.Task`1[Microsoft.AspNetCore.Mvc.IActionResult] Get(System.String, System.String, System.Threading.CancellationToken) on controller BubbleApp.Api.Controllers.NotesController (BubbleApp.Api).
2026-03-06 17:03:04.317 +05:30 [INF] Executing OkObjectResult, writing value of type 'System.Collections.Generic.List`1[[BubbleApp.Common.ViewModels.Notes.NoteDto, BubbleApp.Common, Version=1.0.0.0, Culture=neutral, PublicKeyToken=null]]'.
2026-03-06 17:03:04.319 +05:30 [INF] Executed action BubbleApp.Api.Controllers.NotesController.Get (BubbleApp.Api) in 5.3161ms
2026-03-06 17:03:04.321 +05:30 [INF] Executed endpoint 'BubbleApp.Api.Controllers.NotesController.Get (BubbleApp.Api)'
2026-03-06 17:03:04.322 +05:30 [INF] HTTP GET /api/notes responded 200 in 13.0581 ms
2026-03-06 17:03:04.323 +05:30 [INF] Request finished HTTP/1.1 GET http://localhost:5013/api/notes?workspace=sample&key=I3UPoNYawpezx-OhSr2hs0DppN8hwow7MpnppypPP-c&userId=4 - 200 null application/json; charset=utf-8 22.7513ms
2026-03-06 17:03:05.854 +05:30 [INF] Request starting HTTP/1.1 GET http://localhost:5013/api/todos?workspace=sample&key=I3UPoNYawpezx-OhSr2hs0DppN8hwow7MpnppypPP-c&userId=4 - null null
2026-03-06 17:03:05.856 +05:30 [INF] CORS policy execution successful.
2026-03-06 17:03:05.857 +05:30 [INF] Executing endpoint 'BubbleApp.Api.Controllers.TodosController.Get (BubbleApp.Api)'
2026-03-06 17:03:05.858 +05:30 [INF] Route matched with {action = "Get", controller = "Todos"}. Executing controller action with signature System.Threading.Tasks.Task`1[Microsoft.AspNetCore.Mvc.IActionResult] Get(System.String, System.String, System.Threading.CancellationToken) on controller BubbleApp.Api.Controllers.TodosController (BubbleApp.Api).
2026-03-06 17:03:05.862 +05:30 [INF] Executing OkObjectResult, writing value of type 'System.Collections.Generic.List`1[[BubbleApp.Common.ViewModels.Todo.TodoDto, BubbleApp.Common, Version=1.0.0.0, Culture=neutral, PublicKeyToken=null]]'.
2026-03-06 17:03:05.863 +05:30 [INF] Executed action BubbleApp.Api.Controllers.TodosController.Get (BubbleApp.Api) in 3.8003ms
2026-03-06 17:03:05.865 +05:30 [INF] Executed endpoint 'BubbleApp.Api.Controllers.TodosController.Get (BubbleApp.Api)'
2026-03-06 17:03:05.870 +05:30 [INF] HTTP GET /api/todos responded 200 in 13.6640 ms
2026-03-06 17:03:05.872 +05:30 [INF] Request finished HTTP/1.1 GET http://localhost:5013/api/todos?workspace=sample&key=I3UPoNYawpezx-OhSr2hs0DppN8hwow7MpnppypPP-c&userId=4 - 200 null application/json; charset=utf-8 18.4855ms
2026-03-06 17:03:07.314 +05:30 [INF] Request starting HTTP/1.1 GET http://localhost:5013/api/general?workspace=sample&key=I3UPoNYawpezx-OhSr2hs0DppN8hwow7MpnppypPP-c - null null
2026-03-06 17:03:07.317 +05:30 [INF] CORS policy execution successful.
2026-03-06 17:03:07.318 +05:30 [INF] Executing endpoint 'BubbleApp.Api.Controllers.GeneralController.Get (BubbleApp.Api)'
2026-03-06 17:03:07.319 +05:30 [INF] Route matched with {action = "Get", controller = "General"}. Executing controller action with signature System.Threading.Tasks.Task`1[Microsoft.AspNetCore.Mvc.IActionResult] Get(System.String, System.Threading.CancellationToken) on controller BubbleApp.Api.Controllers.GeneralController (BubbleApp.Api).
2026-03-06 17:03:07.323 +05:30 [INF] Executing OkObjectResult, writing value of type 'System.Collections.Generic.List`1[[BubbleApp.Common.ViewModels.General.GeneralMessageDto, BubbleApp.Common, Version=1.0.0.0, Culture=neutral, PublicKeyToken=null]]'.
2026-03-06 17:03:07.324 +05:30 [INF] Executed action BubbleApp.Api.Controllers.GeneralController.Get (BubbleApp.Api) in 3.862ms
2026-03-06 17:03:07.325 +05:30 [INF] Executed endpoint 'BubbleApp.Api.Controllers.GeneralController.Get (BubbleApp.Api)'
2026-03-06 17:03:07.327 +05:30 [INF] HTTP GET /api/general responded 200 in 10.1720 ms
2026-03-06 17:03:07.329 +05:30 [INF] Request finished HTTP/1.1 GET http://localhost:5013/api/general?workspace=sample&key=I3UPoNYawpezx-OhSr2hs0DppN8hwow7MpnppypPP-c - 200 null application/json; charset=utf-8 14.3469ms
2026-03-06 17:03:07.531 +05:30 [INF] Request starting HTTP/1.1 GET http://localhost:5013/api/general?workspace=sample&key=I3UPoNYawpezx-OhSr2hs0DppN8hwow7MpnppypPP-c - null null
2026-03-06 17:03:07.534 +05:30 [INF] CORS policy execution successful.
2026-03-06 17:03:07.535 +05:30 [INF] Executing endpoint 'BubbleApp.Api.Controllers.GeneralController.Get (BubbleApp.Api)'
2026-03-06 17:03:07.536 +05:30 [INF] Route matched with {action = "Get", controller = "General"}. Executing controller action with signature System.Threading.Tasks.Task`1[Microsoft.AspNetCore.Mvc.IActionResult] Get(System.String, System.Threading.CancellationToken) on controller BubbleApp.Api.Controllers.GeneralController (BubbleApp.Api).
2026-03-06 17:03:07.539 +05:30 [INF] Executing OkObjectResult, writing value of type 'System.Collections.Generic.List`1[[BubbleApp.Common.ViewModels.General.GeneralMessageDto, BubbleApp.Common, Version=1.0.0.0, Culture=neutral, PublicKeyToken=null]]'.
2026-03-06 17:03:07.541 +05:30 [INF] Executed action BubbleApp.Api.Controllers.GeneralController.Get (BubbleApp.Api) in 3.1445ms
2026-03-06 17:03:07.542 +05:30 [INF] Executed endpoint 'BubbleApp.Api.Controllers.GeneralController.Get (BubbleApp.Api)'
2026-03-06 17:03:07.543 +05:30 [INF] HTTP GET /api/general responded 200 in 9.3612 ms
2026-03-06 17:03:07.546 +05:30 [INF] Request finished HTTP/1.1 GET http://localhost:5013/api/general?workspace=sample&key=I3UPoNYawpezx-OhSr2hs0DppN8hwow7MpnppypPP-c - 200 null application/json; charset=utf-8 14.4823ms
2026-03-06 17:03:12.719 +05:30 [INF] Request starting HTTP/1.1 GET http://localhost:5013/api/general?workspace=sample&key=I3UPoNYawpezx-OhSr2hs0DppN8hwow7MpnppypPP-c - null null
2026-03-06 17:03:12.726 +05:30 [INF] CORS policy execution successful.
2026-03-06 17:03:12.727 +05:30 [INF] Executing endpoint 'BubbleApp.Api.Controllers.GeneralController.Get (BubbleApp.Api)'
2026-03-06 17:03:12.729 +05:30 [INF] Route matched with {action = "Get", controller = "General"}. Executing controller action with signature System.Threading.Tasks.Task`1[Microsoft.AspNetCore.Mvc.IActionResult] Get(System.String, System.Threading.CancellationToken) on controller BubbleApp.Api.Controllers.GeneralController (BubbleApp.Api).
2026-03-06 17:03:12.734 +05:30 [INF] Executing OkObjectResult, writing value of type 'System.Collections.Generic.List`1[[BubbleApp.Common.ViewModels.General.GeneralMessageDto, BubbleApp.Common, Version=1.0.0.0, Culture=neutral, PublicKeyToken=null]]'.
2026-03-06 17:03:12.736 +05:30 [INF] Executed action BubbleApp.Api.Controllers.GeneralController.Get (BubbleApp.Api) in 4.7412ms
2026-03-06 17:03:12.737 +05:30 [INF] Executed endpoint 'BubbleApp.Api.Controllers.GeneralController.Get (BubbleApp.Api)'
2026-03-06 17:03:12.738 +05:30 [INF] HTTP GET /api/general responded 200 in 12.1207 ms
2026-03-06 17:03:12.740 +05:30 [INF] Request finished HTTP/1.1 GET http://localhost:5013/api/general?workspace=sample&key=I3UPoNYawpezx-OhSr2hs0DppN8hwow7MpnppypPP-c - 200 null application/json; charset=utf-8 20.4856ms
2026-03-06 17:03:13.524 +05:30 [INF] Request starting HTTP/1.1 GET http://localhost:5013/api/general?workspace=sample&key=I3UPoNYawpezx-OhSr2hs0DppN8hwow7MpnppypPP-c - null null
2026-03-06 17:03:13.527 +05:30 [INF] CORS policy execution successful.
2026-03-06 17:03:13.528 +05:30 [INF] Executing endpoint 'BubbleApp.Api.Controllers.GeneralController.Get (BubbleApp.Api)'
2026-03-06 17:03:13.530 +05:30 [INF] Route matched with {action = "Get", controller = "General"}. Executing controller action with signature System.Threading.Tasks.Task`1[Microsoft.AspNetCore.Mvc.IActionResult] Get(System.String, System.Threading.CancellationToken) on controller BubbleApp.Api.Controllers.GeneralController (BubbleApp.Api).
2026-03-06 17:03:13.534 +05:30 [INF] Executing OkObjectResult, writing value of type 'System.Collections.Generic.List`1[[BubbleApp.Common.ViewModels.General.GeneralMessageDto, BubbleApp.Common, Version=1.0.0.0, Culture=neutral, PublicKeyToken=null]]'.
2026-03-06 17:03:13.535 +05:30 [INF] Executed action BubbleApp.Api.Controllers.GeneralController.Get (BubbleApp.Api) in 3.904ms
2026-03-06 17:03:13.537 +05:30 [INF] Executed endpoint 'BubbleApp.Api.Controllers.GeneralController.Get (BubbleApp.Api)'
2026-03-06 17:03:13.539 +05:30 [INF] HTTP GET /api/general responded 200 in 11.6015 ms
2026-03-06 17:03:13.542 +05:30 [INF] Request finished HTTP/1.1 GET http://localhost:5013/api/general?workspace=sample&key=I3UPoNYawpezx-OhSr2hs0DppN8hwow7MpnppypPP-c - 200 null application/json; charset=utf-8 17.1746ms
2026-03-06 17:03:14.276 +05:30 [INF] Executing StatusCodeResult, setting HTTP status code 204
2026-03-06 17:03:14.278 +05:30 [INF] Executed action BubbleApp.Api.Controllers.WidgetConfigController.Long (BubbleApp.Api) in 25015.0255ms
2026-03-06 17:03:14.279 +05:30 [INF] Executed endpoint 'BubbleApp.Api.Controllers.WidgetConfigController.Long (BubbleApp.Api)'
2026-03-06 17:03:14.281 +05:30 [INF] HTTP GET /api/widget/config/long responded 204 in 25022.6462 ms
2026-03-06 17:03:14.283 +05:30 [INF] Request finished HTTP/1.1 GET http://localhost:5013/api/widget/config/long?workspace=sample&key=I3UPoNYawpezx-OhSr2hs0DppN8hwow7MpnppypPP-c&since=0 - 204 null null 25027.8012ms
2026-03-06 17:03:14.288 +05:30 [INF] Request starting HTTP/1.1 GET http://localhost:5013/api/widget/config/long?workspace=sample&key=I3UPoNYawpezx-OhSr2hs0DppN8hwow7MpnppypPP-c&since=0 - null null
2026-03-06 17:03:14.292 +05:30 [INF] CORS policy execution successful.
2026-03-06 17:03:14.293 +05:30 [INF] Executing endpoint 'BubbleApp.Api.Controllers.WidgetConfigController.Long (BubbleApp.Api)'
2026-03-06 17:03:14.294 +05:30 [INF] Route matched with {action = "Long", controller = "WidgetConfig"}. Executing controller action with signature System.Threading.Tasks.Task`1[Microsoft.AspNetCore.Mvc.IActionResult] Long(System.String, Int64, System.Threading.CancellationToken) on controller BubbleApp.Api.Controllers.WidgetConfigController (BubbleApp.Api).
2026-03-06 17:03:15.234 +05:30 [INF] Request starting HTTP/1.1 OPTIONS http://localhost:5013/api/general - null null
2026-03-06 17:03:15.238 +05:30 [INF] CORS policy execution successful.
2026-03-06 17:03:15.240 +05:30 [INF] HTTP OPTIONS /api/general responded 204 in 1.3024 ms
2026-03-06 17:03:15.242 +05:30 [INF] Request finished HTTP/1.1 OPTIONS http://localhost:5013/api/general - 204 null null 8.131ms
2026-03-06 17:03:15.247 +05:30 [INF] Request starting HTTP/1.1 POST http://localhost:5013/api/general - application/json 147
2026-03-06 17:03:15.251 +05:30 [INF] CORS policy execution successful.
2026-03-06 17:03:15.252 +05:30 [INF] Executing endpoint 'BubbleApp.Api.Controllers.GeneralController.Create (BubbleApp.Api)'
2026-03-06 17:03:15.255 +05:30 [INF] Route matched with {action = "Create", controller = "General"}. Executing controller action with signature System.Threading.Tasks.Task`1[Microsoft.AspNetCore.Mvc.IActionResult] Create(CreateGeneralDto, System.Threading.CancellationToken) on controller BubbleApp.Api.Controllers.GeneralController (BubbleApp.Api).
2026-03-06 17:03:15.263 +05:30 [INF] Executing OkObjectResult, writing value of type 'BubbleApp.Common.ViewModels.General.GeneralMessageDto'.
2026-03-06 17:03:15.265 +05:30 [INF] Executed action BubbleApp.Api.Controllers.GeneralController.Create (BubbleApp.Api) in 7.0079ms
2026-03-06 17:03:15.271 +05:30 [INF] Executed endpoint 'BubbleApp.Api.Controllers.GeneralController.Create (BubbleApp.Api)'
2026-03-06 17:03:15.273 +05:30 [INF] HTTP POST /api/general responded 200 in 22.2911 ms
2026-03-06 17:03:15.277 +05:30 [INF] Request finished HTTP/1.1 POST http://localhost:5013/api/general - 200 null application/json; charset=utf-8 29.9734ms
2026-03-06 17:03:15.283 +05:30 [INF] Request starting HTTP/1.1 GET http://localhost:5013/api/general?workspace=sample&key=I3UPoNYawpezx-OhSr2hs0DppN8hwow7MpnppypPP-c - null null
2026-03-06 17:03:15.303 +05:30 [INF] CORS policy execution successful.
2026-03-06 17:03:15.306 +05:30 [INF] Executing endpoint 'BubbleApp.Api.Controllers.GeneralController.Get (BubbleApp.Api)'
2026-03-06 17:03:15.311 +05:30 [INF] Route matched with {action = "Get", controller = "General"}. Executing controller action with signature System.Threading.Tasks.Task`1[Microsoft.AspNetCore.Mvc.IActionResult] Get(System.String, System.Threading.CancellationToken) on controller BubbleApp.Api.Controllers.GeneralController (BubbleApp.Api).
2026-03-06 17:03:15.318 +05:30 [INF] Executing OkObjectResult, writing value of type 'System.Collections.Generic.List`1[[BubbleApp.Common.ViewModels.General.GeneralMessageDto, BubbleApp.Common, Version=1.0.0.0, Culture=neutral, PublicKeyToken=null]]'.
2026-03-06 17:03:15.325 +05:30 [INF] Executed action BubbleApp.Api.Controllers.GeneralController.Get (BubbleApp.Api) in 9.5675ms
2026-03-06 17:03:15.327 +05:30 [INF] Executed endpoint 'BubbleApp.Api.Controllers.GeneralController.Get (BubbleApp.Api)'
2026-03-06 17:03:15.330 +05:30 [INF] HTTP GET /api/general responded 200 in 27.1016 ms
2026-03-06 17:03:15.333 +05:30 [INF] Request finished HTTP/1.1 GET http://localhost:5013/api/general?workspace=sample&key=I3UPoNYawpezx-OhSr2hs0DppN8hwow7MpnppypPP-c - 200 null application/json; charset=utf-8 50.1644ms
2026-03-06 17:03:17.495 +05:30 [INF] Request starting HTTP/1.1 GET http://localhost:5013/api/reminders?workspace=sample&key=I3UPoNYawpezx-OhSr2hs0DppN8hwow7MpnppypPP-c&userId=4 - null null
2026-03-06 17:03:17.498 +05:30 [INF] CORS policy execution successful.
2026-03-06 17:03:17.499 +05:30 [INF] Executing endpoint 'BubbleApp.Api.Controllers.RemindersController.Get (BubbleApp.Api)'
2026-03-06 17:03:17.500 +05:30 [INF] Route matched with {action = "Get", controller = "Reminders"}. Executing controller action with signature System.Threading.Tasks.Task`1[Microsoft.AspNetCore.Mvc.IActionResult] Get(System.String, System.String, System.Threading.CancellationToken) on controller BubbleApp.Api.Controllers.RemindersController (BubbleApp.Api).
2026-03-06 17:03:17.504 +05:30 [INF] Executing OkObjectResult, writing value of type 'System.Collections.Generic.List`1[[BubbleApp.Common.ViewModels.Reminder.ReminderDto, BubbleApp.Common, Version=1.0.0.0, Culture=neutral, PublicKeyToken=null]]'.
2026-03-06 17:03:17.505 +05:30 [INF] Executed action BubbleApp.Api.Controllers.RemindersController.Get (BubbleApp.Api) in 3.1136ms
2026-03-06 17:03:17.507 +05:30 [INF] Executed endpoint 'BubbleApp.Api.Controllers.RemindersController.Get (BubbleApp.Api)'
2026-03-06 17:03:17.509 +05:30 [INF] HTTP GET /api/reminders responded 200 in 10.7193 ms
2026-03-06 17:03:17.512 +05:30 [INF] Request finished HTTP/1.1 GET http://localhost:5013/api/reminders?workspace=sample&key=I3UPoNYawpezx-OhSr2hs0DppN8hwow7MpnppypPP-c&userId=4 - 200 null application/json; charset=utf-8 16.5876ms
2026-03-06 17:03:19.526 +05:30 [INF] Request starting HTTP/1.1 GET http://localhost:5013/api/general?workspace=sample&key=I3UPoNYawpezx-OhSr2hs0DppN8hwow7MpnppypPP-c - null null
2026-03-06 17:03:19.529 +05:30 [INF] CORS policy execution successful.
2026-03-06 17:03:19.530 +05:30 [INF] Executing endpoint 'BubbleApp.Api.Controllers.GeneralController.Get (BubbleApp.Api)'
2026-03-06 17:03:19.531 +05:30 [INF] Route matched with {action = "Get", controller = "General"}. Executing controller action with signature System.Threading.Tasks.Task`1[Microsoft.AspNetCore.Mvc.IActionResult] Get(System.String, System.Threading.CancellationToken) on controller BubbleApp.Api.Controllers.GeneralController (BubbleApp.Api).
2026-03-06 17:03:19.534 +05:30 [INF] Executing OkObjectResult, writing value of type 'System.Collections.Generic.List`1[[BubbleApp.Common.ViewModels.General.GeneralMessageDto, BubbleApp.Common, Version=1.0.0.0, Culture=neutral, PublicKeyToken=null]]'.
2026-03-06 17:03:19.537 +05:30 [INF] Executed action BubbleApp.Api.Controllers.GeneralController.Get (BubbleApp.Api) in 3.7669ms
2026-03-06 17:03:19.539 +05:30 [INF] Executed endpoint 'BubbleApp.Api.Controllers.GeneralController.Get (BubbleApp.Api)'
2026-03-06 17:03:19.541 +05:30 [INF] HTTP GET /api/general responded 200 in 11.4030 ms
2026-03-06 17:03:19.543 +05:30 [INF] Request finished HTTP/1.1 GET http://localhost:5013/api/general?workspace=sample&key=I3UPoNYawpezx-OhSr2hs0DppN8hwow7MpnppypPP-c - 200 null application/json; charset=utf-8 20.5451ms
2026-03-06 17:03:24.605 +05:30 [INF] Request starting HTTP/1.1 GET http://localhost:5013/api/general?workspace=sample&key=I3UPoNYawpezx-OhSr2hs0DppN8hwow7MpnppypPP-c - null null
2026-03-06 17:03:24.609 +05:30 [INF] CORS policy execution successful.
2026-03-06 17:03:24.610 +05:30 [INF] Executing endpoint 'BubbleApp.Api.Controllers.GeneralController.Get (BubbleApp.Api)'
2026-03-06 17:03:24.612 +05:30 [INF] Route matched with {action = "Get", controller = "General"}. Executing controller action with signature System.Threading.Tasks.Task`1[Microsoft.AspNetCore.Mvc.IActionResult] Get(System.String, System.Threading.CancellationToken) on controller BubbleApp.Api.Controllers.GeneralController (BubbleApp.Api).
2026-03-06 17:03:24.617 +05:30 [INF] Executing OkObjectResult, writing value of type 'System.Collections.Generic.List`1[[BubbleApp.Common.ViewModels.General.GeneralMessageDto, BubbleApp.Common, Version=1.0.0.0, Culture=neutral, PublicKeyToken=null]]'.
2026-03-06 17:03:24.620 +05:30 [INF] Executed action BubbleApp.Api.Controllers.GeneralController.Get (BubbleApp.Api) in 5.4601ms
2026-03-06 17:03:24.622 +05:30 [INF] Executed endpoint 'BubbleApp.Api.Controllers.GeneralController.Get (BubbleApp.Api)'
2026-03-06 17:03:24.624 +05:30 [INF] HTTP GET /api/general responded 200 in 14.7026 ms
2026-03-06 17:03:24.627 +05:30 [INF] Request finished HTTP/1.1 GET http://localhost:5013/api/general?workspace=sample&key=I3UPoNYawpezx-OhSr2hs0DppN8hwow7MpnppypPP-c - 200 null application/json; charset=utf-8 22.3687ms
2026-03-06 17:03:25.755 +05:30 [INF] Executing StatusCodeResult, setting HTTP status code 204
2026-03-06 17:03:25.757 +05:30 [INF] Executed action BubbleApp.Api.Controllers.WidgetConfigController.Long (BubbleApp.Api) in 25006.0871ms
2026-03-06 17:03:25.758 +05:30 [INF] Executed endpoint 'BubbleApp.Api.Controllers.WidgetConfigController.Long (BubbleApp.Api)'
2026-03-06 17:03:25.759 +05:30 [INF] HTTP GET /api/widget/config/long responded 204 in 25013.6732 ms
2026-03-06 17:03:25.760 +05:30 [INF] Request finished HTTP/1.1 GET http://localhost:5013/api/widget/config/long?workspace=sample&key=I3UPoNYawpezx-OhSr2hs0DppN8hwow7MpnppypPP-c&since=0 - 204 null null 25017.365ms
2026-03-06 17:03:25.764 +05:30 [INF] Request starting HTTP/1.1 GET http://localhost:5013/api/widget/config/long?workspace=sample&key=I3UPoNYawpezx-OhSr2hs0DppN8hwow7MpnppypPP-c&since=0 - null null
2026-03-06 17:03:25.766 +05:30 [INF] CORS policy execution successful.
2026-03-06 17:03:25.766 +05:30 [INF] Executing endpoint 'BubbleApp.Api.Controllers.WidgetConfigController.Long (BubbleApp.Api)'
2026-03-06 17:03:25.767 +05:30 [INF] Route matched with {action = "Long", controller = "WidgetConfig"}. Executing controller action with signature System.Threading.Tasks.Task`1[Microsoft.AspNetCore.Mvc.IActionResult] Long(System.String, Int64, System.Threading.CancellationToken) on controller BubbleApp.Api.Controllers.WidgetConfigController (BubbleApp.Api).
2026-03-06 17:03:30.602 +05:30 [INF] Request starting HTTP/1.1 GET http://localhost:5013/api/general?workspace=sample&key=I3UPoNYawpezx-OhSr2hs0DppN8hwow7MpnppypPP-c - null null
2026-03-06 17:03:30.605 +05:30 [INF] CORS policy execution successful.
2026-03-06 17:03:30.606 +05:30 [INF] Executing endpoint 'BubbleApp.Api.Controllers.GeneralController.Get (BubbleApp.Api)'
2026-03-06 17:03:30.608 +05:30 [INF] Route matched with {action = "Get", controller = "General"}. Executing controller action with signature System.Threading.Tasks.Task`1[Microsoft.AspNetCore.Mvc.IActionResult] Get(System.String, System.Threading.CancellationToken) on controller BubbleApp.Api.Controllers.GeneralController (BubbleApp.Api).
2026-03-06 17:03:30.612 +05:30 [INF] Executing OkObjectResult, writing value of type 'System.Collections.Generic.List`1[[BubbleApp.Common.ViewModels.General.GeneralMessageDto, BubbleApp.Common, Version=1.0.0.0, Culture=neutral, PublicKeyToken=null]]'.
2026-03-06 17:03:30.614 +05:30 [INF] Executed action BubbleApp.Api.Controllers.GeneralController.Get (BubbleApp.Api) in 4.1486ms
2026-03-06 17:03:30.617 +05:30 [INF] Executed endpoint 'BubbleApp.Api.Controllers.GeneralController.Get (BubbleApp.Api)'
2026-03-06 17:03:30.618 +05:30 [INF] HTTP GET /api/general responded 200 in 12.9522 ms
2026-03-06 17:03:30.620 +05:30 [INF] Request finished HTTP/1.1 GET http://localhost:5013/api/general?workspace=sample&key=I3UPoNYawpezx-OhSr2hs0DppN8hwow7MpnppypPP-c - 200 null application/json; charset=utf-8 18.1611ms
2026-03-06 17:03:36.604 +05:30 [INF] Request starting HTTP/1.1 GET http://localhost:5013/api/general?workspace=sample&key=I3UPoNYawpezx-OhSr2hs0DppN8hwow7MpnppypPP-c - null null
2026-03-06 17:03:36.607 +05:30 [INF] CORS policy execution successful.
2026-03-06 17:03:36.608 +05:30 [INF] Executing endpoint 'BubbleApp.Api.Controllers.GeneralController.Get (BubbleApp.Api)'
2026-03-06 17:03:36.609 +05:30 [INF] Route matched with {action = "Get", controller = "General"}. Executing controller action with signature System.Threading.Tasks.Task`1[Microsoft.AspNetCore.Mvc.IActionResult] Get(System.String, System.Threading.CancellationToken) on controller BubbleApp.Api.Controllers.GeneralController (BubbleApp.Api).
2026-03-06 17:03:36.613 +05:30 [INF] Executing OkObjectResult, writing value of type 'System.Collections.Generic.List`1[[BubbleApp.Common.ViewModels.General.GeneralMessageDto, BubbleApp.Common, Version=1.0.0.0, Culture=neutral, PublicKeyToken=null]]'.
2026-03-06 17:03:36.615 +05:30 [INF] Executed action BubbleApp.Api.Controllers.GeneralController.Get (BubbleApp.Api) in 3.8834ms
2026-03-06 17:03:36.617 +05:30 [INF] Executed endpoint 'BubbleApp.Api.Controllers.GeneralController.Get (BubbleApp.Api)'
2026-03-06 17:03:36.619 +05:30 [INF] HTTP GET /api/general responded 200 in 11.3842 ms
2026-03-06 17:03:36.621 +05:30 [INF] Request finished HTTP/1.1 GET http://localhost:5013/api/general?workspace=sample&key=I3UPoNYawpezx-OhSr2hs0DppN8hwow7MpnppypPP-c - 200 null application/json; charset=utf-8 16.9286ms
2026-03-06 17:03:37.666 +05:30 [INF] Request starting HTTP/1.1 GET http://localhost:5013/api/reminders?workspace=sample&key=I3UPoNYawpezx-OhSr2hs0DppN8hwow7MpnppypPP-c&userId=28 - null null
2026-03-06 17:03:37.669 +05:30 [INF] CORS policy execution successful.
2026-03-06 17:03:37.670 +05:30 [INF] Executing endpoint 'BubbleApp.Api.Controllers.RemindersController.Get (BubbleApp.Api)'
2026-03-06 17:03:37.671 +05:30 [INF] Route matched with {action = "Get", controller = "Reminders"}. Executing controller action with signature System.Threading.Tasks.Task`1[Microsoft.AspNetCore.Mvc.IActionResult] Get(System.String, System.String, System.Threading.CancellationToken) on controller BubbleApp.Api.Controllers.RemindersController (BubbleApp.Api).
2026-03-06 17:03:37.675 +05:30 [INF] Executing OkObjectResult, writing value of type 'System.Collections.Generic.List`1[[BubbleApp.Common.ViewModels.Reminder.ReminderDto, BubbleApp.Common, Version=1.0.0.0, Culture=neutral, PublicKeyToken=null]]'.
2026-03-06 17:03:37.677 +05:30 [INF] Executed action BubbleApp.Api.Controllers.RemindersController.Get (BubbleApp.Api) in 4.4609ms
2026-03-06 17:03:37.679 +05:30 [INF] Executed endpoint 'BubbleApp.Api.Controllers.RemindersController.Get (BubbleApp.Api)'
2026-03-06 17:03:37.681 +05:30 [INF] HTTP GET /api/reminders responded 200 in 12.1940 ms
2026-03-06 17:03:37.684 +05:30 [INF] Request finished HTTP/1.1 GET http://localhost:5013/api/reminders?workspace=sample&key=I3UPoNYawpezx-OhSr2hs0DppN8hwow7MpnppypPP-c&userId=28 - 200 null application/json; charset=utf-8 17.6903ms
2026-03-06 17:03:38.502 +05:30 [INF] Request starting HTTP/1.1 GET http://localhost:5013/api/general?workspace=sample&key=I3UPoNYawpezx-OhSr2hs0DppN8hwow7MpnppypPP-c - null null
2026-03-06 17:03:38.506 +05:30 [INF] CORS policy execution successful.
2026-03-06 17:03:38.507 +05:30 [INF] Executing endpoint 'BubbleApp.Api.Controllers.GeneralController.Get (BubbleApp.Api)'
2026-03-06 17:03:38.508 +05:30 [INF] Route matched with {action = "Get", controller = "General"}. Executing controller action with signature System.Threading.Tasks.Task`1[Microsoft.AspNetCore.Mvc.IActionResult] Get(System.String, System.Threading.CancellationToken) on controller BubbleApp.Api.Controllers.GeneralController (BubbleApp.Api).
2026-03-06 17:03:38.515 +05:30 [INF] Executing OkObjectResult, writing value of type 'System.Collections.Generic.List`1[[BubbleApp.Common.ViewModels.General.GeneralMessageDto, BubbleApp.Common, Version=1.0.0.0, Culture=neutral, PublicKeyToken=null]]'.
2026-03-06 17:03:38.518 +05:30 [INF] Executed action BubbleApp.Api.Controllers.GeneralController.Get (BubbleApp.Api) in 6.8312ms
2026-03-06 17:03:38.520 +05:30 [INF] Executed endpoint 'BubbleApp.Api.Controllers.GeneralController.Get (BubbleApp.Api)'
2026-03-06 17:03:38.522 +05:30 [INF] HTTP GET /api/general responded 200 in 16.3713 ms
2026-03-06 17:03:38.524 +05:30 [INF] Request finished HTTP/1.1 GET http://localhost:5013/api/general?workspace=sample&key=I3UPoNYawpezx-OhSr2hs0DppN8hwow7MpnppypPP-c - 200 null application/json; charset=utf-8 21.7687ms
2026-03-06 17:03:39.307 +05:30 [INF] Executing StatusCodeResult, setting HTTP status code 204
2026-03-06 17:03:39.311 +05:30 [INF] Executed action BubbleApp.Api.Controllers.WidgetConfigController.Long (BubbleApp.Api) in 25013.2276ms
2026-03-06 17:03:39.313 +05:30 [INF] Executed endpoint 'BubbleApp.Api.Controllers.WidgetConfigController.Long (BubbleApp.Api)'
2026-03-06 17:03:39.314 +05:30 [INF] HTTP GET /api/widget/config/long responded 204 in 25020.7452 ms
2026-03-06 17:03:39.316 +05:30 [INF] Request finished HTTP/1.1 GET http://localhost:5013/api/widget/config/long?workspace=sample&key=I3UPoNYawpezx-OhSr2hs0DppN8hwow7MpnppypPP-c&since=0 - 204 null null 25026.2706ms
2026-03-06 17:03:39.320 +05:30 [INF] Request starting HTTP/1.1 GET http://localhost:5013/api/widget/config/long?workspace=sample&key=I3UPoNYawpezx-OhSr2hs0DppN8hwow7MpnppypPP-c&since=0 - null null
2026-03-06 17:03:39.323 +05:30 [INF] CORS policy execution successful.
2026-03-06 17:03:39.324 +05:30 [INF] Executing endpoint 'BubbleApp.Api.Controllers.WidgetConfigController.Long (BubbleApp.Api)'
2026-03-06 17:03:39.325 +05:30 [INF] Route matched with {action = "Long", controller = "WidgetConfig"}. Executing controller action with signature System.Threading.Tasks.Task`1[Microsoft.AspNetCore.Mvc.IActionResult] Long(System.String, Int64, System.Threading.CancellationToken) on controller BubbleApp.Api.Controllers.WidgetConfigController (BubbleApp.Api).
2026-03-06 17:03:42.604 +05:30 [INF] Request starting HTTP/1.1 GET http://localhost:5013/api/general?workspace=sample&key=I3UPoNYawpezx-OhSr2hs0DppN8hwow7MpnppypPP-c - null null
2026-03-06 17:03:42.605 +05:30 [INF] Request starting HTTP/1.1 GET http://localhost:5013/api/reminders?workspace=sample&key=I3UPoNYawpezx-OhSr2hs0DppN8hwow7MpnppypPP-c&userId=28 - null null
2026-03-06 17:03:42.607 +05:30 [INF] CORS policy execution successful.
2026-03-06 17:03:42.609 +05:30 [INF] CORS policy execution successful.
2026-03-06 17:03:42.610 +05:30 [INF] Executing endpoint 'BubbleApp.Api.Controllers.GeneralController.Get (BubbleApp.Api)'
2026-03-06 17:03:42.611 +05:30 [INF] Executing endpoint 'BubbleApp.Api.Controllers.RemindersController.Get (BubbleApp.Api)'
2026-03-06 17:03:42.613 +05:30 [INF] Route matched with {action = "Get", controller = "General"}. Executing controller action with signature System.Threading.Tasks.Task`1[Microsoft.AspNetCore.Mvc.IActionResult] Get(System.String, System.Threading.CancellationToken) on controller BubbleApp.Api.Controllers.GeneralController (BubbleApp.Api).
2026-03-06 17:03:42.615 +05:30 [INF] Route matched with {action = "Get", controller = "Reminders"}. Executing controller action with signature System.Threading.Tasks.Task`1[Microsoft.AspNetCore.Mvc.IActionResult] Get(System.String, System.String, System.Threading.CancellationToken) on controller BubbleApp.Api.Controllers.RemindersController (BubbleApp.Api).
2026-03-06 17:03:42.620 +05:30 [INF] Executing OkObjectResult, writing value of type 'System.Collections.Generic.List`1[[BubbleApp.Common.ViewModels.General.GeneralMessageDto, BubbleApp.Common, Version=1.0.0.0, Culture=neutral, PublicKeyToken=null]]'.
2026-03-06 17:03:42.622 +05:30 [INF] Executing OkObjectResult, writing value of type 'System.Collections.Generic.List`1[[BubbleApp.Common.ViewModels.Reminder.ReminderDto, BubbleApp.Common, Version=1.0.0.0, Culture=neutral, PublicKeyToken=null]]'.
2026-03-06 17:03:42.622 +05:30 [INF] Executed action BubbleApp.Api.Controllers.GeneralController.Get (BubbleApp.Api) in 5.2432ms
2026-03-06 17:03:42.624 +05:30 [INF] Executed action BubbleApp.Api.Controllers.RemindersController.Get (BubbleApp.Api) in 3.5522ms
2026-03-06 17:03:42.626 +05:30 [INF] Executed endpoint 'BubbleApp.Api.Controllers.GeneralController.Get (BubbleApp.Api)'
2026-03-06 17:03:42.627 +05:30 [INF] Executed endpoint 'BubbleApp.Api.Controllers.RemindersController.Get (BubbleApp.Api)'
2026-03-06 17:03:42.628 +05:30 [INF] HTTP GET /api/general responded 200 in 21.7959 ms
2026-03-06 17:03:42.630 +05:30 [INF] HTTP GET /api/reminders responded 200 in 20.8922 ms
2026-03-06 17:03:42.632 +05:30 [INF] Request finished HTTP/1.1 GET http://localhost:5013/api/general?workspace=sample&key=I3UPoNYawpezx-OhSr2hs0DppN8hwow7MpnppypPP-c - 200 null application/json; charset=utf-8 28.0224ms
2026-03-06 17:03:42.635 +05:30 [INF] Request finished HTTP/1.1 GET http://localhost:5013/api/reminders?workspace=sample&key=I3UPoNYawpezx-OhSr2hs0DppN8hwow7MpnppypPP-c&userId=28 - 200 null application/json; charset=utf-8 30.5127ms
2026-03-06 17:03:43.619 +05:30 [INF] Request starting HTTP/1.1 GET http://localhost:5013/api/todos?workspace=sample&key=I3UPoNYawpezx-OhSr2hs0DppN8hwow7MpnppypPP-c&userId=28 - null null
2026-03-06 17:03:43.622 +05:30 [INF] CORS policy execution successful.
2026-03-06 17:03:43.623 +05:30 [INF] Executing endpoint 'BubbleApp.Api.Controllers.TodosController.Get (BubbleApp.Api)'
2026-03-06 17:03:43.625 +05:30 [INF] Route matched with {action = "Get", controller = "Todos"}. Executing controller action with signature System.Threading.Tasks.Task`1[Microsoft.AspNetCore.Mvc.IActionResult] Get(System.String, System.String, System.Threading.CancellationToken) on controller BubbleApp.Api.Controllers.TodosController (BubbleApp.Api).
2026-03-06 17:03:43.632 +05:30 [INF] Executing OkObjectResult, writing value of type 'System.Collections.Generic.List`1[[BubbleApp.Common.ViewModels.Todo.TodoDto, BubbleApp.Common, Version=1.0.0.0, Culture=neutral, PublicKeyToken=null]]'.
2026-03-06 17:03:43.636 +05:30 [INF] Executed action BubbleApp.Api.Controllers.TodosController.Get (BubbleApp.Api) in 8.7483ms
2026-03-06 17:03:43.639 +05:30 [INF] Executed endpoint 'BubbleApp.Api.Controllers.TodosController.Get (BubbleApp.Api)'
2026-03-06 17:03:43.640 +05:30 [INF] HTTP GET /api/todos responded 200 in 18.2906 ms
2026-03-06 17:03:43.643 +05:30 [INF] Request finished HTTP/1.1 GET http://localhost:5013/api/todos?workspace=sample&key=I3UPoNYawpezx-OhSr2hs0DppN8hwow7MpnppypPP-c&userId=28 - 200 null application/json; charset=utf-8 24.4829ms
2026-03-06 17:03:44.426 +05:30 [INF] Request starting HTTP/1.1 GET http://localhost:5013/api/notes?workspace=sample&key=I3UPoNYawpezx-OhSr2hs0DppN8hwow7MpnppypPP-c&userId=28 - null null
2026-03-06 17:03:44.429 +05:30 [INF] CORS policy execution successful.
2026-03-06 17:03:44.430 +05:30 [INF] Executing endpoint 'BubbleApp.Api.Controllers.NotesController.Get (BubbleApp.Api)'
2026-03-06 17:03:44.431 +05:30 [INF] Route matched with {action = "Get", controller = "Notes"}. Executing controller action with signature System.Threading.Tasks.Task`1[Microsoft.AspNetCore.Mvc.IActionResult] Get(System.String, System.String, System.Threading.CancellationToken) on controller BubbleApp.Api.Controllers.NotesController (BubbleApp.Api).
2026-03-06 17:03:44.436 +05:30 [INF] Executing OkObjectResult, writing value of type 'System.Collections.Generic.List`1[[BubbleApp.Common.ViewModels.Notes.NoteDto, BubbleApp.Common, Version=1.0.0.0, Culture=neutral, PublicKeyToken=null]]'.
2026-03-06 17:03:44.438 +05:30 [INF] Executed action BubbleApp.Api.Controllers.NotesController.Get (BubbleApp.Api) in 4.9732ms
2026-03-06 17:03:44.440 +05:30 [INF] Executed endpoint 'BubbleApp.Api.Controllers.NotesController.Get (BubbleApp.Api)'
2026-03-06 17:03:44.441 +05:30 [INF] HTTP GET /api/notes responded 200 in 12.2492 ms
2026-03-06 17:03:44.444 +05:30 [INF] Request finished HTTP/1.1 GET http://localhost:5013/api/notes?workspace=sample&key=I3UPoNYawpezx-OhSr2hs0DppN8hwow7MpnppypPP-c&userId=28 - 200 null application/json; charset=utf-8 17.2633ms
2026-03-06 17:03:45.600 +05:30 [INF] Request starting HTTP/1.1 GET http://localhost:5013/api/todos?workspace=sample&key=I3UPoNYawpezx-OhSr2hs0DppN8hwow7MpnppypPP-c&userId=28 - null null
2026-03-06 17:03:45.602 +05:30 [INF] CORS policy execution successful.
2026-03-06 17:03:45.603 +05:30 [INF] Executing endpoint 'BubbleApp.Api.Controllers.TodosController.Get (BubbleApp.Api)'
2026-03-06 17:03:45.604 +05:30 [INF] Route matched with {action = "Get", controller = "Todos"}. Executing controller action with signature System.Threading.Tasks.Task`1[Microsoft.AspNetCore.Mvc.IActionResult] Get(System.String, System.String, System.Threading.CancellationToken) on controller BubbleApp.Api.Controllers.TodosController (BubbleApp.Api).
2026-03-06 17:03:45.611 +05:30 [INF] Executing OkObjectResult, writing value of type 'System.Collections.Generic.List`1[[BubbleApp.Common.ViewModels.Todo.TodoDto, BubbleApp.Common, Version=1.0.0.0, Culture=neutral, PublicKeyToken=null]]'.
2026-03-06 17:03:45.613 +05:30 [INF] Executed action BubbleApp.Api.Controllers.TodosController.Get (BubbleApp.Api) in 5.7001ms
2026-03-06 17:03:45.615 +05:30 [INF] Executed endpoint 'BubbleApp.Api.Controllers.TodosController.Get (BubbleApp.Api)'
2026-03-06 17:03:45.617 +05:30 [INF] HTTP GET /api/todos responded 200 in 14.5698 ms
2026-03-06 17:03:45.620 +05:30 [INF] Request finished HTTP/1.1 GET http://localhost:5013/api/todos?workspace=sample&key=I3UPoNYawpezx-OhSr2hs0DppN8hwow7MpnppypPP-c&userId=28 - 200 null application/json; charset=utf-8 20.5644ms
2026-03-06 17:03:46.736 +05:30 [INF] Request starting HTTP/1.1 GET http://localhost:5013/api/general?workspace=sample&key=I3UPoNYawpezx-OhSr2hs0DppN8hwow7MpnppypPP-c - null null
2026-03-06 17:03:46.739 +05:30 [INF] CORS policy execution successful.
2026-03-06 17:03:46.739 +05:30 [INF] Executing endpoint 'BubbleApp.Api.Controllers.GeneralController.Get (BubbleApp.Api)'
2026-03-06 17:03:46.740 +05:30 [INF] Route matched with {action = "Get", controller = "General"}. Executing controller action with signature System.Threading.Tasks.Task`1[Microsoft.AspNetCore.Mvc.IActionResult] Get(System.String, System.Threading.CancellationToken) on controller BubbleApp.Api.Controllers.GeneralController (BubbleApp.Api).
2026-03-06 17:03:46.745 +05:30 [INF] Executing OkObjectResult, writing value of type 'System.Collections.Generic.List`1[[BubbleApp.Common.ViewModels.General.GeneralMessageDto, BubbleApp.Common, Version=1.0.0.0, Culture=neutral, PublicKeyToken=null]]'.
2026-03-06 17:03:46.747 +05:30 [INF] Executed action BubbleApp.Api.Controllers.GeneralController.Get (BubbleApp.Api) in 4.9172ms
2026-03-06 17:03:46.750 +05:30 [INF] Executed endpoint 'BubbleApp.Api.Controllers.GeneralController.Get (BubbleApp.Api)'
2026-03-06 17:03:46.751 +05:30 [INF] HTTP GET /api/general responded 200 in 12.4231 ms
2026-03-06 17:03:46.753 +05:30 [INF] Request finished HTTP/1.1 GET http://localhost:5013/api/general?workspace=sample&key=I3UPoNYawpezx-OhSr2hs0DppN8hwow7MpnppypPP-c - 200 null application/json; charset=utf-8 17.7162ms
2026-03-06 17:03:47.341 +05:30 [INF] Request starting HTTP/1.1 GET http://localhost:5013/api/reminders?workspace=sample&key=I3UPoNYawpezx-OhSr2hs0DppN8hwow7MpnppypPP-c&userId=28 - null null
2026-03-06 17:03:47.344 +05:30 [INF] CORS policy execution successful.
2026-03-06 17:03:47.345 +05:30 [INF] Executing endpoint 'BubbleApp.Api.Controllers.RemindersController.Get (BubbleApp.Api)'
2026-03-06 17:03:47.346 +05:30 [INF] Route matched with {action = "Get", controller = "Reminders"}. Executing controller action with signature System.Threading.Tasks.Task`1[Microsoft.AspNetCore.Mvc.IActionResult] Get(System.String, System.String, System.Threading.CancellationToken) on controller BubbleApp.Api.Controllers.RemindersController (BubbleApp.Api).
2026-03-06 17:03:47.351 +05:30 [INF] Executing OkObjectResult, writing value of type 'System.Collections.Generic.List`1[[BubbleApp.Common.ViewModels.Reminder.ReminderDto, BubbleApp.Common, Version=1.0.0.0, Culture=neutral, PublicKeyToken=null]]'.
2026-03-06 17:03:47.354 +05:30 [INF] Executed action BubbleApp.Api.Controllers.RemindersController.Get (BubbleApp.Api) in 5.1523ms
2026-03-06 17:03:47.356 +05:30 [INF] Executed endpoint 'BubbleApp.Api.Controllers.RemindersController.Get (BubbleApp.Api)'
2026-03-06 17:03:47.358 +05:30 [INF] HTTP GET /api/reminders responded 200 in 13.8766 ms
2026-03-06 17:03:47.360 +05:30 [INF] Request finished HTTP/1.1 GET http://localhost:5013/api/reminders?workspace=sample&key=I3UPoNYawpezx-OhSr2hs0DppN8hwow7MpnppypPP-c&userId=28 - 200 null application/json; charset=utf-8 19.1247ms
2026-03-06 17:03:50.781 +05:30 [INF] Executing StatusCodeResult, setting HTTP status code 204
2026-03-06 17:03:50.783 +05:30 [INF] Executed action BubbleApp.Api.Controllers.WidgetConfigController.Long (BubbleApp.Api) in 25012.6786ms
2026-03-06 17:03:50.784 +05:30 [INF] Executed endpoint 'BubbleApp.Api.Controllers.WidgetConfigController.Long (BubbleApp.Api)'
2026-03-06 17:03:50.785 +05:30 [INF] HTTP GET /api/widget/config/long responded 204 in 25017.7087 ms
2026-03-06 17:03:50.787 +05:30 [INF] Request finished HTTP/1.1 GET http://localhost:5013/api/widget/config/long?workspace=sample&key=I3UPoNYawpezx-OhSr2hs0DppN8hwow7MpnppypPP-c&since=0 - 204 null null 25021.1663ms
2026-03-06 17:03:50.791 +05:30 [INF] Request starting HTTP/1.1 GET http://localhost:5013/api/widget/config/long?workspace=sample&key=I3UPoNYawpezx-OhSr2hs0DppN8hwow7MpnppypPP-c&since=0 - null null
2026-03-06 17:03:50.794 +05:30 [INF] CORS policy execution successful.
2026-03-06 17:03:50.794 +05:30 [INF] Executing endpoint 'BubbleApp.Api.Controllers.WidgetConfigController.Long (BubbleApp.Api)'
2026-03-06 17:03:50.795 +05:30 [INF] Route matched with {action = "Long", controller = "WidgetConfig"}. Executing controller action with signature System.Threading.Tasks.Task`1[Microsoft.AspNetCore.Mvc.IActionResult] Long(System.String, Int64, System.Threading.CancellationToken) on controller BubbleApp.Api.Controllers.WidgetConfigController (BubbleApp.Api).
2026-03-06 17:03:55.126 +05:30 [INF] Request starting HTTP/1.1 GET http://localhost:5013/api/notes?workspace=sample&key=I3UPoNYawpezx-OhSr2hs0DppN8hwow7MpnppypPP-c&userId=28 - null null
2026-03-06 17:03:55.129 +05:30 [INF] CORS policy execution successful.
2026-03-06 17:03:55.130 +05:30 [INF] Executing endpoint 'BubbleApp.Api.Controllers.NotesController.Get (BubbleApp.Api)'
2026-03-06 17:03:55.131 +05:30 [INF] Route matched with {action = "Get", controller = "Notes"}. Executing controller action with signature System.Threading.Tasks.Task`1[Microsoft.AspNetCore.Mvc.IActionResult] Get(System.String, System.String, System.Threading.CancellationToken) on controller BubbleApp.Api.Controllers.NotesController (BubbleApp.Api).
2026-03-06 17:03:55.134 +05:30 [INF] Executing OkObjectResult, writing value of type 'System.Collections.Generic.List`1[[BubbleApp.Common.ViewModels.Notes.NoteDto, BubbleApp.Common, Version=1.0.0.0, Culture=neutral, PublicKeyToken=null]]'.
2026-03-06 17:03:55.136 +05:30 [INF] Executed action BubbleApp.Api.Controllers.NotesController.Get (BubbleApp.Api) in 3.771ms
2026-03-06 17:03:55.139 +05:30 [INF] Executed endpoint 'BubbleApp.Api.Controllers.NotesController.Get (BubbleApp.Api)'
2026-03-06 17:03:55.140 +05:30 [INF] HTTP GET /api/notes responded 200 in 11.3807 ms
2026-03-06 17:03:55.143 +05:30 [INF] Request finished HTTP/1.1 GET http://localhost:5013/api/notes?workspace=sample&key=I3UPoNYawpezx-OhSr2hs0DppN8hwow7MpnppypPP-c&userId=28 - 200 null application/json; charset=utf-8 16.7104ms
2026-03-06 17:03:56.102 +05:30 [INF] Request starting HTTP/1.1 GET http://localhost:5013/api/todos?workspace=sample&key=I3UPoNYawpezx-OhSr2hs0DppN8hwow7MpnppypPP-c&userId=28 - null null
2026-03-06 17:03:56.106 +05:30 [INF] CORS policy execution successful.
2026-03-06 17:03:56.107 +05:30 [INF] Executing endpoint 'BubbleApp.Api.Controllers.TodosController.Get (BubbleApp.Api)'
2026-03-06 17:03:56.109 +05:30 [INF] Route matched with {action = "Get", controller = "Todos"}. Executing controller action with signature System.Threading.Tasks.Task`1[Microsoft.AspNetCore.Mvc.IActionResult] Get(System.String, System.String, System.Threading.CancellationToken) on controller BubbleApp.Api.Controllers.TodosController (BubbleApp.Api).
2026-03-06 17:03:56.116 +05:30 [INF] Executing OkObjectResult, writing value of type 'System.Collections.Generic.List`1[[BubbleApp.Common.ViewModels.Todo.TodoDto, BubbleApp.Common, Version=1.0.0.0, Culture=neutral, PublicKeyToken=null]]'.
2026-03-06 17:03:56.118 +05:30 [INF] Executed action BubbleApp.Api.Controllers.TodosController.Get (BubbleApp.Api) in 6.5278ms
2026-03-06 17:03:56.120 +05:30 [INF] Executed endpoint 'BubbleApp.Api.Controllers.TodosController.Get (BubbleApp.Api)'
2026-03-06 17:03:56.122 +05:30 [INF] HTTP GET /api/todos responded 200 in 15.8010 ms
2026-03-06 17:03:56.125 +05:30 [INF] Request finished HTTP/1.1 GET http://localhost:5013/api/todos?workspace=sample&key=I3UPoNYawpezx-OhSr2hs0DppN8hwow7MpnppypPP-c&userId=28 - 200 null application/json; charset=utf-8 23.108ms
2026-03-06 17:03:56.769 +05:30 [INF] Request starting HTTP/1.1 GET http://localhost:5013/api/general?workspace=sample&key=I3UPoNYawpezx-OhSr2hs0DppN8hwow7MpnppypPP-c - null null
2026-03-06 17:03:56.772 +05:30 [INF] CORS policy execution successful.
2026-03-06 17:03:56.773 +05:30 [INF] Executing endpoint 'BubbleApp.Api.Controllers.GeneralController.Get (BubbleApp.Api)'
2026-03-06 17:03:56.775 +05:30 [INF] Route matched with {action = "Get", controller = "General"}. Executing controller action with signature System.Threading.Tasks.Task`1[Microsoft.AspNetCore.Mvc.IActionResult] Get(System.String, System.Threading.CancellationToken) on controller BubbleApp.Api.Controllers.GeneralController (BubbleApp.Api).
2026-03-06 17:03:56.779 +05:30 [INF] Executing OkObjectResult, writing value of type 'System.Collections.Generic.List`1[[BubbleApp.Common.ViewModels.General.GeneralMessageDto, BubbleApp.Common, Version=1.0.0.0, Culture=neutral, PublicKeyToken=null]]'.
2026-03-06 17:03:56.781 +05:30 [INF] Executed action BubbleApp.Api.Controllers.GeneralController.Get (BubbleApp.Api) in 4.0966ms
2026-03-06 17:03:56.782 +05:30 [INF] Executed endpoint 'BubbleApp.Api.Controllers.GeneralController.Get (BubbleApp.Api)'
2026-03-06 17:03:56.783 +05:30 [INF] HTTP GET /api/general responded 200 in 10.6423 ms
2026-03-06 17:03:56.784 +05:30 [INF] Request finished HTTP/1.1 GET http://localhost:5013/api/general?workspace=sample&key=I3UPoNYawpezx-OhSr2hs0DppN8hwow7MpnppypPP-c - 200 null application/json; charset=utf-8 15.3721ms
2026-03-06 17:03:57.391 +05:30 [INF] Request starting HTTP/1.1 GET http://localhost:5013/api/reminders?workspace=sample&key=I3UPoNYawpezx-OhSr2hs0DppN8hwow7MpnppypPP-c&userId=28 - null null
2026-03-06 17:03:57.394 +05:30 [INF] CORS policy execution successful.
2026-03-06 17:03:57.395 +05:30 [INF] Executing endpoint 'BubbleApp.Api.Controllers.RemindersController.Get (BubbleApp.Api)'
2026-03-06 17:03:57.396 +05:30 [INF] Route matched with {action = "Get", controller = "Reminders"}. Executing controller action with signature System.Threading.Tasks.Task`1[Microsoft.AspNetCore.Mvc.IActionResult] Get(System.String, System.String, System.Threading.CancellationToken) on controller BubbleApp.Api.Controllers.RemindersController (BubbleApp.Api).
2026-03-06 17:03:57.399 +05:30 [INF] Executing OkObjectResult, writing value of type 'System.Collections.Generic.List`1[[BubbleApp.Common.ViewModels.Reminder.ReminderDto, BubbleApp.Common, Version=1.0.0.0, Culture=neutral, PublicKeyToken=null]]'.
2026-03-06 17:03:57.401 +05:30 [INF] Executed action BubbleApp.Api.Controllers.RemindersController.Get (BubbleApp.Api) in 3.3067ms
2026-03-06 17:03:57.403 +05:30 [INF] Executed endpoint 'BubbleApp.Api.Controllers.RemindersController.Get (BubbleApp.Api)'
2026-03-06 17:03:57.406 +05:30 [INF] HTTP GET /api/reminders responded 200 in 11.6423 ms
2026-03-06 17:03:57.408 +05:30 [INF] Request finished HTTP/1.1 GET http://localhost:5013/api/reminders?workspace=sample&key=I3UPoNYawpezx-OhSr2hs0DppN8hwow7MpnppypPP-c&userId=28 - 200 null application/json; charset=utf-8 17.6058ms
2026-03-06 17:03:58.564 +05:30 [INF] Request starting HTTP/1.1 GET http://localhost:5013/api/todos?workspace=sample&key=I3UPoNYawpezx-OhSr2hs0DppN8hwow7MpnppypPP-c&userId=28 - null null
2026-03-06 17:03:58.572 +05:30 [INF] CORS policy execution successful.
2026-03-06 17:03:58.574 +05:30 [INF] Executing endpoint 'BubbleApp.Api.Controllers.TodosController.Get (BubbleApp.Api)'
2026-03-06 17:03:58.576 +05:30 [INF] Route matched with {action = "Get", controller = "Todos"}. Executing controller action with signature System.Threading.Tasks.Task`1[Microsoft.AspNetCore.Mvc.IActionResult] Get(System.String, System.String, System.Threading.CancellationToken) on controller BubbleApp.Api.Controllers.TodosController (BubbleApp.Api).
2026-03-06 17:03:58.583 +05:30 [INF] Executing OkObjectResult, writing value of type 'System.Collections.Generic.List`1[[BubbleApp.Common.ViewModels.Todo.TodoDto, BubbleApp.Common, Version=1.0.0.0, Culture=neutral, PublicKeyToken=null]]'.
2026-03-06 17:03:58.586 +05:30 [INF] Executed action BubbleApp.Api.Controllers.TodosController.Get (BubbleApp.Api) in 6.713ms
2026-03-06 17:03:58.588 +05:30 [INF] Executed endpoint 'BubbleApp.Api.Controllers.TodosController.Get (BubbleApp.Api)'
2026-03-06 17:03:58.590 +05:30 [INF] HTTP GET /api/todos responded 200 in 17.8024 ms
2026-03-06 17:03:58.593 +05:30 [INF] Request finished HTTP/1.1 GET http://localhost:5013/api/todos?workspace=sample&key=I3UPoNYawpezx-OhSr2hs0DppN8hwow7MpnppypPP-c&userId=28 - 200 null application/json; charset=utf-8 28.6461ms
2026-03-06 17:04:01.526 +05:30 [INF] Request starting HTTP/1.1 GET http://localhost:5013/api/reminders?workspace=sample&key=I3UPoNYawpezx-OhSr2hs0DppN8hwow7MpnppypPP-c&userId=4 - null null
2026-03-06 17:04:01.529 +05:30 [INF] CORS policy execution successful.
2026-03-06 17:04:01.530 +05:30 [INF] Executing endpoint 'BubbleApp.Api.Controllers.RemindersController.Get (BubbleApp.Api)'
2026-03-06 17:04:01.531 +05:30 [INF] Route matched with {action = "Get", controller = "Reminders"}. Executing controller action with signature System.Threading.Tasks.Task`1[Microsoft.AspNetCore.Mvc.IActionResult] Get(System.String, System.String, System.Threading.CancellationToken) on controller BubbleApp.Api.Controllers.RemindersController (BubbleApp.Api).
2026-03-06 17:04:01.535 +05:30 [INF] Executing OkObjectResult, writing value of type 'System.Collections.Generic.List`1[[BubbleApp.Common.ViewModels.Reminder.ReminderDto, BubbleApp.Common, Version=1.0.0.0, Culture=neutral, PublicKeyToken=null]]'.
2026-03-06 17:04:01.537 +05:30 [INF] Executed action BubbleApp.Api.Controllers.RemindersController.Get (BubbleApp.Api) in 3.5754ms
2026-03-06 17:04:01.540 +05:30 [INF] Executed endpoint 'BubbleApp.Api.Controllers.RemindersController.Get (BubbleApp.Api)'
2026-03-06 17:04:01.541 +05:30 [INF] HTTP GET /api/reminders responded 200 in 11.0817 ms
2026-03-06 17:04:01.542 +05:30 [INF] Request finished HTTP/1.1 GET http://localhost:5013/api/reminders?workspace=sample&key=I3UPoNYawpezx-OhSr2hs0DppN8hwow7MpnppypPP-c&userId=4 - 200 null application/json; charset=utf-8 16.7763ms
2026-03-06 17:04:04.343 +05:30 [INF] Executing StatusCodeResult, setting HTTP status code 204
2026-03-06 17:04:04.345 +05:30 [INF] Executed action BubbleApp.Api.Controllers.WidgetConfigController.Long (BubbleApp.Api) in 25017.007ms
2026-03-06 17:04:04.346 +05:30 [INF] Executed endpoint 'BubbleApp.Api.Controllers.WidgetConfigController.Long (BubbleApp.Api)'
2026-03-06 17:04:04.347 +05:30 [INF] HTTP GET /api/widget/config/long responded 204 in 25023.1521 ms
2026-03-06 17:04:04.349 +05:30 [INF] Request finished HTTP/1.1 GET http://localhost:5013/api/widget/config/long?workspace=sample&key=I3UPoNYawpezx-OhSr2hs0DppN8hwow7MpnppypPP-c&since=0 - 204 null null 25027.9032ms
2026-03-06 17:04:04.510 +05:30 [INF] Request starting HTTP/1.1 GET http://localhost:5013/api/widget/config/long?workspace=sample&key=I3UPoNYawpezx-OhSr2hs0DppN8hwow7MpnppypPP-c&since=0 - null null
2026-03-06 17:04:04.514 +05:30 [INF] CORS policy execution successful.
2026-03-06 17:04:04.515 +05:30 [INF] Executing endpoint 'BubbleApp.Api.Controllers.WidgetConfigController.Long (BubbleApp.Api)'
2026-03-06 17:04:04.517 +05:30 [INF] Route matched with {action = "Long", controller = "WidgetConfig"}. Executing controller action with signature System.Threading.Tasks.Task`1[Microsoft.AspNetCore.Mvc.IActionResult] Long(System.String, Int64, System.Threading.CancellationToken) on controller BubbleApp.Api.Controllers.WidgetConfigController (BubbleApp.Api).
2026-03-06 17:04:15.810 +05:30 [INF] Executing StatusCodeResult, setting HTTP status code 204
2026-03-06 17:04:15.813 +05:30 [INF] Executed action BubbleApp.Api.Controllers.WidgetConfigController.Long (BubbleApp.Api) in 25015.247ms
2026-03-06 17:04:15.814 +05:30 [INF] Executed endpoint 'BubbleApp.Api.Controllers.WidgetConfigController.Long (BubbleApp.Api)'
2026-03-06 17:04:15.815 +05:30 [INF] HTTP GET /api/widget/config/long responded 204 in 25020.5462 ms
2026-03-06 17:04:15.816 +05:30 [INF] Request finished HTTP/1.1 GET http://localhost:5013/api/widget/config/long?workspace=sample&key=I3UPoNYawpezx-OhSr2hs0DppN8hwow7MpnppypPP-c&since=0 - 204 null null 25024.7959ms
2026-03-06 17:04:15.820 +05:30 [INF] Request starting HTTP/1.1 GET http://localhost:5013/api/widget/config/long?workspace=sample&key=I3UPoNYawpezx-OhSr2hs0DppN8hwow7MpnppypPP-c&since=0 - null null
2026-03-06 17:04:15.823 +05:30 [INF] CORS policy execution successful.
2026-03-06 17:04:15.824 +05:30 [INF] Executing endpoint 'BubbleApp.Api.Controllers.WidgetConfigController.Long (BubbleApp.Api)'
2026-03-06 17:04:15.825 +05:30 [INF] Route matched with {action = "Long", controller = "WidgetConfig"}. Executing controller action with signature System.Threading.Tasks.Task`1[Microsoft.AspNetCore.Mvc.IActionResult] Long(System.String, Int64, System.Threading.CancellationToken) on controller BubbleApp.Api.Controllers.WidgetConfigController (BubbleApp.Api).
2026-03-06 17:04:20.567 +05:30 [INF] Request starting HTTP/1.1 OPTIONS http://localhost:5013/api/workspaces - null null
2026-03-06 17:04:20.568 +05:30 [INF] Request starting HTTP/1.1 OPTIONS http://localhost:5013/api/workspaces - null null
2026-03-06 17:04:20.570 +05:30 [INF] CORS policy execution successful.
2026-03-06 17:04:20.574 +05:30 [INF] CORS policy execution successful.
2026-03-06 17:04:20.575 +05:30 [INF] HTTP OPTIONS /api/workspaces responded 204 in 4.5957 ms
2026-03-06 17:04:20.576 +05:30 [INF] HTTP OPTIONS /api/workspaces responded 204 in 1.9610 ms
2026-03-06 17:04:20.578 +05:30 [INF] Request finished HTTP/1.1 OPTIONS http://localhost:5013/api/workspaces - 204 null null 11.1983ms
2026-03-06 17:04:20.581 +05:30 [INF] Request finished HTTP/1.1 OPTIONS http://localhost:5013/api/workspaces - 204 null null 12.9049ms
2026-03-06 17:04:20.586 +05:30 [INF] Request starting HTTP/1.1 GET http://localhost:5013/api/workspaces - application/json null
2026-03-06 17:04:20.593 +05:30 [INF] CORS policy execution successful.
2026-03-06 17:04:20.594 +05:30 [INF] Executing endpoint 'BubbleApp.Api.Controllers.WorkspacesController.List (BubbleApp.Api)'
2026-03-06 17:04:20.596 +05:30 [INF] Route matched with {action = "List", controller = "Workspaces"}. Executing controller action with signature System.Threading.Tasks.Task`1[Microsoft.AspNetCore.Mvc.IActionResult] List(System.Threading.CancellationToken) on controller BubbleApp.Api.Controllers.WorkspacesController (BubbleApp.Api).
2026-03-06 17:04:20.601 +05:30 [INF] Executing OkObjectResult, writing value of type 'System.Collections.Generic.List`1[[BubbleApp.Common.ViewModels.Workspace.WorkspaceDto, BubbleApp.Common, Version=1.0.0.0, Culture=neutral, PublicKeyToken=null]]'.
2026-03-06 17:04:20.602 +05:30 [INF] Executed action BubbleApp.Api.Controllers.WorkspacesController.List (BubbleApp.Api) in 3.3703ms
2026-03-06 17:04:20.603 +05:30 [INF] Request starting HTTP/1.1 GET http://localhost:5013/api/workspaces - application/json null
2026-03-06 17:04:20.604 +05:30 [INF] Executed endpoint 'BubbleApp.Api.Controllers.WorkspacesController.List (BubbleApp.Api)'
2026-03-06 17:04:20.606 +05:30 [INF] CORS policy execution successful.
2026-03-06 17:04:20.607 +05:30 [INF] HTTP GET /api/workspaces responded 200 in 14.6040 ms
2026-03-06 17:04:20.608 +05:30 [INF] Executing endpoint 'BubbleApp.Api.Controllers.WorkspacesController.List (BubbleApp.Api)'
2026-03-06 17:04:20.610 +05:30 [INF] Request finished HTTP/1.1 GET http://localhost:5013/api/workspaces - 200 null application/json; charset=utf-8 24.2419ms
2026-03-06 17:04:20.611 +05:30 [INF] Route matched with {action = "List", controller = "Workspaces"}. Executing controller action with signature System.Threading.Tasks.Task`1[Microsoft.AspNetCore.Mvc.IActionResult] List(System.Threading.CancellationToken) on controller BubbleApp.Api.Controllers.WorkspacesController (BubbleApp.Api).
2026-03-06 17:04:20.619 +05:30 [INF] Executing OkObjectResult, writing value of type 'System.Collections.Generic.List`1[[BubbleApp.Common.ViewModels.Workspace.WorkspaceDto, BubbleApp.Common, Version=1.0.0.0, Culture=neutral, PublicKeyToken=null]]'.
2026-03-06 17:04:20.621 +05:30 [INF] Executed action BubbleApp.Api.Controllers.WorkspacesController.List (BubbleApp.Api) in 3.8716ms
2026-03-06 17:04:20.622 +05:30 [INF] Executed endpoint 'BubbleApp.Api.Controllers.WorkspacesController.List (BubbleApp.Api)'
2026-03-06 17:04:20.623 +05:30 [INF] HTTP GET /api/workspaces responded 200 in 16.9466 ms
2026-03-06 17:04:20.625 +05:30 [INF] Request finished HTTP/1.1 GET http://localhost:5013/api/workspaces - 200 null application/json; charset=utf-8 21.5797ms
2026-03-06 17:04:22.534 +05:30 [INF] Request starting HTTP/1.1 OPTIONS http://localhost:5013/api/workspaces/d7618e38-dade-4574-8316-36a811131396/appearance - null null
2026-03-06 17:04:22.536 +05:30 [INF] CORS policy execution successful.
2026-03-06 17:04:22.537 +05:30 [INF] HTTP OPTIONS /api/workspaces/d7618e38-dade-4574-8316-36a811131396/appearance responded 204 in 0.7837 ms
2026-03-06 17:04:22.538 +05:30 [INF] Request finished HTTP/1.1 OPTIONS http://localhost:5013/api/workspaces/d7618e38-dade-4574-8316-36a811131396/appearance - 204 null null 4.6566ms
2026-03-06 17:04:22.550 +05:30 [INF] Request starting HTTP/1.1 GET http://localhost:5013/api/workspaces/d7618e38-dade-4574-8316-36a811131396/appearance - application/json null
2026-03-06 17:04:22.553 +05:30 [INF] CORS policy execution successful.
2026-03-06 17:04:22.555 +05:30 [INF] Executing endpoint 'BubbleApp.Api.Controllers.WorkspacesController.GetAppearance (BubbleApp.Api)'
2026-03-06 17:04:22.559 +05:30 [INF] Route matched with {action = "GetAppearance", controller = "Workspaces"}. Executing controller action with signature System.Threading.Tasks.Task`1[Microsoft.AspNetCore.Mvc.IActionResult] GetAppearance(System.String, System.Threading.CancellationToken) on controller BubbleApp.Api.Controllers.WorkspacesController (BubbleApp.Api).
2026-03-06 17:04:22.565 +05:30 [INF] Executing OkObjectResult, writing value of type 'BubbleApp.Common.ViewModels.Workspace.WorkspaceAppearanceDto'.
2026-03-06 17:04:22.568 +05:30 [INF] Executed action BubbleApp.Api.Controllers.WorkspacesController.GetAppearance (BubbleApp.Api) in 6.6002ms
2026-03-06 17:04:22.570 +05:30 [INF] Executed endpoint 'BubbleApp.Api.Controllers.WorkspacesController.GetAppearance (BubbleApp.Api)'
2026-03-06 17:04:22.571 +05:30 [INF] HTTP GET /api/workspaces/d7618e38-dade-4574-8316-36a811131396/appearance responded 200 in 18.2323 ms
2026-03-06 17:04:22.573 +05:30 [INF] Request finished HTTP/1.1 GET http://localhost:5013/api/workspaces/d7618e38-dade-4574-8316-36a811131396/appearance - 200 null application/json; charset=utf-8 23.0212ms
2026-03-06 17:04:29.528 +05:30 [INF] Executing StatusCodeResult, setting HTTP status code 204
2026-03-06 17:04:29.530 +05:30 [INF] Executed action BubbleApp.Api.Controllers.WidgetConfigController.Long (BubbleApp.Api) in 25010.9183ms
2026-03-06 17:04:29.531 +05:30 [INF] Executed endpoint 'BubbleApp.Api.Controllers.WidgetConfigController.Long (BubbleApp.Api)'
2026-03-06 17:04:29.532 +05:30 [INF] HTTP GET /api/widget/config/long responded 204 in 25017.7059 ms
2026-03-06 17:04:29.534 +05:30 [INF] Request finished HTTP/1.1 GET http://localhost:5013/api/widget/config/long?workspace=sample&key=I3UPoNYawpezx-OhSr2hs0DppN8hwow7MpnppypPP-c&since=0 - 204 null null 25023.346ms
2026-03-06 17:04:29.537 +05:30 [INF] Request starting HTTP/1.1 GET http://localhost:5013/api/widget/config/long?workspace=sample&key=I3UPoNYawpezx-OhSr2hs0DppN8hwow7MpnppypPP-c&since=0 - null null
2026-03-06 17:04:29.539 +05:30 [INF] CORS policy execution successful.
2026-03-06 17:04:29.540 +05:30 [INF] Executing endpoint 'BubbleApp.Api.Controllers.WidgetConfigController.Long (BubbleApp.Api)'
2026-03-06 17:04:29.541 +05:30 [INF] Route matched with {action = "Long", controller = "WidgetConfig"}. Executing controller action with signature System.Threading.Tasks.Task`1[Microsoft.AspNetCore.Mvc.IActionResult] Long(System.String, Int64, System.Threading.CancellationToken) on controller BubbleApp.Api.Controllers.WidgetConfigController (BubbleApp.Api).
2026-03-06 17:04:35.153 +05:30 [INF] Request starting HTTP/1.1 OPTIONS http://localhost:5013/api/workspaces - null null
2026-03-06 17:04:35.153 +05:30 [INF] Request starting HTTP/1.1 OPTIONS http://localhost:5013/api/workspaces - null null
2026-03-06 17:04:35.158 +05:30 [INF] CORS policy execution successful.
2026-03-06 17:04:35.160 +05:30 [INF] CORS policy execution successful.
2026-03-06 17:04:35.162 +05:30 [INF] HTTP OPTIONS /api/workspaces responded 204 in 3.8541 ms
2026-03-06 17:04:35.162 +05:30 [INF] HTTP OPTIONS /api/workspaces responded 204 in 1.6158 ms
2026-03-06 17:04:35.164 +05:30 [INF] Request finished HTTP/1.1 OPTIONS http://localhost:5013/api/workspaces - 204 null null 11.2637ms
2026-03-06 17:04:35.166 +05:30 [INF] Request finished HTTP/1.1 OPTIONS http://localhost:5013/api/workspaces - 204 null null 12.8357ms
2026-03-06 17:04:35.169 +05:30 [INF] Request starting HTTP/1.1 GET http://localhost:5013/api/workspaces - application/json null
2026-03-06 17:04:35.175 +05:30 [INF] CORS policy execution successful.
2026-03-06 17:04:35.176 +05:30 [INF] Executing endpoint 'BubbleApp.Api.Controllers.WorkspacesController.List (BubbleApp.Api)'
2026-03-06 17:04:35.177 +05:30 [INF] Route matched with {action = "List", controller = "Workspaces"}. Executing controller action with signature System.Threading.Tasks.Task`1[Microsoft.AspNetCore.Mvc.IActionResult] List(System.Threading.CancellationToken) on controller BubbleApp.Api.Controllers.WorkspacesController (BubbleApp.Api).
2026-03-06 17:04:35.180 +05:30 [INF] Executing OkObjectResult, writing value of type 'System.Collections.Generic.List`1[[BubbleApp.Common.ViewModels.Workspace.WorkspaceDto, BubbleApp.Common, Version=1.0.0.0, Culture=neutral, PublicKeyToken=null]]'.
2026-03-06 17:04:35.181 +05:30 [INF] Executed action BubbleApp.Api.Controllers.WorkspacesController.List (BubbleApp.Api) in 2.4323ms
2026-03-06 17:04:35.182 +05:30 [INF] Request starting HTTP/1.1 GET http://localhost:5013/api/workspaces - application/json null
2026-03-06 17:04:35.183 +05:30 [INF] Executed endpoint 'BubbleApp.Api.Controllers.WorkspacesController.List (BubbleApp.Api)'
2026-03-06 17:04:35.185 +05:30 [INF] CORS policy execution successful.
2026-03-06 17:04:35.187 +05:30 [INF] HTTP GET /api/workspaces responded 200 in 11.8419 ms
2026-03-06 17:04:35.188 +05:30 [INF] Executing endpoint 'BubbleApp.Api.Controllers.WorkspacesController.List (BubbleApp.Api)'
2026-03-06 17:04:35.190 +05:30 [INF] Request finished HTTP/1.1 GET http://localhost:5013/api/workspaces - 200 null application/json; charset=utf-8 20.8478ms
2026-03-06 17:04:35.191 +05:30 [INF] Route matched with {action = "List", controller = "Workspaces"}. Executing controller action with signature System.Threading.Tasks.Task`1[Microsoft.AspNetCore.Mvc.IActionResult] List(System.Threading.CancellationToken) on controller BubbleApp.Api.Controllers.WorkspacesController (BubbleApp.Api).
2026-03-06 17:04:35.196 +05:30 [INF] Executing OkObjectResult, writing value of type 'System.Collections.Generic.List`1[[BubbleApp.Common.ViewModels.Workspace.WorkspaceDto, BubbleApp.Common, Version=1.0.0.0, Culture=neutral, PublicKeyToken=null]]'.
2026-03-06 17:04:35.198 +05:30 [INF] Executed action BubbleApp.Api.Controllers.WorkspacesController.List (BubbleApp.Api) in 2.2491ms
2026-03-06 17:04:35.199 +05:30 [INF] Executed endpoint 'BubbleApp.Api.Controllers.WorkspacesController.List (BubbleApp.Api)'
2026-03-06 17:04:35.200 +05:30 [INF] HTTP GET /api/workspaces responded 200 in 14.8133 ms
2026-03-06 17:04:35.203 +05:30 [INF] Request finished HTTP/1.1 GET http://localhost:5013/api/workspaces - 200 null application/json; charset=utf-8 20.3484ms
2026-03-06 17:04:37.430 +05:30 [INF] Request starting HTTP/1.1 OPTIONS http://localhost:5013/api/snippet/sample3 - null null
2026-03-06 17:04:37.440 +05:30 [INF] CORS policy execution successful.
2026-03-06 17:04:37.441 +05:30 [INF] HTTP OPTIONS /api/snippet/sample3 responded 204 in 1.0324 ms
2026-03-06 17:04:37.443 +05:30 [INF] Request finished HTTP/1.1 OPTIONS http://localhost:5013/api/snippet/sample3 - 204 null null 13.0498ms
2026-03-06 17:04:37.448 +05:30 [INF] Request starting HTTP/1.1 GET http://localhost:5013/api/snippet/sample3 - application/json null
2026-03-06 17:04:37.450 +05:30 [INF] CORS policy execution successful.
2026-03-06 17:04:37.451 +05:30 [INF] Executing endpoint 'BubbleApp.Api.Controllers.SnippetController.Get (BubbleApp.Api)'
2026-03-06 17:04:37.453 +05:30 [INF] Route matched with {action = "Get", controller = "Snippet"}. Executing controller action with signature Microsoft.AspNetCore.Mvc.IActionResult Get(System.String) on controller BubbleApp.Api.Controllers.SnippetController (BubbleApp.Api).
2026-03-06 17:04:37.460 +05:30 [INF] Executing OkObjectResult, writing value of type 'BubbleApp.Common.ViewModels.Snippet.SnippetResponse'.
2026-03-06 17:04:37.465 +05:30 [INF] Executed action BubbleApp.Api.Controllers.SnippetController.Get (BubbleApp.Api) in 10.3997ms
2026-03-06 17:04:37.467 +05:30 [INF] Executed endpoint 'BubbleApp.Api.Controllers.SnippetController.Get (BubbleApp.Api)'
2026-03-06 17:04:37.468 +05:30 [INF] HTTP GET /api/snippet/sample3 responded 200 in 18.0479 ms
2026-03-06 17:04:37.470 +05:30 [INF] Request finished HTTP/1.1 GET http://localhost:5013/api/snippet/sample3 - 200 null application/json; charset=utf-8 22.5598ms
2026-03-06 17:04:40.160 +05:30 [INF] Request starting HTTP/1.1 GET http://localhost:5013/api/workspaces - application/json null
2026-03-06 17:04:40.163 +05:30 [INF] CORS policy execution successful.
2026-03-06 17:04:40.164 +05:30 [INF] Executing endpoint 'BubbleApp.Api.Controllers.WorkspacesController.List (BubbleApp.Api)'
2026-03-06 17:04:40.165 +05:30 [INF] Route matched with {action = "List", controller = "Workspaces"}. Executing controller action with signature System.Threading.Tasks.Task`1[Microsoft.AspNetCore.Mvc.IActionResult] List(System.Threading.CancellationToken) on controller BubbleApp.Api.Controllers.WorkspacesController (BubbleApp.Api).
2026-03-06 17:04:40.170 +05:30 [INF] Executing OkObjectResult, writing value of type 'System.Collections.Generic.List`1[[BubbleApp.Common.ViewModels.Workspace.WorkspaceDto, BubbleApp.Common, Version=1.0.0.0, Culture=neutral, PublicKeyToken=null]]'.
2026-03-06 17:04:40.172 +05:30 [INF] Executed action BubbleApp.Api.Controllers.WorkspacesController.List (BubbleApp.Api) in 4.9783ms
2026-03-06 17:04:40.173 +05:30 [INF] Request starting HTTP/1.1 GET http://localhost:5013/api/workspaces - application/json null
2026-03-06 17:04:40.173 +05:30 [INF] Executed endpoint 'BubbleApp.Api.Controllers.WorkspacesController.List (BubbleApp.Api)'
2026-03-06 17:04:40.176 +05:30 [INF] CORS policy execution successful.
2026-03-06 17:04:40.177 +05:30 [INF] HTTP GET /api/workspaces responded 200 in 14.2264 ms
2026-03-06 17:04:40.178 +05:30 [INF] Executing endpoint 'BubbleApp.Api.Controllers.WorkspacesController.List (BubbleApp.Api)'
2026-03-06 17:04:40.180 +05:30 [INF] Request finished HTTP/1.1 GET http://localhost:5013/api/workspaces - 200 null application/json; charset=utf-8 19.7972ms
2026-03-06 17:04:40.181 +05:30 [INF] Route matched with {action = "List", controller = "Workspaces"}. Executing controller action with signature System.Threading.Tasks.Task`1[Microsoft.AspNetCore.Mvc.IActionResult] List(System.Threading.CancellationToken) on controller BubbleApp.Api.Controllers.WorkspacesController (BubbleApp.Api).
2026-03-06 17:04:40.186 +05:30 [INF] Executing OkObjectResult, writing value of type 'System.Collections.Generic.List`1[[BubbleApp.Common.ViewModels.Workspace.WorkspaceDto, BubbleApp.Common, Version=1.0.0.0, Culture=neutral, PublicKeyToken=null]]'.
2026-03-06 17:04:40.188 +05:30 [INF] Executed action BubbleApp.Api.Controllers.WorkspacesController.List (BubbleApp.Api) in 2.7509ms
2026-03-06 17:04:40.189 +05:30 [INF] Executed endpoint 'BubbleApp.Api.Controllers.WorkspacesController.List (BubbleApp.Api)'
2026-03-06 17:04:40.190 +05:30 [INF] HTTP GET /api/workspaces responded 200 in 14.6828 ms
2026-03-06 17:04:40.193 +05:30 [INF] Request finished HTTP/1.1 GET http://localhost:5013/api/workspaces - 200 null application/json; charset=utf-8 19.7669ms
2026-03-06 17:04:40.832 +05:30 [INF] Executing StatusCodeResult, setting HTTP status code 204
2026-03-06 17:04:40.834 +05:30 [INF] Executed action BubbleApp.Api.Controllers.WidgetConfigController.Long (BubbleApp.Api) in 25006.7461ms
2026-03-06 17:04:40.835 +05:30 [INF] Executed endpoint 'BubbleApp.Api.Controllers.WidgetConfigController.Long (BubbleApp.Api)'
2026-03-06 17:04:40.837 +05:30 [INF] HTTP GET /api/widget/config/long responded 204 in 25013.6800 ms
2026-03-06 17:04:40.839 +05:30 [INF] Request finished HTTP/1.1 GET http://localhost:5013/api/widget/config/long?workspace=sample&key=I3UPoNYawpezx-OhSr2hs0DppN8hwow7MpnppypPP-c&since=0 - 204 null null 25018.2843ms
2026-03-06 17:04:40.842 +05:30 [INF] Request starting HTTP/1.1 GET http://localhost:5013/api/widget/config/long?workspace=sample&key=I3UPoNYawpezx-OhSr2hs0DppN8hwow7MpnppypPP-c&since=0 - null null
2026-03-06 17:04:40.844 +05:30 [INF] CORS policy execution successful.
2026-03-06 17:04:40.845 +05:30 [INF] Executing endpoint 'BubbleApp.Api.Controllers.WidgetConfigController.Long (BubbleApp.Api)'
2026-03-06 17:04:40.846 +05:30 [INF] Route matched with {action = "Long", controller = "WidgetConfig"}. Executing controller action with signature System.Threading.Tasks.Task`1[Microsoft.AspNetCore.Mvc.IActionResult] Long(System.String, Int64, System.Threading.CancellationToken) on controller BubbleApp.Api.Controllers.WidgetConfigController (BubbleApp.Api).
2026-03-06 17:04:43.535 +05:30 [INF] Request starting HTTP/1.1 GET http://localhost:5013/api/reminders?workspace=sample&key=I3UPoNYawpezx-OhSr2hs0DppN8hwow7MpnppypPP-c&userId=28 - null null
2026-03-06 17:04:43.538 +05:30 [INF] CORS policy execution successful.
2026-03-06 17:04:43.539 +05:30 [INF] Executing endpoint 'BubbleApp.Api.Controllers.RemindersController.Get (BubbleApp.Api)'
2026-03-06 17:04:43.540 +05:30 [INF] Route matched with {action = "Get", controller = "Reminders"}. Executing controller action with signature System.Threading.Tasks.Task`1[Microsoft.AspNetCore.Mvc.IActionResult] Get(System.String, System.String, System.Threading.CancellationToken) on controller BubbleApp.Api.Controllers.RemindersController (BubbleApp.Api).
2026-03-06 17:04:43.544 +05:30 [INF] Executing OkObjectResult, writing value of type 'System.Collections.Generic.List`1[[BubbleApp.Common.ViewModels.Reminder.ReminderDto, BubbleApp.Common, Version=1.0.0.0, Culture=neutral, PublicKeyToken=null]]'.
2026-03-06 17:04:43.546 +05:30 [INF] Executed action BubbleApp.Api.Controllers.RemindersController.Get (BubbleApp.Api) in 3.4342ms
2026-03-06 17:04:43.548 +05:30 [INF] Executed endpoint 'BubbleApp.Api.Controllers.RemindersController.Get (BubbleApp.Api)'
2026-03-06 17:04:43.549 +05:30 [INF] HTTP GET /api/reminders responded 200 in 10.6889 ms
2026-03-06 17:04:43.550 +05:30 [INF] Request finished HTTP/1.1 GET http://localhost:5013/api/reminders?workspace=sample&key=I3UPoNYawpezx-OhSr2hs0DppN8hwow7MpnppypPP-c&userId=28 - 200 null application/json; charset=utf-8 15.3883ms
2026-03-06 17:04:54.552 +05:30 [INF] Executing StatusCodeResult, setting HTTP status code 204
2026-03-06 17:04:54.557 +05:30 [INF] Executed action BubbleApp.Api.Controllers.WidgetConfigController.Long (BubbleApp.Api) in 25014.7693ms
2026-03-06 17:04:54.559 +05:30 [INF] Executed endpoint 'BubbleApp.Api.Controllers.WidgetConfigController.Long (BubbleApp.Api)'
2026-03-06 17:04:54.560 +05:30 [INF] HTTP GET /api/widget/config/long responded 204 in 25021.1014 ms
2026-03-06 17:04:54.562 +05:30 [INF] Request finished HTTP/1.1 GET http://localhost:5013/api/widget/config/long?workspace=sample&key=I3UPoNYawpezx-OhSr2hs0DppN8hwow7MpnppypPP-c&since=0 - 204 null null 25025.5981ms
2026-03-06 17:04:54.567 +05:30 [INF] Request starting HTTP/1.1 GET http://localhost:5013/api/widget/config/long?workspace=sample&key=I3UPoNYawpezx-OhSr2hs0DppN8hwow7MpnppypPP-c&since=0 - null null
2026-03-06 17:04:54.569 +05:30 [INF] CORS policy execution successful.
2026-03-06 17:04:54.570 +05:30 [INF] Executing endpoint 'BubbleApp.Api.Controllers.WidgetConfigController.Long (BubbleApp.Api)'
2026-03-06 17:04:54.571 +05:30 [INF] Route matched with {action = "Long", controller = "WidgetConfig"}. Executing controller action with signature System.Threading.Tasks.Task`1[Microsoft.AspNetCore.Mvc.IActionResult] Long(System.String, Int64, System.Threading.CancellationToken) on controller BubbleApp.Api.Controllers.WidgetConfigController (BubbleApp.Api).
2026-03-06 17:05:01.535 +05:30 [INF] Request starting HTTP/1.1 GET http://localhost:5013/api/reminders?workspace=sample&key=I3UPoNYawpezx-OhSr2hs0DppN8hwow7MpnppypPP-c&userId=4 - null null
2026-03-06 17:05:01.551 +05:30 [INF] CORS policy execution successful.
2026-03-06 17:05:01.552 +05:30 [INF] Executing endpoint 'BubbleApp.Api.Controllers.RemindersController.Get (BubbleApp.Api)'
2026-03-06 17:05:01.554 +05:30 [INF] Route matched with {action = "Get", controller = "Reminders"}. Executing controller action with signature System.Threading.Tasks.Task`1[Microsoft.AspNetCore.Mvc.IActionResult] Get(System.String, System.String, System.Threading.CancellationToken) on controller BubbleApp.Api.Controllers.RemindersController (BubbleApp.Api).
2026-03-06 17:05:01.558 +05:30 [INF] Executing OkObjectResult, writing value of type 'System.Collections.Generic.List`1[[BubbleApp.Common.ViewModels.Reminder.ReminderDto, BubbleApp.Common, Version=1.0.0.0, Culture=neutral, PublicKeyToken=null]]'.
2026-03-06 17:05:01.560 +05:30 [INF] Executed action BubbleApp.Api.Controllers.RemindersController.Get (BubbleApp.Api) in 4.0989ms
2026-03-06 17:05:01.562 +05:30 [INF] Executed endpoint 'BubbleApp.Api.Controllers.RemindersController.Get (BubbleApp.Api)'
2026-03-06 17:05:01.563 +05:30 [INF] HTTP GET /api/reminders responded 200 in 12.0676 ms
2026-03-06 17:05:01.565 +05:30 [INF] Request finished HTTP/1.1 GET http://localhost:5013/api/reminders?workspace=sample&key=I3UPoNYawpezx-OhSr2hs0DppN8hwow7MpnppypPP-c&userId=4 - 200 null application/json; charset=utf-8 29.4015ms
2026-03-06 17:05:05.856 +05:30 [INF] Executing StatusCodeResult, setting HTTP status code 204
2026-03-06 17:05:05.857 +05:30 [INF] Executed action BubbleApp.Api.Controllers.WidgetConfigController.Long (BubbleApp.Api) in 25008.7556ms
2026-03-06 17:05:05.859 +05:30 [INF] Executed endpoint 'BubbleApp.Api.Controllers.WidgetConfigController.Long (BubbleApp.Api)'
2026-03-06 17:05:05.859 +05:30 [INF] HTTP GET /api/widget/config/long responded 204 in 25015.0504 ms
2026-03-06 17:05:05.861 +05:30 [INF] Request finished HTTP/1.1 GET http://localhost:5013/api/widget/config/long?workspace=sample&key=I3UPoNYawpezx-OhSr2hs0DppN8hwow7MpnppypPP-c&since=0 - 204 null null 25019.3726ms
2026-03-06 17:05:05.865 +05:30 [INF] Request starting HTTP/1.1 GET http://localhost:5013/api/widget/config/long?workspace=sample&key=I3UPoNYawpezx-OhSr2hs0DppN8hwow7MpnppypPP-c&since=0 - null null
2026-03-06 17:05:05.867 +05:30 [INF] CORS policy execution successful.
2026-03-06 17:05:05.868 +05:30 [INF] Executing endpoint 'BubbleApp.Api.Controllers.WidgetConfigController.Long (BubbleApp.Api)'
2026-03-06 17:05:05.869 +05:30 [INF] Route matched with {action = "Long", controller = "WidgetConfig"}. Executing controller action with signature System.Threading.Tasks.Task`1[Microsoft.AspNetCore.Mvc.IActionResult] Long(System.String, Int64, System.Threading.CancellationToken) on controller BubbleApp.Api.Controllers.WidgetConfigController (BubbleApp.Api).
2026-03-06 17:05:19.584 +05:30 [INF] Executing StatusCodeResult, setting HTTP status code 204
2026-03-06 17:05:19.585 +05:30 [INF] Executed action BubbleApp.Api.Controllers.WidgetConfigController.Long (BubbleApp.Api) in 25012.461ms
2026-03-06 17:05:19.587 +05:30 [INF] Executed endpoint 'BubbleApp.Api.Controllers.WidgetConfigController.Long (BubbleApp.Api)'
2026-03-06 17:05:19.587 +05:30 [INF] HTTP GET /api/widget/config/long responded 204 in 25018.2249 ms
2026-03-06 17:05:19.589 +05:30 [INF] Request finished HTTP/1.1 GET http://localhost:5013/api/widget/config/long?workspace=sample&key=I3UPoNYawpezx-OhSr2hs0DppN8hwow7MpnppypPP-c&since=0 - 204 null null 25022.2017ms
2026-03-06 17:05:19.592 +05:30 [INF] Request starting HTTP/1.1 GET http://localhost:5013/api/widget/config/long?workspace=sample&key=I3UPoNYawpezx-OhSr2hs0DppN8hwow7MpnppypPP-c&since=0 - null null
2026-03-06 17:05:19.594 +05:30 [INF] CORS policy execution successful.
2026-03-06 17:05:19.595 +05:30 [INF] Executing endpoint 'BubbleApp.Api.Controllers.WidgetConfigController.Long (BubbleApp.Api)'
2026-03-06 17:05:19.596 +05:30 [INF] Route matched with {action = "Long", controller = "WidgetConfig"}. Executing controller action with signature System.Threading.Tasks.Task`1[Microsoft.AspNetCore.Mvc.IActionResult] Long(System.String, Int64, System.Threading.CancellationToken) on controller BubbleApp.Api.Controllers.WidgetConfigController (BubbleApp.Api).
2026-03-06 17:05:30.875 +05:30 [INF] Executing StatusCodeResult, setting HTTP status code 204
2026-03-06 17:05:30.876 +05:30 [INF] Executed action BubbleApp.Api.Controllers.WidgetConfigController.Long (BubbleApp.Api) in 25005.8132ms
2026-03-06 17:05:30.877 +05:30 [INF] Executed endpoint 'BubbleApp.Api.Controllers.WidgetConfigController.Long (BubbleApp.Api)'
2026-03-06 17:05:30.878 +05:30 [INF] HTTP GET /api/widget/config/long responded 204 in 25011.1541 ms
2026-03-06 17:05:30.880 +05:30 [INF] Request finished HTTP/1.1 GET http://localhost:5013/api/widget/config/long?workspace=sample&key=I3UPoNYawpezx-OhSr2hs0DppN8hwow7MpnppypPP-c&since=0 - 204 null null 25014.6593ms
2026-03-06 17:05:30.884 +05:30 [INF] Request starting HTTP/1.1 GET http://localhost:5013/api/widget/config/long?workspace=sample&key=I3UPoNYawpezx-OhSr2hs0DppN8hwow7MpnppypPP-c&since=0 - null null
2026-03-06 17:05:30.887 +05:30 [INF] CORS policy execution successful.
2026-03-06 17:05:30.887 +05:30 [INF] Executing endpoint 'BubbleApp.Api.Controllers.WidgetConfigController.Long (BubbleApp.Api)'
2026-03-06 17:05:30.888 +05:30 [INF] Route matched with {action = "Long", controller = "WidgetConfig"}. Executing controller action with signature System.Threading.Tasks.Task`1[Microsoft.AspNetCore.Mvc.IActionResult] Long(System.String, Int64, System.Threading.CancellationToken) on controller BubbleApp.Api.Controllers.WidgetConfigController (BubbleApp.Api).
2026-03-06 17:05:43.539 +05:30 [INF] Request starting HTTP/1.1 GET http://localhost:5013/api/reminders?workspace=sample&key=I3UPoNYawpezx-OhSr2hs0DppN8hwow7MpnppypPP-c&userId=28 - null null
2026-03-06 17:05:43.545 +05:30 [INF] CORS policy execution successful.
2026-03-06 17:05:43.546 +05:30 [INF] Executing endpoint 'BubbleApp.Api.Controllers.RemindersController.Get (BubbleApp.Api)'
2026-03-06 17:05:43.547 +05:30 [INF] Route matched with {action = "Get", controller = "Reminders"}. Executing controller action with signature System.Threading.Tasks.Task`1[Microsoft.AspNetCore.Mvc.IActionResult] Get(System.String, System.String, System.Threading.CancellationToken) on controller BubbleApp.Api.Controllers.RemindersController (BubbleApp.Api).
2026-03-06 17:05:43.551 +05:30 [INF] Executing OkObjectResult, writing value of type 'System.Collections.Generic.List`1[[BubbleApp.Common.ViewModels.Reminder.ReminderDto, BubbleApp.Common, Version=1.0.0.0, Culture=neutral, PublicKeyToken=null]]'.
2026-03-06 17:05:43.553 +05:30 [INF] Executed action BubbleApp.Api.Controllers.RemindersController.Get (BubbleApp.Api) in 3.6002ms
2026-03-06 17:05:43.554 +05:30 [INF] Executed endpoint 'BubbleApp.Api.Controllers.RemindersController.Get (BubbleApp.Api)'
2026-03-06 17:05:43.555 +05:30 [INF] HTTP GET /api/reminders responded 200 in 10.7784 ms
2026-03-06 17:05:43.557 +05:30 [INF] Request finished HTTP/1.1 GET http://localhost:5013/api/reminders?workspace=sample&key=I3UPoNYawpezx-OhSr2hs0DppN8hwow7MpnppypPP-c&userId=28 - 200 null application/json; charset=utf-8 18.3588ms
2026-03-06 17:05:44.609 +05:30 [INF] Executing StatusCodeResult, setting HTTP status code 204
2026-03-06 17:05:44.610 +05:30 [INF] Executed action BubbleApp.Api.Controllers.WidgetConfigController.Long (BubbleApp.Api) in 25012.2147ms
2026-03-06 17:05:44.612 +05:30 [INF] Executed endpoint 'BubbleApp.Api.Controllers.WidgetConfigController.Long (BubbleApp.Api)'
2026-03-06 17:05:44.613 +05:30 [INF] HTTP GET /api/widget/config/long responded 204 in 25018.7625 ms
2026-03-06 17:05:44.614 +05:30 [INF] Request finished HTTP/1.1 GET http://localhost:5013/api/widget/config/long?workspace=sample&key=I3UPoNYawpezx-OhSr2hs0DppN8hwow7MpnppypPP-c&since=0 - 204 null null 25022.3359ms
2026-03-06 17:05:44.618 +05:30 [INF] Request starting HTTP/1.1 GET http://localhost:5013/api/widget/config/long?workspace=sample&key=I3UPoNYawpezx-OhSr2hs0DppN8hwow7MpnppypPP-c&since=0 - null null
2026-03-06 17:05:44.620 +05:30 [INF] CORS policy execution successful.
2026-03-06 17:05:44.620 +05:30 [INF] Executing endpoint 'BubbleApp.Api.Controllers.WidgetConfigController.Long (BubbleApp.Api)'
2026-03-06 17:05:44.621 +05:30 [INF] Route matched with {action = "Long", controller = "WidgetConfig"}. Executing controller action with signature System.Threading.Tasks.Task`1[Microsoft.AspNetCore.Mvc.IActionResult] Long(System.String, Int64, System.Threading.CancellationToken) on controller BubbleApp.Api.Controllers.WidgetConfigController (BubbleApp.Api).
2026-03-06 17:05:55.905 +05:30 [INF] Executing StatusCodeResult, setting HTTP status code 204
2026-03-06 17:05:55.907 +05:30 [INF] Executed action BubbleApp.Api.Controllers.WidgetConfigController.Long (BubbleApp.Api) in 25016.7175ms
2026-03-06 17:05:55.909 +05:30 [INF] Executed endpoint 'BubbleApp.Api.Controllers.WidgetConfigController.Long (BubbleApp.Api)'
2026-03-06 17:05:55.910 +05:30 [INF] HTTP GET /api/widget/config/long responded 204 in 25023.2121 ms
2026-03-06 17:05:55.911 +05:30 [INF] Request finished HTTP/1.1 GET http://localhost:5013/api/widget/config/long?workspace=sample&key=I3UPoNYawpezx-OhSr2hs0DppN8hwow7MpnppypPP-c&since=0 - 204 null null 25027.2806ms
2026-03-06 17:05:55.915 +05:30 [INF] Request starting HTTP/1.1 GET http://localhost:5013/api/widget/config/long?workspace=sample&key=I3UPoNYawpezx-OhSr2hs0DppN8hwow7MpnppypPP-c&since=0 - null null
2026-03-06 17:05:55.919 +05:30 [INF] CORS policy execution successful.
2026-03-06 17:05:55.920 +05:30 [INF] Executing endpoint 'BubbleApp.Api.Controllers.WidgetConfigController.Long (BubbleApp.Api)'
2026-03-06 17:05:55.921 +05:30 [INF] Route matched with {action = "Long", controller = "WidgetConfig"}. Executing controller action with signature System.Threading.Tasks.Task`1[Microsoft.AspNetCore.Mvc.IActionResult] Long(System.String, Int64, System.Threading.CancellationToken) on controller BubbleApp.Api.Controllers.WidgetConfigController (BubbleApp.Api).
2026-03-06 17:06:01.533 +05:30 [INF] Request starting HTTP/1.1 GET http://localhost:5013/api/reminders?workspace=sample&key=I3UPoNYawpezx-OhSr2hs0DppN8hwow7MpnppypPP-c&userId=4 - null null
2026-03-06 17:06:01.538 +05:30 [INF] CORS policy execution successful.
2026-03-06 17:06:01.539 +05:30 [INF] Executing endpoint 'BubbleApp.Api.Controllers.RemindersController.Get (BubbleApp.Api)'
2026-03-06 17:06:01.540 +05:30 [INF] Route matched with {action = "Get", controller = "Reminders"}. Executing controller action with signature System.Threading.Tasks.Task`1[Microsoft.AspNetCore.Mvc.IActionResult] Get(System.String, System.String, System.Threading.CancellationToken) on controller BubbleApp.Api.Controllers.RemindersController (BubbleApp.Api).
2026-03-06 17:06:01.543 +05:30 [INF] Executing OkObjectResult, writing value of type 'System.Collections.Generic.List`1[[BubbleApp.Common.ViewModels.Reminder.ReminderDto, BubbleApp.Common, Version=1.0.0.0, Culture=neutral, PublicKeyToken=null]]'.
2026-03-06 17:06:01.545 +05:30 [INF] Executed action BubbleApp.Api.Controllers.RemindersController.Get (BubbleApp.Api) in 3.1936ms
2026-03-06 17:06:01.546 +05:30 [INF] Executed endpoint 'BubbleApp.Api.Controllers.RemindersController.Get (BubbleApp.Api)'
2026-03-06 17:06:01.547 +05:30 [INF] HTTP GET /api/reminders responded 200 in 9.4533 ms
2026-03-06 17:06:01.549 +05:30 [INF] Request finished HTTP/1.1 GET http://localhost:5013/api/reminders?workspace=sample&key=I3UPoNYawpezx-OhSr2hs0DppN8hwow7MpnppypPP-c&userId=4 - 200 null application/json; charset=utf-8 15.9769ms
2026-03-06 17:06:04.682 +05:30 [INF] Request starting HTTP/1.1 OPTIONS http://localhost:5013/api/auth/register - null null
2026-03-06 17:06:04.686 +05:30 [INF] CORS policy execution successful.
2026-03-06 17:06:04.687 +05:30 [INF] HTTP OPTIONS /api/auth/register responded 204 in 1.5601 ms
2026-03-06 17:06:04.689 +05:30 [INF] Request finished HTTP/1.1 OPTIONS http://localhost:5013/api/auth/register - 204 null null 7.041ms
2026-03-06 17:06:04.692 +05:30 [INF] Request starting HTTP/1.1 POST http://localhost:5013/api/auth/register - application/json 51
2026-03-06 17:06:04.695 +05:30 [INF] CORS policy execution successful.
2026-03-06 17:06:04.696 +05:30 [INF] Executing endpoint 'BubbleApp.Api.Controllers.AuthController.Register (BubbleApp.Api)'
2026-03-06 17:06:04.700 +05:30 [INF] Route matched with {action = "Register", controller = "Auth"}. Executing controller action with signature System.Threading.Tasks.Task`1[Microsoft.AspNetCore.Mvc.IActionResult] Register(BubbleApp.Common.ViewModels.Auth.AdminRegisterRequest, System.Threading.CancellationToken) on controller BubbleApp.Api.Controllers.AuthController (BubbleApp.Api).
2026-03-06 17:06:04.990 +05:30 [INF] Executing OkObjectResult, writing value of type 'BubbleApp.Common.ViewModels.Auth.AuthResponse'.
2026-03-06 17:06:04.993 +05:30 [INF] Executed action BubbleApp.Api.Controllers.AuthController.Register (BubbleApp.Api) in 291.3567ms
2026-03-06 17:06:04.994 +05:30 [INF] Executed endpoint 'BubbleApp.Api.Controllers.AuthController.Register (BubbleApp.Api)'
2026-03-06 17:06:04.995 +05:30 [INF] HTTP POST /api/auth/register responded 200 in 300.0490 ms
2026-03-06 17:06:04.997 +05:30 [INF] Request finished HTTP/1.1 POST http://localhost:5013/api/auth/register - 200 null application/json; charset=utf-8 304.1641ms
2026-03-06 17:06:05.073 +05:30 [INF] Request starting HTTP/1.1 OPTIONS http://localhost:5013/api/workspaces - null null
2026-03-06 17:06:05.077 +05:30 [INF] CORS policy execution successful.
2026-03-06 17:06:05.078 +05:30 [INF] HTTP OPTIONS /api/workspaces responded 204 in 1.1188 ms
2026-03-06 17:06:05.080 +05:30 [INF] Request finished HTTP/1.1 OPTIONS http://localhost:5013/api/workspaces - 204 null null 6.6413ms
2026-03-06 17:06:05.084 +05:30 [INF] Request starting HTTP/1.1 GET http://localhost:5013/api/workspaces - application/json null
2026-03-06 17:06:05.087 +05:30 [INF] CORS policy execution successful.
2026-03-06 17:06:05.090 +05:30 [INF] Executing endpoint 'BubbleApp.Api.Controllers.WorkspacesController.List (BubbleApp.Api)'
2026-03-06 17:06:05.092 +05:30 [INF] Route matched with {action = "List", controller = "Workspaces"}. Executing controller action with signature System.Threading.Tasks.Task`1[Microsoft.AspNetCore.Mvc.IActionResult] List(System.Threading.CancellationToken) on controller BubbleApp.Api.Controllers.WorkspacesController (BubbleApp.Api).
2026-03-06 17:06:05.096 +05:30 [INF] Executing OkObjectResult, writing value of type 'System.Collections.Generic.List`1[[BubbleApp.Common.ViewModels.Workspace.WorkspaceDto, BubbleApp.Common, Version=1.0.0.0, Culture=neutral, PublicKeyToken=null]]'.
2026-03-06 17:06:05.100 +05:30 [INF] Executed action BubbleApp.Api.Controllers.WorkspacesController.List (BubbleApp.Api) in 4.6632ms
2026-03-06 17:06:05.102 +05:30 [INF] Request starting HTTP/1.1 GET http://localhost:5013/api/workspaces - application/json null
2026-03-06 17:06:05.102 +05:30 [INF] Executed endpoint 'BubbleApp.Api.Controllers.WorkspacesController.List (BubbleApp.Api)'
2026-03-06 17:06:05.106 +05:30 [INF] CORS policy execution successful.
2026-03-06 17:06:05.108 +05:30 [INF] HTTP GET /api/workspaces responded 200 in 20.4434 ms
2026-03-06 17:06:05.110 +05:30 [INF] Executing endpoint 'BubbleApp.Api.Controllers.WorkspacesController.List (BubbleApp.Api)'
2026-03-06 17:06:05.112 +05:30 [INF] Request finished HTTP/1.1 GET http://localhost:5013/api/workspaces - 200 null application/json; charset=utf-8 28.1673ms
2026-03-06 17:06:05.114 +05:30 [INF] Route matched with {action = "List", controller = "Workspaces"}. Executing controller action with signature System.Threading.Tasks.Task`1[Microsoft.AspNetCore.Mvc.IActionResult] List(System.Threading.CancellationToken) on controller BubbleApp.Api.Controllers.WorkspacesController (BubbleApp.Api).
2026-03-06 17:06:05.123 +05:30 [INF] Executing OkObjectResult, writing value of type 'System.Collections.Generic.List`1[[BubbleApp.Common.ViewModels.Workspace.WorkspaceDto, BubbleApp.Common, Version=1.0.0.0, Culture=neutral, PublicKeyToken=null]]'.
2026-03-06 17:06:05.126 +05:30 [INF] Executed action BubbleApp.Api.Controllers.WorkspacesController.List (BubbleApp.Api) in 3.914ms
2026-03-06 17:06:05.128 +05:30 [INF] Executed endpoint 'BubbleApp.Api.Controllers.WorkspacesController.List (BubbleApp.Api)'
2026-03-06 17:06:05.130 +05:30 [INF] HTTP GET /api/workspaces responded 200 in 23.4073 ms
2026-03-06 17:06:05.132 +05:30 [INF] Request finished HTTP/1.1 GET http://localhost:5013/api/workspaces - 200 null application/json; charset=utf-8 30.213ms
2026-03-06 17:06:09.633 +05:30 [INF] Executing StatusCodeResult, setting HTTP status code 204
2026-03-06 17:06:09.638 +05:30 [INF] Executed action BubbleApp.Api.Controllers.WidgetConfigController.Long (BubbleApp.Api) in 25015.5881ms
2026-03-06 17:06:09.640 +05:30 [INF] Executed endpoint 'BubbleApp.Api.Controllers.WidgetConfigController.Long (BubbleApp.Api)'
2026-03-06 17:06:09.641 +05:30 [INF] HTTP GET /api/widget/config/long responded 204 in 25021.8335 ms
2026-03-06 17:06:09.643 +05:30 [INF] Request finished HTTP/1.1 GET http://localhost:5013/api/widget/config/long?workspace=sample&key=I3UPoNYawpezx-OhSr2hs0DppN8hwow7MpnppypPP-c&since=0 - 204 null null 25025.8694ms
2026-03-06 17:06:09.648 +05:30 [INF] Request starting HTTP/1.1 GET http://localhost:5013/api/widget/config/long?workspace=sample&key=I3UPoNYawpezx-OhSr2hs0DppN8hwow7MpnppypPP-c&since=0 - null null
2026-03-06 17:06:09.650 +05:30 [INF] CORS policy execution successful.
2026-03-06 17:06:09.651 +05:30 [INF] Executing endpoint 'BubbleApp.Api.Controllers.WidgetConfigController.Long (BubbleApp.Api)'
2026-03-06 17:06:09.652 +05:30 [INF] Route matched with {action = "Long", controller = "WidgetConfig"}. Executing controller action with signature System.Threading.Tasks.Task`1[Microsoft.AspNetCore.Mvc.IActionResult] Long(System.String, Int64, System.Threading.CancellationToken) on controller BubbleApp.Api.Controllers.WidgetConfigController (BubbleApp.Api).
2026-03-06 17:06:16.434 +05:30 [INF] Request starting HTTP/1.1 OPTIONS http://localhost:5013/api/workspaces - null null
2026-03-06 17:06:16.436 +05:30 [INF] CORS policy execution successful.
2026-03-06 17:06:16.437 +05:30 [INF] HTTP OPTIONS /api/workspaces responded 204 in 0.7250 ms
2026-03-06 17:06:16.438 +05:30 [INF] Request finished HTTP/1.1 OPTIONS http://localhost:5013/api/workspaces - 204 null null 4.3195ms
2026-03-06 17:06:16.442 +05:30 [INF] Request starting HTTP/1.1 POST http://localhost:5013/api/workspaces - application/json 17
2026-03-06 17:06:16.444 +05:30 [INF] CORS policy execution successful.
2026-03-06 17:06:16.445 +05:30 [INF] Executing endpoint 'BubbleApp.Api.Controllers.WorkspacesController.Create (BubbleApp.Api)'
2026-03-06 17:06:16.450 +05:30 [INF] Route matched with {action = "Create", controller = "Workspaces"}. Executing controller action with signature System.Threading.Tasks.Task`1[Microsoft.AspNetCore.Mvc.IActionResult] Create(BubbleApp.Common.ViewModels.Workspace.WorkspaceCreateRequest, System.Threading.CancellationToken) on controller BubbleApp.Api.Controllers.WorkspacesController (BubbleApp.Api).
2026-03-06 17:06:16.457 +05:30 [INF] Executing ConflictObjectResult, writing value of type '<>f__AnonymousType1`1[[System.String, System.Private.CoreLib, Version=9.0.0.0, Culture=neutral, PublicKeyToken=7cec85d7bea7798e]]'.
2026-03-06 17:06:16.460 +05:30 [INF] Executed action BubbleApp.Api.Controllers.WorkspacesController.Create (BubbleApp.Api) in 8.6542ms
2026-03-06 17:06:16.462 +05:30 [INF] Executed endpoint 'BubbleApp.Api.Controllers.WorkspacesController.Create (BubbleApp.Api)'
2026-03-06 17:06:16.464 +05:30 [INF] HTTP POST /api/workspaces responded 409 in 19.9267 ms
2026-03-06 17:06:16.467 +05:30 [INF] Request finished HTTP/1.1 POST http://localhost:5013/api/workspaces - 409 null application/json; charset=utf-8 25.6333ms
2026-03-06 17:06:20.939 +05:30 [INF] Executing StatusCodeResult, setting HTTP status code 204
2026-03-06 17:06:20.940 +05:30 [INF] Executed action BubbleApp.Api.Controllers.WidgetConfigController.Long (BubbleApp.Api) in 25017.7885ms
2026-03-06 17:06:20.941 +05:30 [INF] Executed endpoint 'BubbleApp.Api.Controllers.WidgetConfigController.Long (BubbleApp.Api)'
2026-03-06 17:06:20.942 +05:30 [INF] HTTP GET /api/widget/config/long responded 204 in 25023.4487 ms
2026-03-06 17:06:20.944 +05:30 [INF] Request finished HTTP/1.1 GET http://localhost:5013/api/widget/config/long?workspace=sample&key=I3UPoNYawpezx-OhSr2hs0DppN8hwow7MpnppypPP-c&since=0 - 204 null null 25028.1653ms
2026-03-06 17:06:20.946 +05:30 [INF] Request starting HTTP/1.1 GET http://localhost:5013/api/widget/config/long?workspace=sample&key=I3UPoNYawpezx-OhSr2hs0DppN8hwow7MpnppypPP-c&since=0 - null null
2026-03-06 17:06:20.948 +05:30 [INF] CORS policy execution successful.
2026-03-06 17:06:20.949 +05:30 [INF] Executing endpoint 'BubbleApp.Api.Controllers.WidgetConfigController.Long (BubbleApp.Api)'
2026-03-06 17:06:20.950 +05:30 [INF] Route matched with {action = "Long", controller = "WidgetConfig"}. Executing controller action with signature System.Threading.Tasks.Task`1[Microsoft.AspNetCore.Mvc.IActionResult] Long(System.String, Int64, System.Threading.CancellationToken) on controller BubbleApp.Api.Controllers.WidgetConfigController (BubbleApp.Api).
2026-03-06 17:06:34.664 +05:30 [INF] Executing StatusCodeResult, setting HTTP status code 204
2026-03-06 17:06:34.665 +05:30 [INF] Executed action BubbleApp.Api.Controllers.WidgetConfigController.Long (BubbleApp.Api) in 25010.9278ms
2026-03-06 17:06:34.667 +05:30 [INF] Executed endpoint 'BubbleApp.Api.Controllers.WidgetConfigController.Long (BubbleApp.Api)'
2026-03-06 17:06:34.668 +05:30 [INF] HTTP GET /api/widget/config/long responded 204 in 25017.0728 ms
2026-03-06 17:06:34.669 +05:30 [INF] Request finished HTTP/1.1 GET http://localhost:5013/api/widget/config/long?workspace=sample&key=I3UPoNYawpezx-OhSr2hs0DppN8hwow7MpnppypPP-c&since=0 - 204 null null 25021.2018ms
2026-03-06 17:06:34.672 +05:30 [INF] Request starting HTTP/1.1 GET http://localhost:5013/api/widget/config/long?workspace=sample&key=I3UPoNYawpezx-OhSr2hs0DppN8hwow7MpnppypPP-c&since=0 - null null
2026-03-06 17:06:34.675 +05:30 [INF] CORS policy execution successful.
2026-03-06 17:06:34.675 +05:30 [INF] Executing endpoint 'BubbleApp.Api.Controllers.WidgetConfigController.Long (BubbleApp.Api)'
2026-03-06 17:06:34.676 +05:30 [INF] Route matched with {action = "Long", controller = "WidgetConfig"}. Executing controller action with signature System.Threading.Tasks.Task`1[Microsoft.AspNetCore.Mvc.IActionResult] Long(System.String, Int64, System.Threading.CancellationToken) on controller BubbleApp.Api.Controllers.WidgetConfigController (BubbleApp.Api).
2026-03-06 17:06:43.527 +05:30 [INF] Request starting HTTP/1.1 GET http://localhost:5013/api/reminders?workspace=sample&key=I3UPoNYawpezx-OhSr2hs0DppN8hwow7MpnppypPP-c&userId=28 - null null
2026-03-06 17:06:43.531 +05:30 [INF] CORS policy execution successful.
2026-03-06 17:06:43.532 +05:30 [INF] Executing endpoint 'BubbleApp.Api.Controllers.RemindersController.Get (BubbleApp.Api)'
2026-03-06 17:06:43.536 +05:30 [INF] Route matched with {action = "Get", controller = "Reminders"}. Executing controller action with signature System.Threading.Tasks.Task`1[Microsoft.AspNetCore.Mvc.IActionResult] Get(System.String, System.String, System.Threading.CancellationToken) on controller BubbleApp.Api.Controllers.RemindersController (BubbleApp.Api).
2026-03-06 17:06:43.548 +05:30 [INF] Executing OkObjectResult, writing value of type 'System.Collections.Generic.List`1[[BubbleApp.Common.ViewModels.Reminder.ReminderDto, BubbleApp.Common, Version=1.0.0.0, Culture=neutral, PublicKeyToken=null]]'.
2026-03-06 17:06:43.552 +05:30 [INF] Executed action BubbleApp.Api.Controllers.RemindersController.Get (BubbleApp.Api) in 6.2824ms
2026-03-06 17:06:43.554 +05:30 [INF] Executed endpoint 'BubbleApp.Api.Controllers.RemindersController.Get (BubbleApp.Api)'
2026-03-06 17:06:43.556 +05:30 [INF] HTTP GET /api/reminders responded 200 in 25.8734 ms
2026-03-06 17:06:43.559 +05:30 [INF] Request finished HTTP/1.1 GET http://localhost:5013/api/reminders?workspace=sample&key=I3UPoNYawpezx-OhSr2hs0DppN8hwow7MpnppypPP-c&userId=28 - 200 null application/json; charset=utf-8 32.7133ms
2026-03-06 17:06:45.955 +05:30 [INF] Executing StatusCodeResult, setting HTTP status code 204
2026-03-06 17:06:45.957 +05:30 [INF] Executed action BubbleApp.Api.Controllers.WidgetConfigController.Long (BubbleApp.Api) in 25005.001ms
2026-03-06 17:06:45.959 +05:30 [INF] Executed endpoint 'BubbleApp.Api.Controllers.WidgetConfigController.Long (BubbleApp.Api)'
2026-03-06 17:06:45.960 +05:30 [INF] HTTP GET /api/widget/config/long responded 204 in 25011.1296 ms
2026-03-06 17:06:45.961 +05:30 [INF] Request finished HTTP/1.1 GET http://localhost:5013/api/widget/config/long?workspace=sample&key=I3UPoNYawpezx-OhSr2hs0DppN8hwow7MpnppypPP-c&since=0 - 204 null null 25014.749ms
2026-03-06 17:06:45.965 +05:30 [INF] Request starting HTTP/1.1 GET http://localhost:5013/api/widget/config/long?workspace=sample&key=I3UPoNYawpezx-OhSr2hs0DppN8hwow7MpnppypPP-c&since=0 - null null
2026-03-06 17:06:45.967 +05:30 [INF] CORS policy execution successful.
2026-03-06 17:06:45.968 +05:30 [INF] Executing endpoint 'BubbleApp.Api.Controllers.WidgetConfigController.Long (BubbleApp.Api)'
2026-03-06 17:06:45.971 +05:30 [INF] Route matched with {action = "Long", controller = "WidgetConfig"}. Executing controller action with signature System.Threading.Tasks.Task`1[Microsoft.AspNetCore.Mvc.IActionResult] Long(System.String, Int64, System.Threading.CancellationToken) on controller BubbleApp.Api.Controllers.WidgetConfigController (BubbleApp.Api).
2026-03-06 17:06:59.687 +05:30 [INF] Executing StatusCodeResult, setting HTTP status code 204
2026-03-06 17:06:59.689 +05:30 [INF] Executed action BubbleApp.Api.Controllers.WidgetConfigController.Long (BubbleApp.Api) in 25009.9189ms
2026-03-06 17:06:59.690 +05:30 [INF] Executed endpoint 'BubbleApp.Api.Controllers.WidgetConfigController.Long (BubbleApp.Api)'
2026-03-06 17:06:59.691 +05:30 [INF] HTTP GET /api/widget/config/long responded 204 in 25016.5374 ms
2026-03-06 17:06:59.693 +05:30 [INF] Request finished HTTP/1.1 GET http://localhost:5013/api/widget/config/long?workspace=sample&key=I3UPoNYawpezx-OhSr2hs0DppN8hwow7MpnppypPP-c&since=0 - 204 null null 25020.7299ms
2026-03-06 17:06:59.696 +05:30 [INF] Request starting HTTP/1.1 GET http://localhost:5013/api/widget/config/long?workspace=sample&key=I3UPoNYawpezx-OhSr2hs0DppN8hwow7MpnppypPP-c&since=0 - null null
2026-03-06 17:06:59.699 +05:30 [INF] CORS policy execution successful.
2026-03-06 17:06:59.699 +05:30 [INF] Executing endpoint 'BubbleApp.Api.Controllers.WidgetConfigController.Long (BubbleApp.Api)'
2026-03-06 17:06:59.700 +05:30 [INF] Route matched with {action = "Long", controller = "WidgetConfig"}. Executing controller action with signature System.Threading.Tasks.Task`1[Microsoft.AspNetCore.Mvc.IActionResult] Long(System.String, Int64, System.Threading.CancellationToken) on controller BubbleApp.Api.Controllers.WidgetConfigController (BubbleApp.Api).
2026-03-06 17:07:01.528 +05:30 [INF] Request starting HTTP/1.1 GET http://localhost:5013/api/reminders?workspace=sample&key=I3UPoNYawpezx-OhSr2hs0DppN8hwow7MpnppypPP-c&userId=4 - null null
2026-03-06 17:07:01.531 +05:30 [INF] CORS policy execution successful.
2026-03-06 17:07:01.532 +05:30 [INF] Executing endpoint 'BubbleApp.Api.Controllers.RemindersController.Get (BubbleApp.Api)'
2026-03-06 17:07:01.533 +05:30 [INF] Route matched with {action = "Get", controller = "Reminders"}. Executing controller action with signature System.Threading.Tasks.Task`1[Microsoft.AspNetCore.Mvc.IActionResult] Get(System.String, System.String, System.Threading.CancellationToken) on controller BubbleApp.Api.Controllers.RemindersController (BubbleApp.Api).
2026-03-06 17:07:01.536 +05:30 [INF] Executing OkObjectResult, writing value of type 'System.Collections.Generic.List`1[[BubbleApp.Common.ViewModels.Reminder.ReminderDto, BubbleApp.Common, Version=1.0.0.0, Culture=neutral, PublicKeyToken=null]]'.
2026-03-06 17:07:01.537 +05:30 [INF] Executed action BubbleApp.Api.Controllers.RemindersController.Get (BubbleApp.Api) in 2.7052ms
2026-03-06 17:07:01.539 +05:30 [INF] Executed endpoint 'BubbleApp.Api.Controllers.RemindersController.Get (BubbleApp.Api)'
2026-03-06 17:07:01.540 +05:30 [INF] HTTP GET /api/reminders responded 200 in 8.4981 ms
2026-03-06 17:07:01.541 +05:30 [INF] Request finished HTTP/1.1 GET http://localhost:5013/api/reminders?workspace=sample&key=I3UPoNYawpezx-OhSr2hs0DppN8hwow7MpnppypPP-c&userId=4 - 200 null application/json; charset=utf-8 13.7523ms
2026-03-06 17:07:10.980 +05:30 [INF] Executing StatusCodeResult, setting HTTP status code 204
2026-03-06 17:07:10.983 +05:30 [INF] Executed action BubbleApp.Api.Controllers.WidgetConfigController.Long (BubbleApp.Api) in 25009.0968ms
2026-03-06 17:07:10.984 +05:30 [INF] Executed endpoint 'BubbleApp.Api.Controllers.WidgetConfigController.Long (BubbleApp.Api)'
2026-03-06 17:07:10.985 +05:30 [INF] HTTP GET /api/widget/config/long responded 204 in 25018.0260 ms
2026-03-06 17:07:10.987 +05:30 [INF] Request finished HTTP/1.1 GET http://localhost:5013/api/widget/config/long?workspace=sample&key=I3UPoNYawpezx-OhSr2hs0DppN8hwow7MpnppypPP-c&since=0 - 204 null null 25022.5213ms
2026-03-06 17:07:10.991 +05:30 [INF] Request starting HTTP/1.1 GET http://localhost:5013/api/widget/config/long?workspace=sample&key=I3UPoNYawpezx-OhSr2hs0DppN8hwow7MpnppypPP-c&since=0 - null null
2026-03-06 17:07:10.993 +05:30 [INF] CORS policy execution successful.
2026-03-06 17:07:10.994 +05:30 [INF] Executing endpoint 'BubbleApp.Api.Controllers.WidgetConfigController.Long (BubbleApp.Api)'
2026-03-06 17:07:10.995 +05:30 [INF] Route matched with {action = "Long", controller = "WidgetConfig"}. Executing controller action with signature System.Threading.Tasks.Task`1[Microsoft.AspNetCore.Mvc.IActionResult] Long(System.String, Int64, System.Threading.CancellationToken) on controller BubbleApp.Api.Controllers.WidgetConfigController (BubbleApp.Api).
2026-03-06 17:07:24.717 +05:30 [INF] Executing StatusCodeResult, setting HTTP status code 204
2026-03-06 17:07:24.724 +05:30 [INF] Executed action BubbleApp.Api.Controllers.WidgetConfigController.Long (BubbleApp.Api) in 25021.0984ms
2026-03-06 17:07:24.726 +05:30 [INF] Executed endpoint 'BubbleApp.Api.Controllers.WidgetConfigController.Long (BubbleApp.Api)'
2026-03-06 17:07:24.728 +05:30 [INF] HTTP GET /api/widget/config/long responded 204 in 25029.2743 ms
2026-03-06 17:07:24.730 +05:30 [INF] Request finished HTTP/1.1 GET http://localhost:5013/api/widget/config/long?workspace=sample&key=I3UPoNYawpezx-OhSr2hs0DppN8hwow7MpnppypPP-c&since=0 - 204 null null 25033.4881ms
2026-03-06 17:07:24.733 +05:30 [INF] Request starting HTTP/1.1 GET http://localhost:5013/api/widget/config/long?workspace=sample&key=I3UPoNYawpezx-OhSr2hs0DppN8hwow7MpnppypPP-c&since=0 - null null
2026-03-06 17:07:24.736 +05:30 [INF] CORS policy execution successful.
2026-03-06 17:07:24.737 +05:30 [INF] Executing endpoint 'BubbleApp.Api.Controllers.WidgetConfigController.Long (BubbleApp.Api)'
2026-03-06 17:07:24.738 +05:30 [INF] Route matched with {action = "Long", controller = "WidgetConfig"}. Executing controller action with signature System.Threading.Tasks.Task`1[Microsoft.AspNetCore.Mvc.IActionResult] Long(System.String, Int64, System.Threading.CancellationToken) on controller BubbleApp.Api.Controllers.WidgetConfigController (BubbleApp.Api).
2026-03-06 17:07:36.015 +05:30 [INF] Executing StatusCodeResult, setting HTTP status code 204
2026-03-06 17:07:36.017 +05:30 [INF] Executed action BubbleApp.Api.Controllers.WidgetConfigController.Long (BubbleApp.Api) in 25019.3177ms
2026-03-06 17:07:36.018 +05:30 [INF] Executed endpoint 'BubbleApp.Api.Controllers.WidgetConfigController.Long (BubbleApp.Api)'
2026-03-06 17:07:36.020 +05:30 [INF] HTTP GET /api/widget/config/long responded 204 in 25026.7176 ms
2026-03-06 17:07:36.022 +05:30 [INF] Request finished HTTP/1.1 GET http://localhost:5013/api/widget/config/long?workspace=sample&key=I3UPoNYawpezx-OhSr2hs0DppN8hwow7MpnppypPP-c&since=0 - 204 null null 25031.5428ms
2026-03-06 17:07:36.027 +05:30 [INF] Request starting HTTP/1.1 GET http://localhost:5013/api/widget/config/long?workspace=sample&key=I3UPoNYawpezx-OhSr2hs0DppN8hwow7MpnppypPP-c&since=0 - null null
2026-03-06 17:07:36.031 +05:30 [INF] CORS policy execution successful.
2026-03-06 17:07:36.032 +05:30 [INF] Executing endpoint 'BubbleApp.Api.Controllers.WidgetConfigController.Long (BubbleApp.Api)'
2026-03-06 17:07:36.033 +05:30 [INF] Route matched with {action = "Long", controller = "WidgetConfig"}. Executing controller action with signature System.Threading.Tasks.Task`1[Microsoft.AspNetCore.Mvc.IActionResult] Long(System.String, Int64, System.Threading.CancellationToken) on controller BubbleApp.Api.Controllers.WidgetConfigController (BubbleApp.Api).
2026-03-06 17:07:43.527 +05:30 [INF] Request starting HTTP/1.1 GET http://localhost:5013/api/reminders?workspace=sample&key=I3UPoNYawpezx-OhSr2hs0DppN8hwow7MpnppypPP-c&userId=28 - null null
2026-03-06 17:07:43.530 +05:30 [INF] CORS policy execution successful.
2026-03-06 17:07:43.531 +05:30 [INF] Executing endpoint 'BubbleApp.Api.Controllers.RemindersController.Get (BubbleApp.Api)'
2026-03-06 17:07:43.532 +05:30 [INF] Route matched with {action = "Get", controller = "Reminders"}. Executing controller action with signature System.Threading.Tasks.Task`1[Microsoft.AspNetCore.Mvc.IActionResult] Get(System.String, System.String, System.Threading.CancellationToken) on controller BubbleApp.Api.Controllers.RemindersController (BubbleApp.Api).
2026-03-06 17:07:43.537 +05:30 [INF] Executing OkObjectResult, writing value of type 'System.Collections.Generic.List`1[[BubbleApp.Common.ViewModels.Reminder.ReminderDto, BubbleApp.Common, Version=1.0.0.0, Culture=neutral, PublicKeyToken=null]]'.
2026-03-06 17:07:43.539 +05:30 [INF] Executed action BubbleApp.Api.Controllers.RemindersController.Get (BubbleApp.Api) in 4.0263ms
2026-03-06 17:07:43.541 +05:30 [INF] Executed endpoint 'BubbleApp.Api.Controllers.RemindersController.Get (BubbleApp.Api)'
2026-03-06 17:07:43.542 +05:30 [INF] HTTP GET /api/reminders responded 200 in 11.6347 ms
2026-03-06 17:07:43.544 +05:30 [INF] Request finished HTTP/1.1 GET http://localhost:5013/api/reminders?workspace=sample&key=I3UPoNYawpezx-OhSr2hs0DppN8hwow7MpnppypPP-c&userId=28 - 200 null application/json; charset=utf-8 17.295ms
2026-03-06 17:07:49.745 +05:30 [INF] Executing StatusCodeResult, setting HTTP status code 204
2026-03-06 17:07:49.746 +05:30 [INF] Executed action BubbleApp.Api.Controllers.WidgetConfigController.Long (BubbleApp.Api) in 25006.641ms
2026-03-06 17:07:49.748 +05:30 [INF] Executed endpoint 'BubbleApp.Api.Controllers.WidgetConfigController.Long (BubbleApp.Api)'
2026-03-06 17:07:49.749 +05:30 [INF] HTTP GET /api/widget/config/long responded 204 in 25012.6990 ms
2026-03-06 17:07:49.750 +05:30 [INF] Request finished HTTP/1.1 GET http://localhost:5013/api/widget/config/long?workspace=sample&key=I3UPoNYawpezx-OhSr2hs0DppN8hwow7MpnppypPP-c&since=0 - 204 null null 25016.7964ms
2026-03-06 17:07:49.754 +05:30 [INF] Request starting HTTP/1.1 GET http://localhost:5013/api/widget/config/long?workspace=sample&key=I3UPoNYawpezx-OhSr2hs0DppN8hwow7MpnppypPP-c&since=0 - null null
2026-03-06 17:07:49.757 +05:30 [INF] CORS policy execution successful.
2026-03-06 17:07:49.758 +05:30 [INF] Executing endpoint 'BubbleApp.Api.Controllers.WidgetConfigController.Long (BubbleApp.Api)'
2026-03-06 17:07:49.759 +05:30 [INF] Route matched with {action = "Long", controller = "WidgetConfig"}. Executing controller action with signature System.Threading.Tasks.Task`1[Microsoft.AspNetCore.Mvc.IActionResult] Long(System.String, Int64, System.Threading.CancellationToken) on controller BubbleApp.Api.Controllers.WidgetConfigController (BubbleApp.Api).
2026-03-06 17:08:01.038 +05:30 [INF] Executing StatusCodeResult, setting HTTP status code 204
2026-03-06 17:08:01.040 +05:30 [INF] Executed action BubbleApp.Api.Controllers.WidgetConfigController.Long (BubbleApp.Api) in 25003.9018ms
2026-03-06 17:08:01.041 +05:30 [INF] Executed endpoint 'BubbleApp.Api.Controllers.WidgetConfigController.Long (BubbleApp.Api)'
2026-03-06 17:08:01.042 +05:30 [INF] HTTP GET /api/widget/config/long responded 204 in 25010.8816 ms
2026-03-06 17:08:01.044 +05:30 [INF] Request finished HTTP/1.1 GET http://localhost:5013/api/widget/config/long?workspace=sample&key=I3UPoNYawpezx-OhSr2hs0DppN8hwow7MpnppypPP-c&since=0 - 204 null null 25016.6968ms
2026-03-06 17:08:01.047 +05:30 [INF] Request starting HTTP/1.1 GET http://localhost:5013/api/widget/config/long?workspace=sample&key=I3UPoNYawpezx-OhSr2hs0DppN8hwow7MpnppypPP-c&since=0 - null null
2026-03-06 17:08:01.050 +05:30 [INF] CORS policy execution successful.
2026-03-06 17:08:01.051 +05:30 [INF] Executing endpoint 'BubbleApp.Api.Controllers.WidgetConfigController.Long (BubbleApp.Api)'
2026-03-06 17:08:01.052 +05:30 [INF] Route matched with {action = "Long", controller = "WidgetConfig"}. Executing controller action with signature System.Threading.Tasks.Task`1[Microsoft.AspNetCore.Mvc.IActionResult] Long(System.String, Int64, System.Threading.CancellationToken) on controller BubbleApp.Api.Controllers.WidgetConfigController (BubbleApp.Api).
2026-03-06 17:08:01.543 +05:30 [INF] Request starting HTTP/1.1 GET http://localhost:5013/api/reminders?workspace=sample&key=I3UPoNYawpezx-OhSr2hs0DppN8hwow7MpnppypPP-c&userId=4 - null null
2026-03-06 17:08:01.551 +05:30 [INF] CORS policy execution successful.
2026-03-06 17:08:01.553 +05:30 [INF] Executing endpoint 'BubbleApp.Api.Controllers.RemindersController.Get (BubbleApp.Api)'
2026-03-06 17:08:01.554 +05:30 [INF] Route matched with {action = "Get", controller = "Reminders"}. Executing controller action with signature System.Threading.Tasks.Task`1[Microsoft.AspNetCore.Mvc.IActionResult] Get(System.String, System.String, System.Threading.CancellationToken) on controller BubbleApp.Api.Controllers.RemindersController (BubbleApp.Api).
2026-03-06 17:08:01.558 +05:30 [INF] Executing OkObjectResult, writing value of type 'System.Collections.Generic.List`1[[BubbleApp.Common.ViewModels.Reminder.ReminderDto, BubbleApp.Common, Version=1.0.0.0, Culture=neutral, PublicKeyToken=null]]'.
2026-03-06 17:08:01.560 +05:30 [INF] Executed action BubbleApp.Api.Controllers.RemindersController.Get (BubbleApp.Api) in 3.9794ms
2026-03-06 17:08:01.562 +05:30 [INF] Executed endpoint 'BubbleApp.Api.Controllers.RemindersController.Get (BubbleApp.Api)'
2026-03-06 17:08:01.563 +05:30 [INF] HTTP GET /api/reminders responded 200 in 11.3805 ms
2026-03-06 17:08:01.565 +05:30 [INF] Request finished HTTP/1.1 GET http://localhost:5013/api/reminders?workspace=sample&key=I3UPoNYawpezx-OhSr2hs0DppN8hwow7MpnppypPP-c&userId=4 - 200 null application/json; charset=utf-8 22.1346ms
2026-03-06 17:08:14.778 +05:30 [INF] Executing StatusCodeResult, setting HTTP status code 204
2026-03-06 17:08:14.779 +05:30 [INF] Executed action BubbleApp.Api.Controllers.WidgetConfigController.Long (BubbleApp.Api) in 25016.5509ms
2026-03-06 17:08:14.780 +05:30 [INF] Executed endpoint 'BubbleApp.Api.Controllers.WidgetConfigController.Long (BubbleApp.Api)'
2026-03-06 17:08:14.781 +05:30 [INF] HTTP GET /api/widget/config/long responded 204 in 25023.7366 ms
2026-03-06 17:08:14.782 +05:30 [INF] Request finished HTTP/1.1 GET http://localhost:5013/api/widget/config/long?workspace=sample&key=I3UPoNYawpezx-OhSr2hs0DppN8hwow7MpnppypPP-c&since=0 - 204 null null 25028.5284ms
2026-03-06 17:08:14.786 +05:30 [INF] Request starting HTTP/1.1 GET http://localhost:5013/api/widget/config/long?workspace=sample&key=I3UPoNYawpezx-OhSr2hs0DppN8hwow7MpnppypPP-c&since=0 - null null
2026-03-06 17:08:14.788 +05:30 [INF] CORS policy execution successful.
2026-03-06 17:08:14.790 +05:30 [INF] Executing endpoint 'BubbleApp.Api.Controllers.WidgetConfigController.Long (BubbleApp.Api)'
2026-03-06 17:08:14.791 +05:30 [INF] Route matched with {action = "Long", controller = "WidgetConfig"}. Executing controller action with signature System.Threading.Tasks.Task`1[Microsoft.AspNetCore.Mvc.IActionResult] Long(System.String, Int64, System.Threading.CancellationToken) on controller BubbleApp.Api.Controllers.WidgetConfigController (BubbleApp.Api).
2026-03-06 17:08:26.071 +05:30 [INF] Executing StatusCodeResult, setting HTTP status code 204
2026-03-06 17:08:26.077 +05:30 [INF] Executed action BubbleApp.Api.Controllers.WidgetConfigController.Long (BubbleApp.Api) in 25022.5094ms
2026-03-06 17:08:26.080 +05:30 [INF] Executed endpoint 'BubbleApp.Api.Controllers.WidgetConfigController.Long (BubbleApp.Api)'
2026-03-06 17:08:26.081 +05:30 [INF] HTTP GET /api/widget/config/long responded 204 in 25031.1854 ms
2026-03-06 17:08:26.084 +05:30 [INF] Request finished HTTP/1.1 GET http://localhost:5013/api/widget/config/long?workspace=sample&key=I3UPoNYawpezx-OhSr2hs0DppN8hwow7MpnppypPP-c&since=0 - 204 null null 25036.2023ms
2026-03-06 17:08:26.087 +05:30 [INF] Request starting HTTP/1.1 GET http://localhost:5013/api/widget/config/long?workspace=sample&key=I3UPoNYawpezx-OhSr2hs0DppN8hwow7MpnppypPP-c&since=0 - null null
2026-03-06 17:08:26.090 +05:30 [INF] CORS policy execution successful.
2026-03-06 17:08:26.091 +05:30 [INF] Executing endpoint 'BubbleApp.Api.Controllers.WidgetConfigController.Long (BubbleApp.Api)'
2026-03-06 17:08:26.092 +05:30 [INF] Route matched with {action = "Long", controller = "WidgetConfig"}. Executing controller action with signature System.Threading.Tasks.Task`1[Microsoft.AspNetCore.Mvc.IActionResult] Long(System.String, Int64, System.Threading.CancellationToken) on controller BubbleApp.Api.Controllers.WidgetConfigController (BubbleApp.Api).
2026-03-06 17:08:39.810 +05:30 [INF] Executing StatusCodeResult, setting HTTP status code 204
2026-03-06 17:08:39.812 +05:30 [INF] Executed action BubbleApp.Api.Controllers.WidgetConfigController.Long (BubbleApp.Api) in 25018.5231ms
2026-03-06 17:08:39.815 +05:30 [INF] Executed endpoint 'BubbleApp.Api.Controllers.WidgetConfigController.Long (BubbleApp.Api)'
2026-03-06 17:08:39.816 +05:30 [INF] HTTP GET /api/widget/config/long responded 204 in 25027.3697 ms
2026-03-06 17:08:39.818 +05:30 [INF] Request finished HTTP/1.1 GET http://localhost:5013/api/widget/config/long?workspace=sample&key=I3UPoNYawpezx-OhSr2hs0DppN8hwow7MpnppypPP-c&since=0 - 204 null null 25032.4226ms
2026-03-06 17:08:39.822 +05:30 [INF] Request starting HTTP/1.1 GET http://localhost:5013/api/widget/config/long?workspace=sample&key=I3UPoNYawpezx-OhSr2hs0DppN8hwow7MpnppypPP-c&since=0 - null null
2026-03-06 17:08:39.826 +05:30 [INF] CORS policy execution successful.
2026-03-06 17:08:39.827 +05:30 [INF] Executing endpoint 'BubbleApp.Api.Controllers.WidgetConfigController.Long (BubbleApp.Api)'
2026-03-06 17:08:39.828 +05:30 [INF] Route matched with {action = "Long", controller = "WidgetConfig"}. Executing controller action with signature System.Threading.Tasks.Task`1[Microsoft.AspNetCore.Mvc.IActionResult] Long(System.String, Int64, System.Threading.CancellationToken) on controller BubbleApp.Api.Controllers.WidgetConfigController (BubbleApp.Api).
2026-03-06 17:08:51.099 +05:30 [INF] Executing StatusCodeResult, setting HTTP status code 204
2026-03-06 17:08:51.102 +05:30 [INF] Executed action BubbleApp.Api.Controllers.WidgetConfigController.Long (BubbleApp.Api) in 25007.6031ms
2026-03-06 17:08:51.103 +05:30 [INF] Executed endpoint 'BubbleApp.Api.Controllers.WidgetConfigController.Long (BubbleApp.Api)'
2026-03-06 17:08:51.104 +05:30 [INF] HTTP GET /api/widget/config/long responded 204 in 25014.2411 ms
2026-03-06 17:08:51.105 +05:30 [INF] Request finished HTTP/1.1 GET http://localhost:5013/api/widget/config/long?workspace=sample&key=I3UPoNYawpezx-OhSr2hs0DppN8hwow7MpnppypPP-c&since=0 - 204 null null 25018.3627ms
2026-03-06 17:08:51.110 +05:30 [INF] Request starting HTTP/1.1 GET http://localhost:5013/api/widget/config/long?workspace=sample&key=I3UPoNYawpezx-OhSr2hs0DppN8hwow7MpnppypPP-c&since=0 - null null
2026-03-06 17:08:51.112 +05:30 [INF] CORS policy execution successful.
2026-03-06 17:08:51.113 +05:30 [INF] Executing endpoint 'BubbleApp.Api.Controllers.WidgetConfigController.Long (BubbleApp.Api)'
2026-03-06 17:08:51.114 +05:30 [INF] Route matched with {action = "Long", controller = "WidgetConfig"}. Executing controller action with signature System.Threading.Tasks.Task`1[Microsoft.AspNetCore.Mvc.IActionResult] Long(System.String, Int64, System.Threading.CancellationToken) on controller BubbleApp.Api.Controllers.WidgetConfigController (BubbleApp.Api).
2026-03-06 17:09:01.539 +05:30 [INF] Request starting HTTP/1.1 GET http://localhost:5013/api/reminders?workspace=sample&key=I3UPoNYawpezx-OhSr2hs0DppN8hwow7MpnppypPP-c&userId=4 - null null
2026-03-06 17:09:01.548 +05:30 [INF] CORS policy execution successful.
2026-03-06 17:09:01.550 +05:30 [INF] Executing endpoint 'BubbleApp.Api.Controllers.RemindersController.Get (BubbleApp.Api)'
2026-03-06 17:09:01.551 +05:30 [INF] Route matched with {action = "Get", controller = "Reminders"}. Executing controller action with signature System.Threading.Tasks.Task`1[Microsoft.AspNetCore.Mvc.IActionResult] Get(System.String, System.String, System.Threading.CancellationToken) on controller BubbleApp.Api.Controllers.RemindersController (BubbleApp.Api).
2026-03-06 17:09:01.555 +05:30 [INF] Executing OkObjectResult, writing value of type 'System.Collections.Generic.List`1[[BubbleApp.Common.ViewModels.Reminder.ReminderDto, BubbleApp.Common, Version=1.0.0.0, Culture=neutral, PublicKeyToken=null]]'.
2026-03-06 17:09:01.556 +05:30 [INF] Executed action BubbleApp.Api.Controllers.RemindersController.Get (BubbleApp.Api) in 3.3025ms
2026-03-06 17:09:01.558 +05:30 [INF] Executed endpoint 'BubbleApp.Api.Controllers.RemindersController.Get (BubbleApp.Api)'
2026-03-06 17:09:01.559 +05:30 [INF] HTTP GET /api/reminders responded 200 in 10.8108 ms
2026-03-06 17:09:01.561 +05:30 [INF] Request finished HTTP/1.1 GET http://localhost:5013/api/reminders?workspace=sample&key=I3UPoNYawpezx-OhSr2hs0DppN8hwow7MpnppypPP-c&userId=4 - 200 null application/json; charset=utf-8 21.9884ms
2026-03-06 17:09:04.844 +05:30 [INF] Executing StatusCodeResult, setting HTTP status code 204
2026-03-06 17:09:04.851 +05:30 [INF] Executed action BubbleApp.Api.Controllers.WidgetConfigController.Long (BubbleApp.Api) in 25020.3683ms
2026-03-06 17:09:04.861 +05:30 [INF] Executed endpoint 'BubbleApp.Api.Controllers.WidgetConfigController.Long (BubbleApp.Api)'
2026-03-06 17:09:04.867 +05:30 [INF] HTTP GET /api/widget/config/long responded 204 in 25040.9491 ms
2026-03-06 17:09:04.871 +05:30 [INF] Request finished HTTP/1.1 GET http://localhost:5013/api/widget/config/long?workspace=sample&key=I3UPoNYawpezx-OhSr2hs0DppN8hwow7MpnppypPP-c&since=0 - 204 null null 25048.4923ms
2026-03-06 17:09:04.876 +05:30 [INF] Request starting HTTP/1.1 GET http://localhost:5013/api/widget/config/long?workspace=sample&key=I3UPoNYawpezx-OhSr2hs0DppN8hwow7MpnppypPP-c&since=0 - null null
2026-03-06 17:09:04.879 +05:30 [INF] CORS policy execution successful.
2026-03-06 17:09:04.880 +05:30 [INF] Executing endpoint 'BubbleApp.Api.Controllers.WidgetConfigController.Long (BubbleApp.Api)'
2026-03-06 17:09:04.881 +05:30 [INF] Route matched with {action = "Long", controller = "WidgetConfig"}. Executing controller action with signature System.Threading.Tasks.Task`1[Microsoft.AspNetCore.Mvc.IActionResult] Long(System.String, Int64, System.Threading.CancellationToken) on controller BubbleApp.Api.Controllers.WidgetConfigController (BubbleApp.Api).
2026-03-06 17:09:16.123 +05:30 [INF] Executing StatusCodeResult, setting HTTP status code 204
2026-03-06 17:09:16.124 +05:30 [INF] Executed action BubbleApp.Api.Controllers.WidgetConfigController.Long (BubbleApp.Api) in 25007.1058ms
2026-03-06 17:09:16.125 +05:30 [INF] Executed endpoint 'BubbleApp.Api.Controllers.WidgetConfigController.Long (BubbleApp.Api)'
2026-03-06 17:09:16.126 +05:30 [INF] HTTP GET /api/widget/config/long responded 204 in 25013.5818 ms
2026-03-06 17:09:16.127 +05:30 [INF] Request finished HTTP/1.1 GET http://localhost:5013/api/widget/config/long?workspace=sample&key=I3UPoNYawpezx-OhSr2hs0DppN8hwow7MpnppypPP-c&since=0 - 204 null null 25017.533ms
2026-03-06 17:09:16.130 +05:30 [INF] Request starting HTTP/1.1 GET http://localhost:5013/api/widget/config/long?workspace=sample&key=I3UPoNYawpezx-OhSr2hs0DppN8hwow7MpnppypPP-c&since=0 - null null
2026-03-06 17:09:16.132 +05:30 [INF] CORS policy execution successful.
2026-03-06 17:09:16.133 +05:30 [INF] Executing endpoint 'BubbleApp.Api.Controllers.WidgetConfigController.Long (BubbleApp.Api)'
2026-03-06 17:09:16.134 +05:30 [INF] Route matched with {action = "Long", controller = "WidgetConfig"}. Executing controller action with signature System.Threading.Tasks.Task`1[Microsoft.AspNetCore.Mvc.IActionResult] Long(System.String, Int64, System.Threading.CancellationToken) on controller BubbleApp.Api.Controllers.WidgetConfigController (BubbleApp.Api).
2026-03-06 17:09:29.888 +05:30 [INF] Executing StatusCodeResult, setting HTTP status code 204
2026-03-06 17:09:29.892 +05:30 [INF] Executed action BubbleApp.Api.Controllers.WidgetConfigController.Long (BubbleApp.Api) in 25009.3173ms
2026-03-06 17:09:29.893 +05:30 [INF] Executed endpoint 'BubbleApp.Api.Controllers.WidgetConfigController.Long (BubbleApp.Api)'
2026-03-06 17:09:29.894 +05:30 [INF] HTTP GET /api/widget/config/long responded 204 in 25015.5597 ms
2026-03-06 17:09:29.897 +05:30 [INF] Request finished HTTP/1.1 GET http://localhost:5013/api/widget/config/long?workspace=sample&key=I3UPoNYawpezx-OhSr2hs0DppN8hwow7MpnppypPP-c&since=0 - 204 null null 25020.6485ms
2026-03-06 17:09:29.900 +05:30 [INF] Request starting HTTP/1.1 GET http://localhost:5013/api/widget/config/long?workspace=sample&key=I3UPoNYawpezx-OhSr2hs0DppN8hwow7MpnppypPP-c&since=0 - null null
2026-03-06 17:09:29.903 +05:30 [INF] CORS policy execution successful.
2026-03-06 17:09:29.903 +05:30 [INF] Executing endpoint 'BubbleApp.Api.Controllers.WidgetConfigController.Long (BubbleApp.Api)'
2026-03-06 17:09:29.904 +05:30 [INF] Route matched with {action = "Long", controller = "WidgetConfig"}. Executing controller action with signature System.Threading.Tasks.Task`1[Microsoft.AspNetCore.Mvc.IActionResult] Long(System.String, Int64, System.Threading.CancellationToken) on controller BubbleApp.Api.Controllers.WidgetConfigController (BubbleApp.Api).
2026-03-06 17:09:34.416 +05:30 [INF] Request starting HTTP/1.1 GET http://localhost:5013/api/widget/config/long?workspace=sample2&key=rIxin6pfTy4KP2ue_CB4jHThvIDCToYwJ4KuHM-u-2o&since=639083819818079700 - null null
2026-03-06 17:09:34.419 +05:30 [INF] CORS policy execution successful.
2026-03-06 17:09:34.420 +05:30 [INF] Executing endpoint 'BubbleApp.Api.Controllers.WidgetConfigController.Long (BubbleApp.Api)'
2026-03-06 17:09:34.421 +05:30 [INF] Route matched with {action = "Long", controller = "WidgetConfig"}. Executing controller action with signature System.Threading.Tasks.Task`1[Microsoft.AspNetCore.Mvc.IActionResult] Long(System.String, Int64, System.Threading.CancellationToken) on controller BubbleApp.Api.Controllers.WidgetConfigController (BubbleApp.Api).
2026-03-06 17:09:34.430 +05:30 [INF] Executed action BubbleApp.Api.Controllers.WidgetConfigController.Long (BubbleApp.Api) in 7.249ms
2026-03-06 17:09:34.433 +05:30 [INF] Executed endpoint 'BubbleApp.Api.Controllers.WidgetConfigController.Long (BubbleApp.Api)'
2026-03-06 17:09:34.436 +05:30 [ERR] HTTP GET /api/widget/config/long responded 500 in 17.1702 ms
System.OperationCanceledException: The operation was canceled.
   at System.Threading.CancellationToken.ThrowOperationCanceledException()
   at MongoDB.Driver.Core.Operations.RetryableReadContext.AcquireOrReplaceChannelAsync(OperationContext operationContext, IReadOnlyCollection`1 deprioritizedServers)
   at MongoDB.Driver.Core.Operations.RetryableReadContext.CreateAsync(OperationContext operationContext, IReadBinding binding, Boolean retryRequested)
   at MongoDB.Driver.Core.Operations.FindOperation`1.ExecuteAsync(OperationContext operationContext, IReadBinding binding)
   at MongoDB.Driver.OperationExecutor.ExecuteReadOperationAsync[TResult](OperationContext operationContext, IClientSessionHandle session, IReadOperation`1 operation, ReadPreference readPreference, Boolean allowChannelPinning)
   at MongoDB.Driver.MongoCollectionImpl`1.ExecuteReadOperationAsync[TResult](IClientSessionHandle session, IReadOperation`1 operation, ReadPreference explicitReadPreference, Nullable`1 timeout, CancellationToken cancellationToken)
   at MongoDB.Driver.MongoCollectionImpl`1.FindAsync[TProjection](FilterDefinition`1 filter, FindOptions`2 options, CancellationToken cancellationToken)
   at MongoDB.Driver.IAsyncCursorSourceExtensions.FirstOrDefaultAsync[TDocument](IAsyncCursorSource`1 source, CancellationToken cancellationToken)
   at BubbleApp.Api.Controllers.WidgetConfigController.Long(String workspace, Int64 since, CancellationToken ct) in D:\FB\MVC\src\BubbleApp.Api\Controllers\WidgetConfigController.cs:line 45
   at Microsoft.AspNetCore.Mvc.Infrastructure.ActionMethodExecutor.TaskOfIActionResultExecutor.Execute(ActionContext actionContext, IActionResultTypeMapper mapper, ObjectMethodExecutor executor, Object controller, Object[] arguments)
   at Microsoft.AspNetCore.Mvc.Infrastructure.ControllerActionInvoker.<InvokeActionMethodAsync>g__Awaited|12_0(ControllerActionInvoker invoker, ValueTask`1 actionResultValueTask)
   at Microsoft.AspNetCore.Mvc.Infrastructure.ControllerActionInvoker.<InvokeNextActionFilterAsync>g__Awaited|10_0(ControllerActionInvoker invoker, Task lastTask, State next, Scope scope, Object state, Boolean isCompleted)
   at Microsoft.AspNetCore.Mvc.Infrastructure.ControllerActionInvoker.Rethrow(ActionExecutedContextSealed context)
   at Microsoft.AspNetCore.Mvc.Infrastructure.ControllerActionInvoker.Next(State& next, Scope& scope, Object& state, Boolean& isCompleted)
   at Microsoft.AspNetCore.Mvc.Infrastructure.ControllerActionInvoker.<InvokeInnerFilterAsync>g__Awaited|13_0(ControllerActionInvoker invoker, Task lastTask, State next, Scope scope, Object state, Boolean isCompleted)
   at Microsoft.AspNetCore.Mvc.Infrastructure.ResourceInvoker.<InvokeFilterPipelineAsync>g__Awaited|20_0(ResourceInvoker invoker, Task lastTask, State next, Scope scope, Object state, Boolean isCompleted)
   at Microsoft.AspNetCore.Mvc.Infrastructure.ResourceInvoker.<InvokeAsync>g__Logged|17_1(ResourceInvoker invoker)
   at Microsoft.AspNetCore.Mvc.Infrastructure.ResourceInvoker.<InvokeAsync>g__Logged|17_1(ResourceInvoker invoker)
   at Microsoft.AspNetCore.Routing.EndpointMiddleware.<Invoke>g__AwaitRequestTask|7_0(Endpoint endpoint, Task requestTask, ILogger logger)
   at Swashbuckle.AspNetCore.SwaggerUI.SwaggerUIMiddleware.Invoke(HttpContext httpContext)
   at Microsoft.AspNetCore.Authorization.AuthorizationMiddleware.Invoke(HttpContext context)
   at Microsoft.AspNetCore.Authentication.AuthenticationMiddleware.Invoke(HttpContext context)
   at Serilog.AspNetCore.RequestLoggingMiddleware.Invoke(HttpContext httpContext)
2026-03-06 17:09:34.449 +05:30 [INF] Request finished HTTP/1.1 GET http://localhost:5013/api/widget/config/long?workspace=sample2&key=rIxin6pfTy4KP2ue_CB4jHThvIDCToYwJ4KuHM-u-2o&since=639083819818079700 - 499 null null 33.1049ms
2026-03-06 17:09:34.664 +05:30 [INF] Request starting HTTP/1.1 GET http://localhost:5013/api/general?workspace=default&key= - null null
2026-03-06 17:09:34.672 +05:30 [INF] CORS policy execution successful.
2026-03-06 17:09:34.678 +05:30 [INF] Executing endpoint 'BubbleApp.Api.Controllers.GeneralController.Get (BubbleApp.Api)'
2026-03-06 17:09:34.689 +05:30 [INF] Route matched with {action = "Get", controller = "General"}. Executing controller action with signature System.Threading.Tasks.Task`1[Microsoft.AspNetCore.Mvc.IActionResult] Get(System.String, System.Threading.CancellationToken) on controller BubbleApp.Api.Controllers.GeneralController (BubbleApp.Api).
2026-03-06 17:09:34.695 +05:30 [INF] Executing ObjectResult, writing value of type '<>f__AnonymousType1`1[[System.String, System.Private.CoreLib, Version=9.0.0.0, Culture=neutral, PublicKeyToken=7cec85d7bea7798e]]'.
2026-03-06 17:09:34.725 +05:30 [INF] Executed action BubbleApp.Api.Controllers.GeneralController.Get (BubbleApp.Api) in 30.3128ms
2026-03-06 17:09:34.746 +05:30 [INF] Executed endpoint 'BubbleApp.Api.Controllers.GeneralController.Get (BubbleApp.Api)'
2026-03-06 17:09:34.770 +05:30 [INF] HTTP GET /api/general responded 401 in 97.3873 ms
2026-03-06 17:09:34.887 +05:30 [INF] Request finished HTTP/1.1 GET http://localhost:5013/api/general?workspace=default&key= - 401 null application/json; charset=utf-8 222.9668ms
2026-03-06 17:09:35.026 +05:30 [INF] Request starting HTTP/1.1 GET http://localhost:5013/api/general/stream?workspace=default&key= - null null
2026-03-06 17:09:35.030 +05:30 [INF] CORS policy execution successful.
2026-03-06 17:09:35.031 +05:30 [INF] HTTP GET /api/general/stream responded 404 in 1.5021 ms
2026-03-06 17:09:35.037 +05:30 [INF] Request finished HTTP/1.1 GET http://localhost:5013/api/general/stream?workspace=default&key= - 404 0 null 10.6331ms
2026-03-06 17:09:35.044 +05:30 [INF] Request reached the end of the middleware pipeline without being handled by application code. Request path: GET http://localhost:5013/api/general/stream, Response status code: 404
2026-03-06 17:09:41.149 +05:30 [INF] Executing StatusCodeResult, setting HTTP status code 204
2026-03-06 17:09:41.150 +05:30 [INF] Executed action BubbleApp.Api.Controllers.WidgetConfigController.Long (BubbleApp.Api) in 25014.3269ms
2026-03-06 17:09:41.151 +05:30 [INF] Executed endpoint 'BubbleApp.Api.Controllers.WidgetConfigController.Long (BubbleApp.Api)'
2026-03-06 17:09:41.153 +05:30 [INF] HTTP GET /api/widget/config/long responded 204 in 25020.2809 ms
2026-03-06 17:09:41.154 +05:30 [INF] Request finished HTTP/1.1 GET http://localhost:5013/api/widget/config/long?workspace=sample&key=I3UPoNYawpezx-OhSr2hs0DppN8hwow7MpnppypPP-c&since=0 - 204 null null 25023.9424ms
2026-03-06 17:09:41.157 +05:30 [INF] Request starting HTTP/1.1 GET http://localhost:5013/api/widget/config/long?workspace=sample&key=I3UPoNYawpezx-OhSr2hs0DppN8hwow7MpnppypPP-c&since=0 - null null
2026-03-06 17:09:41.160 +05:30 [INF] CORS policy execution successful.
2026-03-06 17:09:41.160 +05:30 [INF] Executing endpoint 'BubbleApp.Api.Controllers.WidgetConfigController.Long (BubbleApp.Api)'
2026-03-06 17:09:41.161 +05:30 [INF] Route matched with {action = "Long", controller = "WidgetConfig"}. Executing controller action with signature System.Threading.Tasks.Task`1[Microsoft.AspNetCore.Mvc.IActionResult] Long(System.String, Int64, System.Threading.CancellationToken) on controller BubbleApp.Api.Controllers.WidgetConfigController (BubbleApp.Api).
2026-03-06 17:09:42.538 +05:30 [INF] Request starting HTTP/1.1 GET http://localhost:5013/api/reminders?workspace=sample&key=I3UPoNYawpezx-OhSr2hs0DppN8hwow7MpnppypPP-c&userId=28 - null null
2026-03-06 17:09:42.542 +05:30 [INF] CORS policy execution successful.
2026-03-06 17:09:42.544 +05:30 [INF] Executing endpoint 'BubbleApp.Api.Controllers.RemindersController.Get (BubbleApp.Api)'
2026-03-06 17:09:42.545 +05:30 [INF] Route matched with {action = "Get", controller = "Reminders"}. Executing controller action with signature System.Threading.Tasks.Task`1[Microsoft.AspNetCore.Mvc.IActionResult] Get(System.String, System.String, System.Threading.CancellationToken) on controller BubbleApp.Api.Controllers.RemindersController (BubbleApp.Api).
2026-03-06 17:09:42.553 +05:30 [INF] Executing OkObjectResult, writing value of type 'System.Collections.Generic.List`1[[BubbleApp.Common.ViewModels.Reminder.ReminderDto, BubbleApp.Common, Version=1.0.0.0, Culture=neutral, PublicKeyToken=null]]'.
2026-03-06 17:09:42.555 +05:30 [INF] Executed action BubbleApp.Api.Controllers.RemindersController.Get (BubbleApp.Api) in 6.9437ms
2026-03-06 17:09:42.558 +05:30 [INF] Executed endpoint 'BubbleApp.Api.Controllers.RemindersController.Get (BubbleApp.Api)'
2026-03-06 17:09:42.560 +05:30 [INF] HTTP GET /api/reminders responded 200 in 17.1305 ms
2026-03-06 17:09:42.563 +05:30 [INF] Request finished HTTP/1.1 GET http://localhost:5013/api/reminders?workspace=sample&key=I3UPoNYawpezx-OhSr2hs0DppN8hwow7MpnppypPP-c&userId=28 - 200 null application/json; charset=utf-8 25.3268ms
2026-03-06 17:09:46.278 +05:30 [INF] Request starting HTTP/1.1 GET http://localhost:5013/api/general/stream?workspace=default&key= - null null
2026-03-06 17:09:46.278 +05:30 [INF] Request starting HTTP/1.1 GET http://localhost:5013/api/general?workspace=default&key= - null null
2026-03-06 17:09:46.282 +05:30 [INF] CORS policy execution successful.
2026-03-06 17:09:46.285 +05:30 [INF] CORS policy execution successful.
2026-03-06 17:09:46.286 +05:30 [INF] HTTP GET /api/general/stream responded 404 in 4.1232 ms
2026-03-06 17:09:46.287 +05:30 [INF] Executing endpoint 'BubbleApp.Api.Controllers.GeneralController.Get (BubbleApp.Api)'
2026-03-06 17:09:46.290 +05:30 [INF] Request finished HTTP/1.1 GET http://localhost:5013/api/general/stream?workspace=default&key= - 404 0 null 11.4711ms
2026-03-06 17:09:46.291 +05:30 [INF] Route matched with {action = "Get", controller = "General"}. Executing controller action with signature System.Threading.Tasks.Task`1[Microsoft.AspNetCore.Mvc.IActionResult] Get(System.String, System.Threading.CancellationToken) on controller BubbleApp.Api.Controllers.GeneralController (BubbleApp.Api).
2026-03-06 17:09:46.295 +05:30 [INF] Request reached the end of the middleware pipeline without being handled by application code. Request path: GET http://localhost:5013/api/general/stream, Response status code: 404
2026-03-06 17:09:46.297 +05:30 [INF] Executing ObjectResult, writing value of type '<>f__AnonymousType1`1[[System.String, System.Private.CoreLib, Version=9.0.0.0, Culture=neutral, PublicKeyToken=7cec85d7bea7798e]]'.
2026-03-06 17:09:46.300 +05:30 [INF] Executed action BubbleApp.Api.Controllers.GeneralController.Get (BubbleApp.Api) in 3.2391ms
2026-03-06 17:09:46.302 +05:30 [INF] Executed endpoint 'BubbleApp.Api.Controllers.GeneralController.Get (BubbleApp.Api)'
2026-03-06 17:09:46.303 +05:30 [INF] HTTP GET /api/general responded 401 in 18.2270 ms
2026-03-06 17:09:46.305 +05:30 [INF] Request finished HTTP/1.1 GET http://localhost:5013/api/general?workspace=default&key= - 401 null application/json; charset=utf-8 27.0873ms
2026-03-06 17:09:54.914 +05:30 [INF] Executing StatusCodeResult, setting HTTP status code 204
2026-03-06 17:09:54.916 +05:30 [INF] Executed action BubbleApp.Api.Controllers.WidgetConfigController.Long (BubbleApp.Api) in 25010.0562ms
2026-03-06 17:09:54.918 +05:30 [INF] Executed endpoint 'BubbleApp.Api.Controllers.WidgetConfigController.Long (BubbleApp.Api)'
2026-03-06 17:09:54.919 +05:30 [INF] HTTP GET /api/widget/config/long responded 204 in 25016.2201 ms
2026-03-06 17:09:54.920 +05:30 [INF] Request finished HTTP/1.1 GET http://localhost:5013/api/widget/config/long?workspace=sample&key=I3UPoNYawpezx-OhSr2hs0DppN8hwow7MpnppypPP-c&since=0 - 204 null null 25020.4897ms
2026-03-06 17:09:54.925 +05:30 [INF] Request starting HTTP/1.1 GET http://localhost:5013/api/widget/config/long?workspace=sample&key=I3UPoNYawpezx-OhSr2hs0DppN8hwow7MpnppypPP-c&since=0 - null null
2026-03-06 17:09:54.927 +05:30 [INF] CORS policy execution successful.
2026-03-06 17:09:54.928 +05:30 [INF] Executing endpoint 'BubbleApp.Api.Controllers.WidgetConfigController.Long (BubbleApp.Api)'
2026-03-06 17:09:54.930 +05:30 [INF] Route matched with {action = "Long", controller = "WidgetConfig"}. Executing controller action with signature System.Threading.Tasks.Task`1[Microsoft.AspNetCore.Mvc.IActionResult] Long(System.String, Int64, System.Threading.CancellationToken) on controller BubbleApp.Api.Controllers.WidgetConfigController (BubbleApp.Api).
2026-03-06 17:10:06.177 +05:30 [INF] Executing StatusCodeResult, setting HTTP status code 204
2026-03-06 17:10:06.179 +05:30 [INF] Executed action BubbleApp.Api.Controllers.WidgetConfigController.Long (BubbleApp.Api) in 25015.7721ms
2026-03-06 17:10:06.180 +05:30 [INF] Executed endpoint 'BubbleApp.Api.Controllers.WidgetConfigController.Long (BubbleApp.Api)'
2026-03-06 17:10:06.181 +05:30 [INF] HTTP GET /api/widget/config/long responded 204 in 25021.2926 ms
2026-03-06 17:10:06.182 +05:30 [INF] Request finished HTTP/1.1 GET http://localhost:5013/api/widget/config/long?workspace=sample&key=I3UPoNYawpezx-OhSr2hs0DppN8hwow7MpnppypPP-c&since=0 - 204 null null 25025.0589ms
2026-03-06 17:10:06.185 +05:30 [INF] Request starting HTTP/1.1 GET http://localhost:5013/api/widget/config/long?workspace=sample&key=I3UPoNYawpezx-OhSr2hs0DppN8hwow7MpnppypPP-c&since=0 - null null
2026-03-06 17:10:06.187 +05:30 [INF] CORS policy execution successful.
2026-03-06 17:10:06.188 +05:30 [INF] Executing endpoint 'BubbleApp.Api.Controllers.WidgetConfigController.Long (BubbleApp.Api)'
2026-03-06 17:10:06.189 +05:30 [INF] Route matched with {action = "Long", controller = "WidgetConfig"}. Executing controller action with signature System.Threading.Tasks.Task`1[Microsoft.AspNetCore.Mvc.IActionResult] Long(System.String, Int64, System.Threading.CancellationToken) on controller BubbleApp.Api.Controllers.WidgetConfigController (BubbleApp.Api).
2026-03-06 17:10:10.278 +05:30 [INF] Request starting HTTP/1.1 GET http://localhost:5013/api/general/stream?workspace=default&key= - null null
2026-03-06 17:10:10.279 +05:30 [INF] Request starting HTTP/1.1 GET http://localhost:5013/api/general?workspace=default&key= - null null
2026-03-06 17:10:10.282 +05:30 [INF] CORS policy execution successful.
2026-03-06 17:10:10.283 +05:30 [INF] CORS policy execution successful.
2026-03-06 17:10:10.284 +05:30 [INF] HTTP GET /api/general/stream responded 404 in 2.6330 ms
2026-03-06 17:10:10.285 +05:30 [INF] Executing endpoint 'BubbleApp.Api.Controllers.GeneralController.Get (BubbleApp.Api)'
2026-03-06 17:10:10.286 +05:30 [INF] Request finished HTTP/1.1 GET http://localhost:5013/api/general/stream?workspace=default&key= - 404 0 null 7.8505ms
2026-03-06 17:10:10.287 +05:30 [INF] Route matched with {action = "Get", controller = "General"}. Executing controller action with signature System.Threading.Tasks.Task`1[Microsoft.AspNetCore.Mvc.IActionResult] Get(System.String, System.Threading.CancellationToken) on controller BubbleApp.Api.Controllers.GeneralController (BubbleApp.Api).
2026-03-06 17:10:10.289 +05:30 [INF] Request reached the end of the middleware pipeline without being handled by application code. Request path: GET http://localhost:5013/api/general/stream, Response status code: 404
2026-03-06 17:10:10.291 +05:30 [INF] Executing ObjectResult, writing value of type '<>f__AnonymousType1`1[[System.String, System.Private.CoreLib, Version=9.0.0.0, Culture=neutral, PublicKeyToken=7cec85d7bea7798e]]'.
2026-03-06 17:10:10.293 +05:30 [INF] Executed action BubbleApp.Api.Controllers.GeneralController.Get (BubbleApp.Api) in 2.6909ms
2026-03-06 17:10:10.295 +05:30 [INF] Executed endpoint 'BubbleApp.Api.Controllers.GeneralController.Get (BubbleApp.Api)'
2026-03-06 17:10:10.296 +05:30 [INF] HTTP GET /api/general responded 401 in 12.3065 ms
2026-03-06 17:10:10.297 +05:30 [INF] Request finished HTTP/1.1 GET http://localhost:5013/api/general?workspace=default&key= - 401 null application/json; charset=utf-8 18.5966ms
2026-03-06 17:10:17.376 +05:30 [INF] Request starting HTTP/1.1 GET http://localhost:5013/api/todos?workspace=default&key=&userId=4 - null null
2026-03-06 17:10:17.379 +05:30 [INF] CORS policy execution successful.
2026-03-06 17:10:17.380 +05:30 [INF] Executing endpoint 'BubbleApp.Api.Controllers.TodosController.Get (BubbleApp.Api)'
2026-03-06 17:10:17.382 +05:30 [INF] Route matched with {action = "Get", controller = "Todos"}. Executing controller action with signature System.Threading.Tasks.Task`1[Microsoft.AspNetCore.Mvc.IActionResult] Get(System.String, System.String, System.Threading.CancellationToken) on controller BubbleApp.Api.Controllers.TodosController (BubbleApp.Api).
2026-03-06 17:10:17.384 +05:30 [INF] Executing ObjectResult, writing value of type '<>f__AnonymousType1`1[[System.String, System.Private.CoreLib, Version=9.0.0.0, Culture=neutral, PublicKeyToken=7cec85d7bea7798e]]'.
2026-03-06 17:10:17.386 +05:30 [INF] Executed action BubbleApp.Api.Controllers.TodosController.Get (BubbleApp.Api) in 2.2708ms
2026-03-06 17:10:17.389 +05:30 [INF] Executed endpoint 'BubbleApp.Api.Controllers.TodosController.Get (BubbleApp.Api)'
2026-03-06 17:10:17.390 +05:30 [INF] HTTP GET /api/todos responded 401 in 11.0525 ms
2026-03-06 17:10:17.392 +05:30 [INF] Request finished HTTP/1.1 GET http://localhost:5013/api/todos?workspace=default&key=&userId=4 - 401 null application/json; charset=utf-8 15.9501ms
2026-03-06 17:10:18.522 +05:30 [INF] Request starting HTTP/1.1 GET http://localhost:5013/api/notes?workspace=default&key=&userId=4 - null null
2026-03-06 17:10:18.525 +05:30 [INF] CORS policy execution successful.
2026-03-06 17:10:18.526 +05:30 [INF] Executing endpoint 'BubbleApp.Api.Controllers.NotesController.Get (BubbleApp.Api)'
2026-03-06 17:10:18.527 +05:30 [INF] Route matched with {action = "Get", controller = "Notes"}. Executing controller action with signature System.Threading.Tasks.Task`1[Microsoft.AspNetCore.Mvc.IActionResult] Get(System.String, System.String, System.Threading.CancellationToken) on controller BubbleApp.Api.Controllers.NotesController (BubbleApp.Api).
2026-03-06 17:10:18.529 +05:30 [INF] Executing ObjectResult, writing value of type '<>f__AnonymousType1`1[[System.String, System.Private.CoreLib, Version=9.0.0.0, Culture=neutral, PublicKeyToken=7cec85d7bea7798e]]'.
2026-03-06 17:10:18.530 +05:30 [INF] Executed action BubbleApp.Api.Controllers.NotesController.Get (BubbleApp.Api) in 1.5402ms
2026-03-06 17:10:18.532 +05:30 [INF] Executed endpoint 'BubbleApp.Api.Controllers.NotesController.Get (BubbleApp.Api)'
2026-03-06 17:10:18.533 +05:30 [INF] HTTP GET /api/notes responded 401 in 7.9776 ms
2026-03-06 17:10:18.535 +05:30 [INF] Request finished HTTP/1.1 GET http://localhost:5013/api/notes?workspace=default&key=&userId=4 - 401 null application/json; charset=utf-8 12.4564ms
2026-03-06 17:10:19.472 +05:30 [INF] Request starting HTTP/1.1 GET http://localhost:5013/api/reminders?workspace=default&key=&userId=4 - null null
2026-03-06 17:10:19.475 +05:30 [INF] CORS policy execution successful.
2026-03-06 17:10:19.476 +05:30 [INF] Executing endpoint 'BubbleApp.Api.Controllers.RemindersController.Get (BubbleApp.Api)'
2026-03-06 17:10:19.478 +05:30 [INF] Route matched with {action = "Get", controller = "Reminders"}. Executing controller action with signature System.Threading.Tasks.Task`1[Microsoft.AspNetCore.Mvc.IActionResult] Get(System.String, System.String, System.Threading.CancellationToken) on controller BubbleApp.Api.Controllers.RemindersController (BubbleApp.Api).
2026-03-06 17:10:19.480 +05:30 [INF] Executing ObjectResult, writing value of type '<>f__AnonymousType1`1[[System.String, System.Private.CoreLib, Version=9.0.0.0, Culture=neutral, PublicKeyToken=7cec85d7bea7798e]]'.
2026-03-06 17:10:19.481 +05:30 [INF] Executed action BubbleApp.Api.Controllers.RemindersController.Get (BubbleApp.Api) in 1.7506ms
2026-03-06 17:10:19.483 +05:30 [INF] Executed endpoint 'BubbleApp.Api.Controllers.RemindersController.Get (BubbleApp.Api)'
2026-03-06 17:10:19.485 +05:30 [INF] HTTP GET /api/reminders responded 401 in 9.1301 ms
2026-03-06 17:10:19.486 +05:30 [INF] Request finished HTTP/1.1 GET http://localhost:5013/api/reminders?workspace=default&key=&userId=4 - 401 null application/json; charset=utf-8 14.2969ms
2026-03-06 17:10:19.937 +05:30 [INF] Executing StatusCodeResult, setting HTTP status code 204
2026-03-06 17:10:19.938 +05:30 [INF] Executed action BubbleApp.Api.Controllers.WidgetConfigController.Long (BubbleApp.Api) in 25006.763ms
2026-03-06 17:10:19.940 +05:30 [INF] Executed endpoint 'BubbleApp.Api.Controllers.WidgetConfigController.Long (BubbleApp.Api)'
2026-03-06 17:10:19.940 +05:30 [INF] HTTP GET /api/widget/config/long responded 204 in 25013.0737 ms
2026-03-06 17:10:19.942 +05:30 [INF] Request finished HTTP/1.1 GET http://localhost:5013/api/widget/config/long?workspace=sample&key=I3UPoNYawpezx-OhSr2hs0DppN8hwow7MpnppypPP-c&since=0 - 204 null null 25017.3991ms
2026-03-06 17:10:19.946 +05:30 [INF] Request starting HTTP/1.1 GET http://localhost:5013/api/widget/config/long?workspace=sample&key=I3UPoNYawpezx-OhSr2hs0DppN8hwow7MpnppypPP-c&since=0 - null null
2026-03-06 17:10:19.948 +05:30 [INF] CORS policy execution successful.
2026-03-06 17:10:19.949 +05:30 [INF] Executing endpoint 'BubbleApp.Api.Controllers.WidgetConfigController.Long (BubbleApp.Api)'
2026-03-06 17:10:19.950 +05:30 [INF] Route matched with {action = "Long", controller = "WidgetConfig"}. Executing controller action with signature System.Threading.Tasks.Task`1[Microsoft.AspNetCore.Mvc.IActionResult] Long(System.String, Int64, System.Threading.CancellationToken) on controller BubbleApp.Api.Controllers.WidgetConfigController (BubbleApp.Api).
2026-03-06 17:10:21.416 +05:30 [INF] Request starting HTTP/1.1 GET http://localhost:5013/api/todos?workspace=default&key=&userId=4 - null null
2026-03-06 17:10:21.420 +05:30 [INF] CORS policy execution successful.
2026-03-06 17:10:21.421 +05:30 [INF] Executing endpoint 'BubbleApp.Api.Controllers.TodosController.Get (BubbleApp.Api)'
2026-03-06 17:10:21.422 +05:30 [INF] Route matched with {action = "Get", controller = "Todos"}. Executing controller action with signature System.Threading.Tasks.Task`1[Microsoft.AspNetCore.Mvc.IActionResult] Get(System.String, System.String, System.Threading.CancellationToken) on controller BubbleApp.Api.Controllers.TodosController (BubbleApp.Api).
2026-03-06 17:10:21.424 +05:30 [INF] Executing ObjectResult, writing value of type '<>f__AnonymousType1`1[[System.String, System.Private.CoreLib, Version=9.0.0.0, Culture=neutral, PublicKeyToken=7cec85d7bea7798e]]'.
2026-03-06 17:10:21.426 +05:30 [INF] Executed action BubbleApp.Api.Controllers.TodosController.Get (BubbleApp.Api) in 1.5848ms
2026-03-06 17:10:21.427 +05:30 [INF] Executed endpoint 'BubbleApp.Api.Controllers.TodosController.Get (BubbleApp.Api)'
2026-03-06 17:10:21.428 +05:30 [INF] HTTP GET /api/todos responded 401 in 7.7714 ms
2026-03-06 17:10:21.430 +05:30 [INF] Request finished HTTP/1.1 GET http://localhost:5013/api/todos?workspace=default&key=&userId=4 - 401 null application/json; charset=utf-8 13.92ms
2026-03-06 17:10:23.288 +05:30 [INF] Request starting HTTP/1.1 GET http://localhost:5013/api/todos?workspace=default&key=&userId=4 - null null
2026-03-06 17:10:23.291 +05:30 [INF] CORS policy execution successful.
2026-03-06 17:10:23.292 +05:30 [INF] Executing endpoint 'BubbleApp.Api.Controllers.TodosController.Get (BubbleApp.Api)'
2026-03-06 17:10:23.293 +05:30 [INF] Route matched with {action = "Get", controller = "Todos"}. Executing controller action with signature System.Threading.Tasks.Task`1[Microsoft.AspNetCore.Mvc.IActionResult] Get(System.String, System.String, System.Threading.CancellationToken) on controller BubbleApp.Api.Controllers.TodosController (BubbleApp.Api).
2026-03-06 17:10:23.295 +05:30 [INF] Executing ObjectResult, writing value of type '<>f__AnonymousType1`1[[System.String, System.Private.CoreLib, Version=9.0.0.0, Culture=neutral, PublicKeyToken=7cec85d7bea7798e]]'.
2026-03-06 17:10:23.296 +05:30 [INF] Executed action BubbleApp.Api.Controllers.TodosController.Get (BubbleApp.Api) in 1.3605ms
2026-03-06 17:10:23.298 +05:30 [INF] Executed endpoint 'BubbleApp.Api.Controllers.TodosController.Get (BubbleApp.Api)'
2026-03-06 17:10:23.298 +05:30 [INF] HTTP GET /api/todos responded 401 in 7.4150 ms
2026-03-06 17:10:23.300 +05:30 [INF] Request finished HTTP/1.1 GET http://localhost:5013/api/todos?workspace=default&key=&userId=4 - 401 null application/json; charset=utf-8 12.1886ms
2026-03-06 17:10:28.299 +05:30 [INF] Request starting HTTP/1.1 OPTIONS http://localhost:5013/api/todos - null null
2026-03-06 17:10:28.302 +05:30 [INF] CORS policy execution successful.
2026-03-06 17:10:28.303 +05:30 [INF] HTTP OPTIONS /api/todos responded 204 in 1.1922 ms
2026-03-06 17:10:28.311 +05:30 [INF] Request finished HTTP/1.1 OPTIONS http://localhost:5013/api/todos - 204 null null 11.6748ms
2026-03-06 17:10:28.315 +05:30 [INF] Request starting HTTP/1.1 POST http://localhost:5013/api/todos - application/json 93
2026-03-06 17:10:28.318 +05:30 [INF] CORS policy execution successful.
2026-03-06 17:10:28.320 +05:30 [INF] Executing endpoint 'BubbleApp.Api.Controllers.TodosController.Create (BubbleApp.Api)'
2026-03-06 17:10:28.321 +05:30 [INF] Route matched with {action = "Create", controller = "Todos"}. Executing controller action with signature System.Threading.Tasks.Task`1[Microsoft.AspNetCore.Mvc.IActionResult] Create(CreateTodoDto, System.Threading.CancellationToken) on controller BubbleApp.Api.Controllers.TodosController (BubbleApp.Api).
2026-03-06 17:10:28.336 +05:30 [INF] Executing ObjectResult, writing value of type '<>f__AnonymousType1`1[[System.String, System.Private.CoreLib, Version=9.0.0.0, Culture=neutral, PublicKeyToken=7cec85d7bea7798e]]'.
2026-03-06 17:10:28.338 +05:30 [INF] Executed action BubbleApp.Api.Controllers.TodosController.Create (BubbleApp.Api) in 14.2763ms
2026-03-06 17:10:28.340 +05:30 [INF] Executed endpoint 'BubbleApp.Api.Controllers.TodosController.Create (BubbleApp.Api)'
2026-03-06 17:10:28.341 +05:30 [INF] HTTP POST /api/todos responded 401 in 22.3174 ms
2026-03-06 17:10:28.343 +05:30 [INF] Request finished HTTP/1.1 POST http://localhost:5013/api/todos - 401 null application/json; charset=utf-8 27.4128ms
2026-03-06 17:10:31.206 +05:30 [INF] Executing StatusCodeResult, setting HTTP status code 204
2026-03-06 17:10:31.207 +05:30 [INF] Executed action BubbleApp.Api.Controllers.WidgetConfigController.Long (BubbleApp.Api) in 25016.4473ms
2026-03-06 17:10:31.209 +05:30 [INF] Executed endpoint 'BubbleApp.Api.Controllers.WidgetConfigController.Long (BubbleApp.Api)'
2026-03-06 17:10:31.210 +05:30 [INF] HTTP GET /api/widget/config/long responded 204 in 25022.4366 ms
2026-03-06 17:10:31.211 +05:30 [INF] Request finished HTTP/1.1 GET http://localhost:5013/api/widget/config/long?workspace=sample&key=I3UPoNYawpezx-OhSr2hs0DppN8hwow7MpnppypPP-c&since=0 - 204 null null 25025.877ms
2026-03-06 17:10:31.214 +05:30 [INF] Request starting HTTP/1.1 GET http://localhost:5013/api/widget/config/long?workspace=sample&key=I3UPoNYawpezx-OhSr2hs0DppN8hwow7MpnppypPP-c&since=0 - null null
2026-03-06 17:10:31.216 +05:30 [INF] CORS policy execution successful.
2026-03-06 17:10:31.217 +05:30 [INF] Executing endpoint 'BubbleApp.Api.Controllers.WidgetConfigController.Long (BubbleApp.Api)'
2026-03-06 17:10:31.218 +05:30 [INF] Route matched with {action = "Long", controller = "WidgetConfig"}. Executing controller action with signature System.Threading.Tasks.Task`1[Microsoft.AspNetCore.Mvc.IActionResult] Long(System.String, Int64, System.Threading.CancellationToken) on controller BubbleApp.Api.Controllers.WidgetConfigController (BubbleApp.Api).
2026-03-06 17:10:42.499 +05:30 [INF] Application is shutting down...
2026-03-06 17:10:44.968 +05:30 [INF] Executing StatusCodeResult, setting HTTP status code 204
2026-03-06 17:10:44.969 +05:30 [INF] Executed action BubbleApp.Api.Controllers.WidgetConfigController.Long (BubbleApp.Api) in 25017.544ms
2026-03-06 17:10:44.971 +05:30 [INF] Executed endpoint 'BubbleApp.Api.Controllers.WidgetConfigController.Long (BubbleApp.Api)'
2026-03-06 17:10:44.972 +05:30 [INF] HTTP GET /api/widget/config/long responded 204 in 25023.7202 ms
2026-03-06 17:10:44.984 +05:30 [INF] Request finished HTTP/1.1 GET http://localhost:5013/api/widget/config/long?workspace=sample&key=I3UPoNYawpezx-OhSr2hs0DppN8hwow7MpnppypPP-c&since=0 - 204 null null 25038.0669ms
2026-03-06 17:10:56.237 +05:30 [INF] Executing StatusCodeResult, setting HTTP status code 204
2026-03-06 17:10:56.240 +05:30 [INF] Executed action BubbleApp.Api.Controllers.WidgetConfigController.Long (BubbleApp.Api) in 25020.9247ms
2026-03-06 17:10:56.242 +05:30 [INF] Executed endpoint 'BubbleApp.Api.Controllers.WidgetConfigController.Long (BubbleApp.Api)'
2026-03-06 17:10:56.244 +05:30 [INF] HTTP GET /api/widget/config/long responded 204 in 25027.4682 ms
2026-03-06 17:10:56.246 +05:30 [INF] Request finished HTTP/1.1 GET http://localhost:5013/api/widget/config/long?workspace=sample&key=I3UPoNYawpezx-OhSr2hs0DppN8hwow7MpnppypPP-c&since=0 - 204 null null 25031.8476ms
2026-03-06 17:11:08.207 +05:30 [INF] User profile is available. Using 'C:\Users\vishweshwaran.e\AppData\Local\ASP.NET\DataProtection-Keys' as key repository and Windows DPAPI to encrypt keys at rest.
2026-03-06 17:11:08.391 +05:30 [INF] Now listening on: http://localhost:5013
2026-03-06 17:11:08.394 +05:30 [INF] Application started. Press Ctrl+C to shut down.
2026-03-06 17:11:08.394 +05:30 [INF] Hosting environment: Development
2026-03-06 17:11:08.395 +05:30 [INF] Content root path: D:\FB\MVC\src\BubbleApp.Api
2026-03-06 17:11:08.597 +05:30 [INF] Request starting HTTP/1.1 GET http://localhost:5013/api/widget/config/long?workspace=sample&key=I3UPoNYawpezx-OhSr2hs0DppN8hwow7MpnppypPP-c&since=0 - null null
2026-03-06 17:11:08.597 +05:30 [INF] Request starting HTTP/1.1 GET http://localhost:5013/api/widget/config/long?workspace=sample&key=I3UPoNYawpezx-OhSr2hs0DppN8hwow7MpnppypPP-c&since=0 - null null
2026-03-06 17:11:08.619 +05:30 [INF] CORS policy execution successful.
2026-03-06 17:11:08.619 +05:30 [INF] CORS policy execution successful.
2026-03-06 17:11:08.655 +05:30 [INF] Executing endpoint 'BubbleApp.Api.Controllers.WidgetConfigController.Long (BubbleApp.Api)'
2026-03-06 17:11:08.655 +05:30 [INF] Executing endpoint 'BubbleApp.Api.Controllers.WidgetConfigController.Long (BubbleApp.Api)'
2026-03-06 17:11:08.912 +05:30 [INF] Route matched with {action = "Long", controller = "WidgetConfig"}. Executing controller action with signature System.Threading.Tasks.Task`1[Microsoft.AspNetCore.Mvc.IActionResult] Long(System.String, Int64, System.Threading.CancellationToken) on controller BubbleApp.Api.Controllers.WidgetConfigController (BubbleApp.Api).
2026-03-06 17:11:08.912 +05:30 [INF] Route matched with {action = "Long", controller = "WidgetConfig"}. Executing controller action with signature System.Threading.Tasks.Task`1[Microsoft.AspNetCore.Mvc.IActionResult] Long(System.String, Int64, System.Threading.CancellationToken) on controller BubbleApp.Api.Controllers.WidgetConfigController (BubbleApp.Api).
2026-03-06 17:11:09.531 +05:30 [INF] Request starting HTTP/1.1 GET http://localhost:5013/api/widget/config/long?workspace=sample&key=I3UPoNYawpezx-OhSr2hs0DppN8hwow7MpnppypPP-c&since=0 - null null
2026-03-06 17:11:09.537 +05:30 [INF] CORS policy execution successful.
2026-03-06 17:11:09.540 +05:30 [INF] Executing endpoint 'BubbleApp.Api.Controllers.WidgetConfigController.Long (BubbleApp.Api)'
2026-03-06 17:11:09.542 +05:30 [INF] Route matched with {action = "Long", controller = "WidgetConfig"}. Executing controller action with signature System.Threading.Tasks.Task`1[Microsoft.AspNetCore.Mvc.IActionResult] Long(System.String, Int64, System.Threading.CancellationToken) on controller BubbleApp.Api.Controllers.WidgetConfigController (BubbleApp.Api).
2026-03-06 17:11:15.188 +05:30 [INF] Executed action BubbleApp.Api.Controllers.WidgetConfigController.Long (BubbleApp.Api) in 6269.1124ms
2026-03-06 17:11:15.208 +05:30 [INF] Executed endpoint 'BubbleApp.Api.Controllers.WidgetConfigController.Long (BubbleApp.Api)'
2026-03-06 17:11:15.218 +05:30 [ERR] HTTP GET /api/widget/config/long responded 500 in 6600.7276 ms
System.OperationCanceledException: The operation was canceled.
   at System.Threading.CancellationToken.ThrowOperationCanceledException()
   at System.Threading.CancellationToken.ThrowIfCancellationRequested()
   at MongoDB.Driver.OperationContext.ThrowIfTimedOutOrCanceled()
   at MongoDB.Driver.Core.Operations.RetryableReadContext.AcquireOrReplaceChannelAsync(OperationContext operationContext, IReadOnlyCollection`1 deprioritizedServers)
   at MongoDB.Driver.Core.Operations.RetryableReadContext.CreateAsync(OperationContext operationContext, IReadBinding binding, Boolean retryRequested)
   at MongoDB.Driver.Core.Operations.FindOperation`1.ExecuteAsync(OperationContext operationContext, IReadBinding binding)
   at MongoDB.Driver.OperationExecutor.ExecuteReadOperationAsync[TResult](OperationContext operationContext, IClientSessionHandle session, IReadOperation`1 operation, ReadPreference readPreference, Boolean allowChannelPinning)
   at MongoDB.Driver.MongoCollectionImpl`1.ExecuteReadOperationAsync[TResult](IClientSessionHandle session, IReadOperation`1 operation, ReadPreference explicitReadPreference, Nullable`1 timeout, CancellationToken cancellationToken)
   at MongoDB.Driver.MongoCollectionImpl`1.FindAsync[TProjection](FilterDefinition`1 filter, FindOptions`2 options, CancellationToken cancellationToken)
   at MongoDB.Driver.IAsyncCursorSourceExtensions.FirstOrDefaultAsync[TDocument](IAsyncCursorSource`1 source, CancellationToken cancellationToken)
   at BubbleApp.Api.Controllers.WidgetConfigController.Long(String workspace, Int64 since, CancellationToken ct) in D:\FB\MVC\src\BubbleApp.Api\Controllers\WidgetConfigController.cs:line 45
   at Microsoft.AspNetCore.Mvc.Infrastructure.ActionMethodExecutor.TaskOfIActionResultExecutor.Execute(ActionContext actionContext, IActionResultTypeMapper mapper, ObjectMethodExecutor executor, Object controller, Object[] arguments)
   at Microsoft.AspNetCore.Mvc.Infrastructure.ControllerActionInvoker.<InvokeActionMethodAsync>g__Awaited|12_0(ControllerActionInvoker invoker, ValueTask`1 actionResultValueTask)
   at Microsoft.AspNetCore.Mvc.Infrastructure.ControllerActionInvoker.<InvokeNextActionFilterAsync>g__Awaited|10_0(ControllerActionInvoker invoker, Task lastTask, State next, Scope scope, Object state, Boolean isCompleted)
   at Microsoft.AspNetCore.Mvc.Infrastructure.ControllerActionInvoker.Rethrow(ActionExecutedContextSealed context)
   at Microsoft.AspNetCore.Mvc.Infrastructure.ControllerActionInvoker.Next(State& next, Scope& scope, Object& state, Boolean& isCompleted)
   at Microsoft.AspNetCore.Mvc.Infrastructure.ControllerActionInvoker.<InvokeInnerFilterAsync>g__Awaited|13_0(ControllerActionInvoker invoker, Task lastTask, State next, Scope scope, Object state, Boolean isCompleted)
   at Microsoft.AspNetCore.Mvc.Infrastructure.ResourceInvoker.<InvokeFilterPipelineAsync>g__Awaited|20_0(ResourceInvoker invoker, Task lastTask, State next, Scope scope, Object state, Boolean isCompleted)
   at Microsoft.AspNetCore.Mvc.Infrastructure.ResourceInvoker.<InvokeAsync>g__Logged|17_1(ResourceInvoker invoker)
   at Microsoft.AspNetCore.Mvc.Infrastructure.ResourceInvoker.<InvokeAsync>g__Logged|17_1(ResourceInvoker invoker)
   at Microsoft.AspNetCore.Routing.EndpointMiddleware.<Invoke>g__AwaitRequestTask|7_0(Endpoint endpoint, Task requestTask, ILogger logger)
   at Swashbuckle.AspNetCore.SwaggerUI.SwaggerUIMiddleware.Invoke(HttpContext httpContext)
   at Microsoft.AspNetCore.Authorization.AuthorizationMiddleware.Invoke(HttpContext context)
   at Microsoft.AspNetCore.Authentication.AuthenticationMiddleware.Invoke(HttpContext context)
   at Serilog.AspNetCore.RequestLoggingMiddleware.Invoke(HttpContext httpContext)
2026-03-06 17:11:15.264 +05:30 [INF] Request finished HTTP/1.1 GET http://localhost:5013/api/widget/config/long?workspace=sample&key=I3UPoNYawpezx-OhSr2hs0DppN8hwow7MpnppypPP-c&since=0 - 499 null null 6667.9096ms
2026-03-06 17:11:15.301 +05:30 [INF] Request starting HTTP/1.1 GET http://localhost:5013/api/reminders?workspace=sample&key=I3UPoNYawpezx-OhSr2hs0DppN8hwow7MpnppypPP-c&userId=4 - null null
2026-03-06 17:11:15.301 +05:30 [INF] Request starting HTTP/1.1 GET http://localhost:5013/api/widget/config?workspace=sample&key=I3UPoNYawpezx-OhSr2hs0DppN8hwow7MpnppypPP-c - null null
2026-03-06 17:11:15.308 +05:30 [INF] CORS policy execution successful.
2026-03-06 17:11:15.314 +05:30 [INF] CORS policy execution successful.
2026-03-06 17:11:15.318 +05:30 [INF] Executing endpoint 'BubbleApp.Api.Controllers.RemindersController.Get (BubbleApp.Api)'
2026-03-06 17:11:15.322 +05:30 [INF] Executing endpoint 'BubbleApp.Api.Controllers.WidgetConfigController.Get (BubbleApp.Api)'
2026-03-06 17:11:15.349 +05:30 [INF] Route matched with {action = "Get", controller = "Reminders"}. Executing controller action with signature System.Threading.Tasks.Task`1[Microsoft.AspNetCore.Mvc.IActionResult] Get(System.String, System.String, System.Threading.CancellationToken) on controller BubbleApp.Api.Controllers.RemindersController (BubbleApp.Api).
2026-03-06 17:11:15.352 +05:30 [INF] Route matched with {action = "Get", controller = "WidgetConfig"}. Executing controller action with signature System.Threading.Tasks.Task`1[Microsoft.AspNetCore.Mvc.IActionResult] Get(System.String, System.Threading.CancellationToken) on controller BubbleApp.Api.Controllers.WidgetConfigController (BubbleApp.Api).
2026-03-06 17:11:15.450 +05:30 [INF] Executing OkObjectResult, writing value of type '<>f__AnonymousType2`3[[System.String, System.Private.CoreLib, Version=9.0.0.0, Culture=neutral, PublicKeyToken=7cec85d7bea7798e],[System.String, System.Private.CoreLib, Version=9.0.0.0, Culture=neutral, PublicKeyToken=7cec85d7bea7798e],[System.Int64, System.Private.CoreLib, Version=9.0.0.0, Culture=neutral, PublicKeyToken=7cec85d7bea7798e]]'.
2026-03-06 17:11:15.493 +05:30 [INF] Executing OkObjectResult, writing value of type 'System.Collections.Generic.List`1[[BubbleApp.Common.ViewModels.Reminder.ReminderDto, BubbleApp.Common, Version=1.0.0.0, Culture=neutral, PublicKeyToken=null]]'.
2026-03-06 17:11:15.659 +05:30 [INF] Executed action BubbleApp.Api.Controllers.RemindersController.Get (BubbleApp.Api) in 288.7144ms
2026-03-06 17:11:15.696 +05:30 [INF] Executed action BubbleApp.Api.Controllers.WidgetConfigController.Get (BubbleApp.Api) in 320.4354ms
2026-03-06 17:11:15.718 +05:30 [INF] Executed endpoint 'BubbleApp.Api.Controllers.RemindersController.Get (BubbleApp.Api)'
2026-03-06 17:11:15.719 +05:30 [INF] Executed endpoint 'BubbleApp.Api.Controllers.WidgetConfigController.Get (BubbleApp.Api)'
2026-03-06 17:11:15.722 +05:30 [INF] HTTP GET /api/reminders responded 200 in 413.8072 ms
2026-03-06 17:11:15.733 +05:30 [INF] HTTP GET /api/widget/config responded 200 in 419.9534 ms
2026-03-06 17:11:15.768 +05:30 [INF] Request finished HTTP/1.1 GET http://localhost:5013/api/reminders?workspace=sample&key=I3UPoNYawpezx-OhSr2hs0DppN8hwow7MpnppypPP-c&userId=4 - 200 null application/json; charset=utf-8 467.2006ms
2026-03-06 17:11:15.773 +05:30 [INF] Request finished HTTP/1.1 GET http://localhost:5013/api/widget/config?workspace=sample&key=I3UPoNYawpezx-OhSr2hs0DppN8hwow7MpnppypPP-c - 200 null application/json; charset=utf-8 471.5118ms
2026-03-06 17:11:15.814 +05:30 [INF] Request starting HTTP/1.1 GET http://localhost:5013/api/widget/config/long?workspace=sample&key=I3UPoNYawpezx-OhSr2hs0DppN8hwow7MpnppypPP-c&since=0 - null null
2026-03-06 17:11:15.930 +05:30 [INF] CORS policy execution successful.
2026-03-06 17:11:15.966 +05:30 [INF] Executing endpoint 'BubbleApp.Api.Controllers.WidgetConfigController.Long (BubbleApp.Api)'
2026-03-06 17:11:15.968 +05:30 [INF] Route matched with {action = "Long", controller = "WidgetConfig"}. Executing controller action with signature System.Threading.Tasks.Task`1[Microsoft.AspNetCore.Mvc.IActionResult] Long(System.String, Int64, System.Threading.CancellationToken) on controller BubbleApp.Api.Controllers.WidgetConfigController (BubbleApp.Api).
2026-03-06 17:11:19.729 +05:30 [INF] Request starting HTTP/1.1 GET http://localhost:5013/api/notes?workspace=sample&key=I3UPoNYawpezx-OhSr2hs0DppN8hwow7MpnppypPP-c&userId=4 - null null
2026-03-06 17:11:19.737 +05:30 [INF] CORS policy execution successful.
2026-03-06 17:11:19.739 +05:30 [INF] Executing endpoint 'BubbleApp.Api.Controllers.NotesController.Get (BubbleApp.Api)'
2026-03-06 17:11:19.750 +05:30 [INF] Route matched with {action = "Get", controller = "Notes"}. Executing controller action with signature System.Threading.Tasks.Task`1[Microsoft.AspNetCore.Mvc.IActionResult] Get(System.String, System.String, System.Threading.CancellationToken) on controller BubbleApp.Api.Controllers.NotesController (BubbleApp.Api).
2026-03-06 17:11:19.770 +05:30 [INF] Executing OkObjectResult, writing value of type 'System.Collections.Generic.List`1[[BubbleApp.Common.ViewModels.Notes.NoteDto, BubbleApp.Common, Version=1.0.0.0, Culture=neutral, PublicKeyToken=null]]'.
2026-03-06 17:11:19.778 +05:30 [INF] Executed action BubbleApp.Api.Controllers.NotesController.Get (BubbleApp.Api) in 24.2643ms
2026-03-06 17:11:19.781 +05:30 [INF] Executed endpoint 'BubbleApp.Api.Controllers.NotesController.Get (BubbleApp.Api)'
2026-03-06 17:11:19.782 +05:30 [INF] HTTP GET /api/notes responded 200 in 46.1332 ms
2026-03-06 17:11:19.786 +05:30 [INF] Request finished HTTP/1.1 GET http://localhost:5013/api/notes?workspace=sample&key=I3UPoNYawpezx-OhSr2hs0DppN8hwow7MpnppypPP-c&userId=4 - 200 null application/json; charset=utf-8 56.8465ms
2026-03-06 17:11:25.094 +05:30 [INF] Application is shutting down...
2026-03-06 17:11:34.062 +05:30 [INF] Executing StatusCodeResult, setting HTTP status code 204
2026-03-06 17:11:34.064 +05:30 [INF] Executed action BubbleApp.Api.Controllers.WidgetConfigController.Long (BubbleApp.Api) in 25147.9721ms
2026-03-06 17:11:34.066 +05:30 [INF] Executed endpoint 'BubbleApp.Api.Controllers.WidgetConfigController.Long (BubbleApp.Api)'
2026-03-06 17:11:34.067 +05:30 [INF] HTTP GET /api/widget/config/long responded 204 in 25451.4848 ms
2026-03-06 17:11:34.069 +05:30 [INF] Request finished HTTP/1.1 GET http://localhost:5013/api/widget/config/long?workspace=sample&key=I3UPoNYawpezx-OhSr2hs0DppN8hwow7MpnppypPP-c&since=0 - 204 null null 25473.839ms
2026-03-06 17:11:34.553 +05:30 [INF] Executing StatusCodeResult, setting HTTP status code 204
2026-03-06 17:11:34.554 +05:30 [INF] Executed action BubbleApp.Api.Controllers.WidgetConfigController.Long (BubbleApp.Api) in 25010.2688ms
2026-03-06 17:11:34.556 +05:30 [INF] Executed endpoint 'BubbleApp.Api.Controllers.WidgetConfigController.Long (BubbleApp.Api)'
2026-03-06 17:11:34.557 +05:30 [INF] HTTP GET /api/widget/config/long responded 204 in 25020.0346 ms
2026-03-06 17:11:34.558 +05:30 [INF] Request finished HTTP/1.1 GET http://localhost:5013/api/widget/config/long?workspace=sample&key=I3UPoNYawpezx-OhSr2hs0DppN8hwow7MpnppypPP-c&since=0 - 204 null null 25027.3319ms
2026-03-06 17:11:41.031 +05:30 [INF] Executing StatusCodeResult, setting HTTP status code 204
2026-03-06 17:11:41.033 +05:30 [INF] Executed action BubbleApp.Api.Controllers.WidgetConfigController.Long (BubbleApp.Api) in 25032.0032ms
2026-03-06 17:11:41.034 +05:30 [INF] Executed endpoint 'BubbleApp.Api.Controllers.WidgetConfigController.Long (BubbleApp.Api)'
2026-03-06 17:11:41.035 +05:30 [INF] HTTP GET /api/widget/config/long responded 204 in 25105.3955 ms
2026-03-06 17:11:41.037 +05:30 [INF] Request finished HTTP/1.1 GET http://localhost:5013/api/widget/config/long?workspace=sample&key=I3UPoNYawpezx-OhSr2hs0DppN8hwow7MpnppypPP-c&since=0 - 204 null null 25223.0312ms
2026-03-06 17:14:40.806 +05:30 [INF] User profile is available. Using 'C:\Users\vishweshwaran.e\AppData\Local\ASP.NET\DataProtection-Keys' as key repository and Windows DPAPI to encrypt keys at rest.
2026-03-06 17:14:41.010 +05:30 [INF] Now listening on: http://localhost:5013
2026-03-06 17:14:41.013 +05:30 [INF] Application started. Press Ctrl+C to shut down.
2026-03-06 17:14:41.015 +05:30 [INF] Hosting environment: Development
2026-03-06 17:14:41.016 +05:30 [INF] Content root path: D:\FB\MVC\src\BubbleApp.Api
2026-03-06 17:14:41.085 +05:30 [INF] Request starting HTTP/1.1 GET http://localhost:5013/api/widget/config/long?workspace=sample&key=I3UPoNYawpezx-OhSr2hs0DppN8hwow7MpnppypPP-c&since=0 - null null
2026-03-06 17:14:41.115 +05:30 [INF] CORS policy execution successful.
2026-03-06 17:14:41.158 +05:30 [INF] Executing endpoint 'BubbleApp.Api.Controllers.WidgetConfigController.Long (BubbleApp.Api)'
2026-03-06 17:14:41.424 +05:30 [INF] Route matched with {action = "Long", controller = "WidgetConfig"}. Executing controller action with signature System.Threading.Tasks.Task`1[Microsoft.AspNetCore.Mvc.IActionResult] Long(System.String, Int64, System.Threading.CancellationToken) on controller BubbleApp.Api.Controllers.WidgetConfigController (BubbleApp.Api).
2026-03-06 17:14:42.556 +05:30 [INF] Request starting HTTP/1.1 GET http://localhost:5013/api/widget/config/long?workspace=sample&key=I3UPoNYawpezx-OhSr2hs0DppN8hwow7MpnppypPP-c&since=0 - null null
2026-03-06 17:14:42.556 +05:30 [INF] Request starting HTTP/1.1 GET http://localhost:5013/api/widget/config/long?workspace=sample&key=I3UPoNYawpezx-OhSr2hs0DppN8hwow7MpnppypPP-c&since=0 - null null
2026-03-06 17:14:42.556 +05:30 [INF] Request starting HTTP/1.1 GET http://localhost:5013/api/reminders?workspace=sample&key=I3UPoNYawpezx-OhSr2hs0DppN8hwow7MpnppypPP-c&userId=4 - null null
2026-03-06 17:14:42.568 +05:30 [INF] CORS policy execution successful.
2026-03-06 17:14:42.570 +05:30 [INF] CORS policy execution successful.
2026-03-06 17:14:42.573 +05:30 [INF] CORS policy execution successful.
2026-03-06 17:14:42.576 +05:30 [INF] Executing endpoint 'BubbleApp.Api.Controllers.WidgetConfigController.Long (BubbleApp.Api)'
2026-03-06 17:14:42.578 +05:30 [INF] Executing endpoint 'BubbleApp.Api.Controllers.WidgetConfigController.Long (BubbleApp.Api)'
2026-03-06 17:14:42.578 +05:30 [INF] Executing endpoint 'BubbleApp.Api.Controllers.RemindersController.Get (BubbleApp.Api)'
2026-03-06 17:14:42.580 +05:30 [INF] Route matched with {action = "Long", controller = "WidgetConfig"}. Executing controller action with signature System.Threading.Tasks.Task`1[Microsoft.AspNetCore.Mvc.IActionResult] Long(System.String, Int64, System.Threading.CancellationToken) on controller BubbleApp.Api.Controllers.WidgetConfigController (BubbleApp.Api).
2026-03-06 17:14:42.582 +05:30 [INF] Route matched with {action = "Long", controller = "WidgetConfig"}. Executing controller action with signature System.Threading.Tasks.Task`1[Microsoft.AspNetCore.Mvc.IActionResult] Long(System.String, Int64, System.Threading.CancellationToken) on controller BubbleApp.Api.Controllers.WidgetConfigController (BubbleApp.Api).
2026-03-06 17:14:42.589 +05:30 [INF] Route matched with {action = "Get", controller = "Reminders"}. Executing controller action with signature System.Threading.Tasks.Task`1[Microsoft.AspNetCore.Mvc.IActionResult] Get(System.String, System.String, System.Threading.CancellationToken) on controller BubbleApp.Api.Controllers.RemindersController (BubbleApp.Api).
2026-03-06 17:14:42.662 +05:30 [INF] Executing OkObjectResult, writing value of type 'System.Collections.Generic.List`1[[BubbleApp.Common.ViewModels.Reminder.ReminderDto, BubbleApp.Common, Version=1.0.0.0, Culture=neutral, PublicKeyToken=null]]'.
2026-03-06 17:14:42.709 +05:30 [INF] Executed action BubbleApp.Api.Controllers.RemindersController.Get (BubbleApp.Api) in 111.5201ms
2026-03-06 17:14:42.723 +05:30 [INF] Executed endpoint 'BubbleApp.Api.Controllers.RemindersController.Get (BubbleApp.Api)'
2026-03-06 17:14:42.727 +05:30 [INF] HTTP GET /api/reminders responded 200 in 152.1882 ms
2026-03-06 17:14:42.731 +05:30 [INF] Request finished HTTP/1.1 GET http://localhost:5013/api/reminders?workspace=sample&key=I3UPoNYawpezx-OhSr2hs0DppN8hwow7MpnppypPP-c&userId=4 - 200 null application/json; charset=utf-8 175.4302ms
2026-03-06 17:15:06.534 +05:30 [INF] Executing StatusCodeResult, setting HTTP status code 204
2026-03-06 17:15:06.536 +05:30 [INF] Executed action BubbleApp.Api.Controllers.WidgetConfigController.Long (BubbleApp.Api) in 25108.4401ms
2026-03-06 17:15:06.538 +05:30 [INF] Executed endpoint 'BubbleApp.Api.Controllers.WidgetConfigController.Long (BubbleApp.Api)'
2026-03-06 17:15:06.539 +05:30 [INF] HTTP GET /api/widget/config/long responded 204 in 25429.6340 ms
2026-03-06 17:15:06.541 +05:30 [INF] Request finished HTTP/1.1 GET http://localhost:5013/api/widget/config/long?workspace=sample&key=I3UPoNYawpezx-OhSr2hs0DppN8hwow7MpnppypPP-c&since=0 - 204 null null 25457.1847ms
2026-03-06 17:15:06.545 +05:30 [INF] Request starting HTTP/1.1 GET http://localhost:5013/api/widget/config/long?workspace=sample&key=I3UPoNYawpezx-OhSr2hs0DppN8hwow7MpnppypPP-c&since=0 - null null
2026-03-06 17:15:06.548 +05:30 [INF] CORS policy execution successful.
2026-03-06 17:15:06.552 +05:30 [INF] Executing endpoint 'BubbleApp.Api.Controllers.WidgetConfigController.Long (BubbleApp.Api)'
2026-03-06 17:15:06.554 +05:30 [INF] Route matched with {action = "Long", controller = "WidgetConfig"}. Executing controller action with signature System.Threading.Tasks.Task`1[Microsoft.AspNetCore.Mvc.IActionResult] Long(System.String, Int64, System.Threading.CancellationToken) on controller BubbleApp.Api.Controllers.WidgetConfigController (BubbleApp.Api).
2026-03-06 17:15:07.615 +05:30 [INF] Executing StatusCodeResult, setting HTTP status code 204
2026-03-06 17:15:07.617 +05:30 [INF] Executed action BubbleApp.Api.Controllers.WidgetConfigController.Long (BubbleApp.Api) in 25030.0832ms
2026-03-06 17:15:07.618 +05:30 [INF] Executed endpoint 'BubbleApp.Api.Controllers.WidgetConfigController.Long (BubbleApp.Api)'
2026-03-06 17:15:07.620 +05:30 [INF] HTTP GET /api/widget/config/long responded 204 in 25053.5567 ms
2026-03-06 17:15:07.621 +05:30 [INF] Request finished HTTP/1.1 GET http://localhost:5013/api/widget/config/long?workspace=sample&key=I3UPoNYawpezx-OhSr2hs0DppN8hwow7MpnppypPP-c&since=0 - 204 null null 25066.0295ms
2026-03-06 17:15:07.625 +05:30 [INF] Request starting HTTP/1.1 GET http://localhost:5013/api/widget/config/long?workspace=sample&key=I3UPoNYawpezx-OhSr2hs0DppN8hwow7MpnppypPP-c&since=0 - null null
2026-03-06 17:15:07.628 +05:30 [INF] CORS policy execution successful.
2026-03-06 17:15:07.630 +05:30 [INF] Executing endpoint 'BubbleApp.Api.Controllers.WidgetConfigController.Long (BubbleApp.Api)'
2026-03-06 17:15:07.631 +05:30 [INF] Route matched with {action = "Long", controller = "WidgetConfig"}. Executing controller action with signature System.Threading.Tasks.Task`1[Microsoft.AspNetCore.Mvc.IActionResult] Long(System.String, Int64, System.Threading.CancellationToken) on controller BubbleApp.Api.Controllers.WidgetConfigController (BubbleApp.Api).
2026-03-06 17:15:07.647 +05:30 [INF] Executing StatusCodeResult, setting HTTP status code 204
2026-03-06 17:15:07.649 +05:30 [INF] Executed action BubbleApp.Api.Controllers.WidgetConfigController.Long (BubbleApp.Api) in 25058.3306ms
2026-03-06 17:15:07.651 +05:30 [INF] Executed endpoint 'BubbleApp.Api.Controllers.WidgetConfigController.Long (BubbleApp.Api)'
2026-03-06 17:15:07.652 +05:30 [INF] HTTP GET /api/widget/config/long responded 204 in 25082.5002 ms
2026-03-06 17:15:07.654 +05:30 [INF] Request finished HTTP/1.1 GET http://localhost:5013/api/widget/config/long?workspace=sample&key=I3UPoNYawpezx-OhSr2hs0DppN8hwow7MpnppypPP-c&since=0 - 204 null null 25098.1421ms
2026-03-06 17:15:07.658 +05:30 [INF] Request starting HTTP/1.1 GET http://localhost:5013/api/widget/config/long?workspace=sample&key=I3UPoNYawpezx-OhSr2hs0DppN8hwow7MpnppypPP-c&since=0 - null null
2026-03-06 17:15:07.662 +05:30 [INF] CORS policy execution successful.
2026-03-06 17:15:07.663 +05:30 [INF] Executing endpoint 'BubbleApp.Api.Controllers.WidgetConfigController.Long (BubbleApp.Api)'
2026-03-06 17:15:07.665 +05:30 [INF] Route matched with {action = "Long", controller = "WidgetConfig"}. Executing controller action with signature System.Threading.Tasks.Task`1[Microsoft.AspNetCore.Mvc.IActionResult] Long(System.String, Int64, System.Threading.CancellationToken) on controller BubbleApp.Api.Controllers.WidgetConfigController (BubbleApp.Api).
2026-03-06 17:15:15.531 +05:30 [INF] Request starting HTTP/1.1 GET http://localhost:5013/api/reminders?workspace=sample&key=I3UPoNYawpezx-OhSr2hs0DppN8hwow7MpnppypPP-c&userId=4 - null null
2026-03-06 17:15:15.535 +05:30 [INF] CORS policy execution successful.
2026-03-06 17:15:15.536 +05:30 [INF] Executing endpoint 'BubbleApp.Api.Controllers.RemindersController.Get (BubbleApp.Api)'
2026-03-06 17:15:15.538 +05:30 [INF] Route matched with {action = "Get", controller = "Reminders"}. Executing controller action with signature System.Threading.Tasks.Task`1[Microsoft.AspNetCore.Mvc.IActionResult] Get(System.String, System.String, System.Threading.CancellationToken) on controller BubbleApp.Api.Controllers.RemindersController (BubbleApp.Api).
2026-03-06 17:15:15.543 +05:30 [INF] Executing OkObjectResult, writing value of type 'System.Collections.Generic.List`1[[BubbleApp.Common.ViewModels.Reminder.ReminderDto, BubbleApp.Common, Version=1.0.0.0, Culture=neutral, PublicKeyToken=null]]'.
2026-03-06 17:15:15.546 +05:30 [INF] Executed action BubbleApp.Api.Controllers.RemindersController.Get (BubbleApp.Api) in 6.3089ms
2026-03-06 17:15:15.548 +05:30 [INF] Executed endpoint 'BubbleApp.Api.Controllers.RemindersController.Get (BubbleApp.Api)'
2026-03-06 17:15:15.550 +05:30 [INF] HTTP GET /api/reminders responded 200 in 14.5490 ms
2026-03-06 17:15:15.553 +05:30 [INF] Request finished HTTP/1.1 GET http://localhost:5013/api/reminders?workspace=sample&key=I3UPoNYawpezx-OhSr2hs0DppN8hwow7MpnppypPP-c&userId=4 - 200 null application/json; charset=utf-8 21.1203ms
2026-03-06 17:15:31.569 +05:30 [INF] Executing StatusCodeResult, setting HTTP status code 204
2026-03-06 17:15:31.572 +05:30 [INF] Executed action BubbleApp.Api.Controllers.WidgetConfigController.Long (BubbleApp.Api) in 25014.5604ms
2026-03-06 17:15:31.573 +05:30 [INF] Executed endpoint 'BubbleApp.Api.Controllers.WidgetConfigController.Long (BubbleApp.Api)'
2026-03-06 17:15:31.575 +05:30 [INF] HTTP GET /api/widget/config/long responded 204 in 25026.7407 ms
2026-03-06 17:15:31.577 +05:30 [INF] Request finished HTTP/1.1 GET http://localhost:5013/api/widget/config/long?workspace=sample&key=I3UPoNYawpezx-OhSr2hs0DppN8hwow7MpnppypPP-c&since=0 - 204 null null 25032.5145ms
2026-03-06 17:15:31.582 +05:30 [INF] Request starting HTTP/1.1 GET http://localhost:5013/api/widget/config/long?workspace=sample&key=I3UPoNYawpezx-OhSr2hs0DppN8hwow7MpnppypPP-c&since=0 - null null
2026-03-06 17:15:31.591 +05:30 [INF] CORS policy execution successful.
2026-03-06 17:15:31.593 +05:30 [INF] Executing endpoint 'BubbleApp.Api.Controllers.WidgetConfigController.Long (BubbleApp.Api)'
2026-03-06 17:15:31.595 +05:30 [INF] Route matched with {action = "Long", controller = "WidgetConfig"}. Executing controller action with signature System.Threading.Tasks.Task`1[Microsoft.AspNetCore.Mvc.IActionResult] Long(System.String, Int64, System.Threading.CancellationToken) on controller BubbleApp.Api.Controllers.WidgetConfigController (BubbleApp.Api).
2026-03-06 17:15:32.052 +05:30 [INF] Request starting HTTP/1.1 GET http://localhost:5013/api/todos?workspace=sample&key=I3UPoNYawpezx-OhSr2hs0DppN8hwow7MpnppypPP-c&userId=4 - null null
2026-03-06 17:15:32.055 +05:30 [INF] CORS policy execution successful.
2026-03-06 17:15:32.056 +05:30 [INF] Executing endpoint 'BubbleApp.Api.Controllers.TodosController.Get (BubbleApp.Api)'
2026-03-06 17:15:32.060 +05:30 [INF] Route matched with {action = "Get", controller = "Todos"}. Executing controller action with signature System.Threading.Tasks.Task`1[Microsoft.AspNetCore.Mvc.IActionResult] Get(System.String, System.String, System.Threading.CancellationToken) on controller BubbleApp.Api.Controllers.TodosController (BubbleApp.Api).
2026-03-06 17:15:32.071 +05:30 [INF] Executing OkObjectResult, writing value of type 'System.Collections.Generic.List`1[[BubbleApp.Common.ViewModels.Todo.TodoDto, BubbleApp.Common, Version=1.0.0.0, Culture=neutral, PublicKeyToken=null]]'.
2026-03-06 17:15:32.074 +05:30 [INF] Executed action BubbleApp.Api.Controllers.TodosController.Get (BubbleApp.Api) in 12.1731ms
2026-03-06 17:15:32.076 +05:30 [INF] Executed endpoint 'BubbleApp.Api.Controllers.TodosController.Get (BubbleApp.Api)'
2026-03-06 17:15:32.077 +05:30 [INF] HTTP GET /api/todos responded 200 in 22.3178 ms
2026-03-06 17:15:32.079 +05:30 [INF] Request finished HTTP/1.1 GET http://localhost:5013/api/todos?workspace=sample&key=I3UPoNYawpezx-OhSr2hs0DppN8hwow7MpnppypPP-c&userId=4 - 200 null application/json; charset=utf-8 26.7352ms
2026-03-06 17:15:32.644 +05:30 [INF] Executing StatusCodeResult, setting HTTP status code 204
2026-03-06 17:15:32.646 +05:30 [INF] Executed action BubbleApp.Api.Controllers.WidgetConfigController.Long (BubbleApp.Api) in 25010.9807ms
2026-03-06 17:15:32.647 +05:30 [INF] Executed endpoint 'BubbleApp.Api.Controllers.WidgetConfigController.Long (BubbleApp.Api)'
2026-03-06 17:15:32.648 +05:30 [INF] HTTP GET /api/widget/config/long responded 204 in 25019.9057 ms
2026-03-06 17:15:32.650 +05:30 [INF] Request finished HTTP/1.1 GET http://localhost:5013/api/widget/config/long?workspace=sample&key=I3UPoNYawpezx-OhSr2hs0DppN8hwow7MpnppypPP-c&since=0 - 204 null null 25024.39ms
2026-03-06 17:15:32.654 +05:30 [INF] Request starting HTTP/1.1 GET http://localhost:5013/api/widget/config/long?workspace=sample&key=I3UPoNYawpezx-OhSr2hs0DppN8hwow7MpnppypPP-c&since=0 - null null
2026-03-06 17:15:32.657 +05:30 [INF] CORS policy execution successful.
2026-03-06 17:15:32.659 +05:30 [INF] Executing endpoint 'BubbleApp.Api.Controllers.WidgetConfigController.Long (BubbleApp.Api)'
2026-03-06 17:15:32.660 +05:30 [INF] Route matched with {action = "Long", controller = "WidgetConfig"}. Executing controller action with signature System.Threading.Tasks.Task`1[Microsoft.AspNetCore.Mvc.IActionResult] Long(System.String, Int64, System.Threading.CancellationToken) on controller BubbleApp.Api.Controllers.WidgetConfigController (BubbleApp.Api).
2026-03-06 17:15:32.673 +05:30 [INF] Executing StatusCodeResult, setting HTTP status code 204
2026-03-06 17:15:32.675 +05:30 [INF] Executed action BubbleApp.Api.Controllers.WidgetConfigController.Long (BubbleApp.Api) in 25007.9515ms
2026-03-06 17:15:32.676 +05:30 [INF] Executed endpoint 'BubbleApp.Api.Controllers.WidgetConfigController.Long (BubbleApp.Api)'
2026-03-06 17:15:32.677 +05:30 [INF] HTTP GET /api/widget/config/long responded 204 in 25015.3981 ms
2026-03-06 17:15:32.680 +05:30 [INF] Request finished HTTP/1.1 GET http://localhost:5013/api/widget/config/long?workspace=sample&key=I3UPoNYawpezx-OhSr2hs0DppN8hwow7MpnppypPP-c&since=0 - 204 null null 25021.4568ms
2026-03-06 17:15:32.683 +05:30 [INF] Request starting HTTP/1.1 GET http://localhost:5013/api/widget/config/long?workspace=sample&key=I3UPoNYawpezx-OhSr2hs0DppN8hwow7MpnppypPP-c&since=0 - null null
2026-03-06 17:15:32.686 +05:30 [INF] CORS policy execution successful.
2026-03-06 17:15:32.687 +05:30 [INF] Executing endpoint 'BubbleApp.Api.Controllers.WidgetConfigController.Long (BubbleApp.Api)'
2026-03-06 17:15:32.688 +05:30 [INF] Route matched with {action = "Long", controller = "WidgetConfig"}. Executing controller action with signature System.Threading.Tasks.Task`1[Microsoft.AspNetCore.Mvc.IActionResult] Long(System.String, Int64, System.Threading.CancellationToken) on controller BubbleApp.Api.Controllers.WidgetConfigController (BubbleApp.Api).
2026-03-06 17:15:33.919 +05:30 [INF] Request starting HTTP/1.1 GET http://localhost:5013/api/general?workspace=sample&key=I3UPoNYawpezx-OhSr2hs0DppN8hwow7MpnppypPP-c - null null
2026-03-06 17:15:33.921 +05:30 [INF] CORS policy execution successful.
2026-03-06 17:15:33.922 +05:30 [INF] Executing endpoint 'BubbleApp.Api.Controllers.GeneralController.Get (BubbleApp.Api)'
2026-03-06 17:15:33.927 +05:30 [INF] Route matched with {action = "Get", controller = "General"}. Executing controller action with signature System.Threading.Tasks.Task`1[Microsoft.AspNetCore.Mvc.IActionResult] Get(System.String, System.Threading.CancellationToken) on controller BubbleApp.Api.Controllers.GeneralController (BubbleApp.Api).
2026-03-06 17:15:33.946 +05:30 [INF] Executing OkObjectResult, writing value of type 'System.Collections.Generic.List`1[[BubbleApp.Common.ViewModels.General.GeneralMessageDto, BubbleApp.Common, Version=1.0.0.0, Culture=neutral, PublicKeyToken=null]]'.
2026-03-06 17:15:33.964 +05:30 [INF] Executed action BubbleApp.Api.Controllers.GeneralController.Get (BubbleApp.Api) in 35.4138ms
2026-03-06 17:15:33.967 +05:30 [INF] Executed endpoint 'BubbleApp.Api.Controllers.GeneralController.Get (BubbleApp.Api)'
2026-03-06 17:15:33.968 +05:30 [INF] HTTP GET /api/general responded 200 in 47.0525 ms
2026-03-06 17:15:33.970 +05:30 [INF] Request finished HTTP/1.1 GET http://localhost:5013/api/general?workspace=sample&key=I3UPoNYawpezx-OhSr2hs0DppN8hwow7MpnppypPP-c - 200 null application/json; charset=utf-8 51.6366ms
2026-03-06 17:15:38.112 +05:30 [INF] Request starting HTTP/1.1 GET http://localhost:5013/api/reminders?workspace=sample&key=I3UPoNYawpezx-OhSr2hs0DppN8hwow7MpnppypPP-c&userId=4 - null null
2026-03-06 17:15:38.115 +05:30 [INF] CORS policy execution successful.
2026-03-06 17:15:38.116 +05:30 [INF] Executing endpoint 'BubbleApp.Api.Controllers.RemindersController.Get (BubbleApp.Api)'
2026-03-06 17:15:38.117 +05:30 [INF] Route matched with {action = "Get", controller = "Reminders"}. Executing controller action with signature System.Threading.Tasks.Task`1[Microsoft.AspNetCore.Mvc.IActionResult] Get(System.String, System.String, System.Threading.CancellationToken) on controller BubbleApp.Api.Controllers.RemindersController (BubbleApp.Api).
2026-03-06 17:15:38.124 +05:30 [INF] Executing OkObjectResult, writing value of type 'System.Collections.Generic.List`1[[BubbleApp.Common.ViewModels.Reminder.ReminderDto, BubbleApp.Common, Version=1.0.0.0, Culture=neutral, PublicKeyToken=null]]'.
2026-03-06 17:15:38.126 +05:30 [INF] Executed action BubbleApp.Api.Controllers.RemindersController.Get (BubbleApp.Api) in 5.9568ms
2026-03-06 17:15:38.128 +05:30 [INF] Executed endpoint 'BubbleApp.Api.Controllers.RemindersController.Get (BubbleApp.Api)'
2026-03-06 17:15:38.129 +05:30 [INF] HTTP GET /api/reminders responded 200 in 14.0977 ms
2026-03-06 17:15:38.132 +05:30 [INF] Request finished HTTP/1.1 GET http://localhost:5013/api/reminders?workspace=sample&key=I3UPoNYawpezx-OhSr2hs0DppN8hwow7MpnppypPP-c&userId=4 - 200 null application/json; charset=utf-8 19.8509ms
2026-03-06 17:15:39.613 +05:30 [INF] Request starting HTTP/1.1 GET http://localhost:5013/api/general?workspace=sample&key=I3UPoNYawpezx-OhSr2hs0DppN8hwow7MpnppypPP-c - null null
2026-03-06 17:15:39.622 +05:30 [INF] CORS policy execution successful.
2026-03-06 17:15:39.624 +05:30 [INF] Executing endpoint 'BubbleApp.Api.Controllers.GeneralController.Get (BubbleApp.Api)'
2026-03-06 17:15:39.626 +05:30 [INF] Route matched with {action = "Get", controller = "General"}. Executing controller action with signature System.Threading.Tasks.Task`1[Microsoft.AspNetCore.Mvc.IActionResult] Get(System.String, System.Threading.CancellationToken) on controller BubbleApp.Api.Controllers.GeneralController (BubbleApp.Api).
2026-03-06 17:15:39.630 +05:30 [INF] Executing OkObjectResult, writing value of type 'System.Collections.Generic.List`1[[BubbleApp.Common.ViewModels.General.GeneralMessageDto, BubbleApp.Common, Version=1.0.0.0, Culture=neutral, PublicKeyToken=null]]'.
2026-03-06 17:15:39.631 +05:30 [INF] Executed action BubbleApp.Api.Controllers.GeneralController.Get (BubbleApp.Api) in 3.647ms
2026-03-06 17:15:39.633 +05:30 [INF] Executed endpoint 'BubbleApp.Api.Controllers.GeneralController.Get (BubbleApp.Api)'
2026-03-06 17:15:39.635 +05:30 [INF] HTTP GET /api/general responded 200 in 12.7396 ms
2026-03-06 17:15:39.638 +05:30 [INF] Request finished HTTP/1.1 GET http://localhost:5013/api/general?workspace=sample&key=I3UPoNYawpezx-OhSr2hs0DppN8hwow7MpnppypPP-c - 200 null application/json; charset=utf-8 25.2024ms
2026-03-06 17:15:41.987 +05:30 [INF] Request starting HTTP/1.1 GET http://localhost:5013/api/todos?workspace=sample&key=I3UPoNYawpezx-OhSr2hs0DppN8hwow7MpnppypPP-c&userId=4 - null null
2026-03-06 17:15:41.991 +05:30 [INF] CORS policy execution successful.
2026-03-06 17:15:41.992 +05:30 [INF] Executing endpoint 'BubbleApp.Api.Controllers.TodosController.Get (BubbleApp.Api)'
2026-03-06 17:15:41.994 +05:30 [INF] Route matched with {action = "Get", controller = "Todos"}. Executing controller action with signature System.Threading.Tasks.Task`1[Microsoft.AspNetCore.Mvc.IActionResult] Get(System.String, System.String, System.Threading.CancellationToken) on controller BubbleApp.Api.Controllers.TodosController (BubbleApp.Api).
2026-03-06 17:15:41.998 +05:30 [INF] Executing OkObjectResult, writing value of type 'System.Collections.Generic.List`1[[BubbleApp.Common.ViewModels.Todo.TodoDto, BubbleApp.Common, Version=1.0.0.0, Culture=neutral, PublicKeyToken=null]]'.
2026-03-06 17:15:42.002 +05:30 [INF] Executed action BubbleApp.Api.Controllers.TodosController.Get (BubbleApp.Api) in 6.3188ms
2026-03-06 17:15:42.004 +05:30 [INF] Executed endpoint 'BubbleApp.Api.Controllers.TodosController.Get (BubbleApp.Api)'
2026-03-06 17:15:42.005 +05:30 [INF] HTTP GET /api/todos responded 200 in 14.4248 ms
2026-03-06 17:15:42.008 +05:30 [INF] Request finished HTTP/1.1 GET http://localhost:5013/api/todos?workspace=sample&key=I3UPoNYawpezx-OhSr2hs0DppN8hwow7MpnppypPP-c&userId=4 - 200 null application/json; charset=utf-8 21.3818ms
2026-03-06 17:15:42.530 +05:30 [INF] Request starting HTTP/1.1 GET http://localhost:5013/api/reminders?workspace=sample&key=I3UPoNYawpezx-OhSr2hs0DppN8hwow7MpnppypPP-c&userId=4 - null null
2026-03-06 17:15:42.532 +05:30 [INF] Request starting HTTP/1.1 GET http://localhost:5013/api/reminders?workspace=sample&key=I3UPoNYawpezx-OhSr2hs0DppN8hwow7MpnppypPP-c&userId=28 - null null
2026-03-06 17:15:42.534 +05:30 [INF] CORS policy execution successful.
2026-03-06 17:15:42.537 +05:30 [INF] CORS policy execution successful.
2026-03-06 17:15:42.538 +05:30 [INF] Executing endpoint 'BubbleApp.Api.Controllers.RemindersController.Get (BubbleApp.Api)'
2026-03-06 17:15:42.540 +05:30 [INF] Executing endpoint 'BubbleApp.Api.Controllers.RemindersController.Get (BubbleApp.Api)'
2026-03-06 17:15:42.541 +05:30 [INF] Route matched with {action = "Get", controller = "Reminders"}. Executing controller action with signature System.Threading.Tasks.Task`1[Microsoft.AspNetCore.Mvc.IActionResult] Get(System.String, System.String, System.Threading.CancellationToken) on controller BubbleApp.Api.Controllers.RemindersController (BubbleApp.Api).
2026-03-06 17:15:42.542 +05:30 [INF] Route matched with {action = "Get", controller = "Reminders"}. Executing controller action with signature System.Threading.Tasks.Task`1[Microsoft.AspNetCore.Mvc.IActionResult] Get(System.String, System.String, System.Threading.CancellationToken) on controller BubbleApp.Api.Controllers.RemindersController (BubbleApp.Api).
2026-03-06 17:15:42.550 +05:30 [INF] Executing OkObjectResult, writing value of type 'System.Collections.Generic.List`1[[BubbleApp.Common.ViewModels.Reminder.ReminderDto, BubbleApp.Common, Version=1.0.0.0, Culture=neutral, PublicKeyToken=null]]'.
2026-03-06 17:15:42.552 +05:30 [INF] Executed action BubbleApp.Api.Controllers.RemindersController.Get (BubbleApp.Api) in 6.9385ms
2026-03-06 17:15:42.554 +05:30 [INF] Executed endpoint 'BubbleApp.Api.Controllers.RemindersController.Get (BubbleApp.Api)'
2026-03-06 17:15:42.555 +05:30 [INF] HTTP GET /api/reminders responded 200 in 20.8689 ms
2026-03-06 17:15:42.556 +05:30 [INF] Executing OkObjectResult, writing value of type 'System.Collections.Generic.List`1[[BubbleApp.Common.ViewModels.Reminder.ReminderDto, BubbleApp.Common, Version=1.0.0.0, Culture=neutral, PublicKeyToken=null]]'.
2026-03-06 17:15:42.558 +05:30 [INF] Request finished HTTP/1.1 GET http://localhost:5013/api/reminders?workspace=sample&key=I3UPoNYawpezx-OhSr2hs0DppN8hwow7MpnppypPP-c&userId=4 - 200 null application/json; charset=utf-8 28.0863ms
2026-03-06 17:15:42.564 +05:30 [INF] Executed action BubbleApp.Api.Controllers.RemindersController.Get (BubbleApp.Api) in 16.0573ms
2026-03-06 17:15:42.569 +05:30 [INF] Executed endpoint 'BubbleApp.Api.Controllers.RemindersController.Get (BubbleApp.Api)'
2026-03-06 17:15:42.570 +05:30 [INF] HTTP GET /api/reminders responded 200 in 33.1648 ms
2026-03-06 17:15:42.574 +05:30 [INF] Request finished HTTP/1.1 GET http://localhost:5013/api/reminders?workspace=sample&key=I3UPoNYawpezx-OhSr2hs0DppN8hwow7MpnppypPP-c&userId=28 - 200 null application/json; charset=utf-8 41.1481ms
2026-03-06 17:15:43.015 +05:30 [INF] Request starting HTTP/1.1 GET http://localhost:5013/api/notes?workspace=sample&key=I3UPoNYawpezx-OhSr2hs0DppN8hwow7MpnppypPP-c&userId=4 - null null
2026-03-06 17:15:43.019 +05:30 [INF] CORS policy execution successful.
2026-03-06 17:15:43.020 +05:30 [INF] Executing endpoint 'BubbleApp.Api.Controllers.NotesController.Get (BubbleApp.Api)'
2026-03-06 17:15:43.028 +05:30 [INF] Route matched with {action = "Get", controller = "Notes"}. Executing controller action with signature System.Threading.Tasks.Task`1[Microsoft.AspNetCore.Mvc.IActionResult] Get(System.String, System.String, System.Threading.CancellationToken) on controller BubbleApp.Api.Controllers.NotesController (BubbleApp.Api).
2026-03-06 17:15:43.036 +05:30 [INF] Executing OkObjectResult, writing value of type 'System.Collections.Generic.List`1[[BubbleApp.Common.ViewModels.Notes.NoteDto, BubbleApp.Common, Version=1.0.0.0, Culture=neutral, PublicKeyToken=null]]'.
2026-03-06 17:15:43.040 +05:30 [INF] Executed action BubbleApp.Api.Controllers.NotesController.Get (BubbleApp.Api) in 10.5505ms
2026-03-06 17:15:43.042 +05:30 [INF] Executed endpoint 'BubbleApp.Api.Controllers.NotesController.Get (BubbleApp.Api)'
2026-03-06 17:15:43.044 +05:30 [INF] HTTP GET /api/notes responded 200 in 24.4585 ms
2026-03-06 17:15:43.045 +05:30 [INF] Request finished HTTP/1.1 GET http://localhost:5013/api/notes?workspace=sample&key=I3UPoNYawpezx-OhSr2hs0DppN8hwow7MpnppypPP-c&userId=4 - 200 null application/json; charset=utf-8 30.098ms
2026-03-06 17:15:48.116 +05:30 [INF] Request starting HTTP/1.1 GET http://localhost:5013/api/todos?workspace=sample&key=I3UPoNYawpezx-OhSr2hs0DppN8hwow7MpnppypPP-c&userId=4 - null null
2026-03-06 17:15:48.118 +05:30 [INF] CORS policy execution successful.
2026-03-06 17:15:48.119 +05:30 [INF] Executing endpoint 'BubbleApp.Api.Controllers.TodosController.Get (BubbleApp.Api)'
2026-03-06 17:15:48.120 +05:30 [INF] Route matched with {action = "Get", controller = "Todos"}. Executing controller action with signature System.Threading.Tasks.Task`1[Microsoft.AspNetCore.Mvc.IActionResult] Get(System.String, System.String, System.Threading.CancellationToken) on controller BubbleApp.Api.Controllers.TodosController (BubbleApp.Api).
2026-03-06 17:15:48.124 +05:30 [INF] Executing OkObjectResult, writing value of type 'System.Collections.Generic.List`1[[BubbleApp.Common.ViewModels.Todo.TodoDto, BubbleApp.Common, Version=1.0.0.0, Culture=neutral, PublicKeyToken=null]]'.
2026-03-06 17:15:48.126 +05:30 [INF] Executed action BubbleApp.Api.Controllers.TodosController.Get (BubbleApp.Api) in 4.9575ms
2026-03-06 17:15:48.129 +05:30 [INF] Executed endpoint 'BubbleApp.Api.Controllers.TodosController.Get (BubbleApp.Api)'
2026-03-06 17:15:48.131 +05:30 [INF] HTTP GET /api/todos responded 200 in 12.8645 ms
2026-03-06 17:15:48.134 +05:30 [INF] Request finished HTTP/1.1 GET http://localhost:5013/api/todos?workspace=sample&key=I3UPoNYawpezx-OhSr2hs0DppN8hwow7MpnppypPP-c&userId=4 - 200 null application/json; charset=utf-8 18.1013ms
2026-03-06 17:15:49.079 +05:30 [INF] Request starting HTTP/1.1 GET http://localhost:5013/api/general?workspace=sample&key=I3UPoNYawpezx-OhSr2hs0DppN8hwow7MpnppypPP-c - null null
2026-03-06 17:15:49.082 +05:30 [INF] CORS policy execution successful.
2026-03-06 17:15:49.082 +05:30 [INF] Executing endpoint 'BubbleApp.Api.Controllers.GeneralController.Get (BubbleApp.Api)'
2026-03-06 17:15:49.084 +05:30 [INF] Route matched with {action = "Get", controller = "General"}. Executing controller action with signature System.Threading.Tasks.Task`1[Microsoft.AspNetCore.Mvc.IActionResult] Get(System.String, System.Threading.CancellationToken) on controller BubbleApp.Api.Controllers.GeneralController (BubbleApp.Api).
2026-03-06 17:15:49.106 +05:30 [INF] Executing OkObjectResult, writing value of type 'System.Collections.Generic.List`1[[BubbleApp.Common.ViewModels.General.GeneralMessageDto, BubbleApp.Common, Version=1.0.0.0, Culture=neutral, PublicKeyToken=null]]'.
2026-03-06 17:15:49.108 +05:30 [INF] Executed action BubbleApp.Api.Controllers.GeneralController.Get (BubbleApp.Api) in 22.199ms
2026-03-06 17:15:49.110 +05:30 [INF] Executed endpoint 'BubbleApp.Api.Controllers.GeneralController.Get (BubbleApp.Api)'
2026-03-06 17:15:49.111 +05:30 [INF] HTTP GET /api/general responded 200 in 29.6693 ms
2026-03-06 17:15:49.113 +05:30 [INF] Request finished HTTP/1.1 GET http://localhost:5013/api/general?workspace=sample&key=I3UPoNYawpezx-OhSr2hs0DppN8hwow7MpnppypPP-c - 200 null application/json; charset=utf-8 34.6435ms
2026-03-06 17:15:50.311 +05:30 [INF] Request starting HTTP/1.1 GET http://localhost:5013/api/reminders?workspace=sample&key=I3UPoNYawpezx-OhSr2hs0DppN8hwow7MpnppypPP-c&userId=4 - null null
2026-03-06 17:15:50.314 +05:30 [INF] CORS policy execution successful.
2026-03-06 17:15:50.315 +05:30 [INF] Executing endpoint 'BubbleApp.Api.Controllers.RemindersController.Get (BubbleApp.Api)'
2026-03-06 17:15:50.316 +05:30 [INF] Route matched with {action = "Get", controller = "Reminders"}. Executing controller action with signature System.Threading.Tasks.Task`1[Microsoft.AspNetCore.Mvc.IActionResult] Get(System.String, System.String, System.Threading.CancellationToken) on controller BubbleApp.Api.Controllers.RemindersController (BubbleApp.Api).
2026-03-06 17:15:50.319 +05:30 [INF] Executing OkObjectResult, writing value of type 'System.Collections.Generic.List`1[[BubbleApp.Common.ViewModels.Reminder.ReminderDto, BubbleApp.Common, Version=1.0.0.0, Culture=neutral, PublicKeyToken=null]]'.
2026-03-06 17:15:50.320 +05:30 [INF] Executed action BubbleApp.Api.Controllers.RemindersController.Get (BubbleApp.Api) in 3.1363ms
2026-03-06 17:15:50.322 +05:30 [INF] Executed endpoint 'BubbleApp.Api.Controllers.RemindersController.Get (BubbleApp.Api)'
2026-03-06 17:15:50.323 +05:30 [INF] HTTP GET /api/reminders responded 200 in 9.1657 ms
2026-03-06 17:15:50.325 +05:30 [INF] Request finished HTTP/1.1 GET http://localhost:5013/api/reminders?workspace=sample&key=I3UPoNYawpezx-OhSr2hs0DppN8hwow7MpnppypPP-c&userId=4 - 200 null application/json; charset=utf-8 13.7332ms
2026-03-06 17:15:56.616 +05:30 [INF] Executing StatusCodeResult, setting HTTP status code 204
2026-03-06 17:15:56.618 +05:30 [INF] Executed action BubbleApp.Api.Controllers.WidgetConfigController.Long (BubbleApp.Api) in 25019.1156ms
2026-03-06 17:15:56.619 +05:30 [INF] Executed endpoint 'BubbleApp.Api.Controllers.WidgetConfigController.Long (BubbleApp.Api)'
2026-03-06 17:15:56.620 +05:30 [INF] HTTP GET /api/widget/config/long responded 204 in 25028.9380 ms
2026-03-06 17:15:56.622 +05:30 [INF] Request finished HTTP/1.1 GET http://localhost:5013/api/widget/config/long?workspace=sample&key=I3UPoNYawpezx-OhSr2hs0DppN8hwow7MpnppypPP-c&since=0 - 204 null null 25039.8273ms
2026-03-06 17:15:56.627 +05:30 [INF] Request starting HTTP/1.1 GET http://localhost:5013/api/widget/config/long?workspace=sample&key=I3UPoNYawpezx-OhSr2hs0DppN8hwow7MpnppypPP-c&since=0 - null null
2026-03-06 17:15:56.638 +05:30 [INF] CORS policy execution successful.
2026-03-06 17:15:56.640 +05:30 [INF] Executing endpoint 'BubbleApp.Api.Controllers.WidgetConfigController.Long (BubbleApp.Api)'
2026-03-06 17:15:56.641 +05:30 [INF] Route matched with {action = "Long", controller = "WidgetConfig"}. Executing controller action with signature System.Threading.Tasks.Task`1[Microsoft.AspNetCore.Mvc.IActionResult] Long(System.String, Int64, System.Threading.CancellationToken) on controller BubbleApp.Api.Controllers.WidgetConfigController (BubbleApp.Api).
2026-03-06 17:15:57.671 +05:30 [INF] Executing StatusCodeResult, setting HTTP status code 204
2026-03-06 17:15:57.673 +05:30 [INF] Executed action BubbleApp.Api.Controllers.WidgetConfigController.Long (BubbleApp.Api) in 25010.5469ms
2026-03-06 17:15:57.675 +05:30 [INF] Executed endpoint 'BubbleApp.Api.Controllers.WidgetConfigController.Long (BubbleApp.Api)'
2026-03-06 17:15:57.676 +05:30 [INF] HTTP GET /api/widget/config/long responded 204 in 25018.1880 ms
2026-03-06 17:15:57.678 +05:30 [INF] Request finished HTTP/1.1 GET http://localhost:5013/api/widget/config/long?workspace=sample&key=I3UPoNYawpezx-OhSr2hs0DppN8hwow7MpnppypPP-c&since=0 - 204 null null 25023.3904ms
2026-03-06 17:15:57.682 +05:30 [INF] Request starting HTTP/1.1 GET http://localhost:5013/api/widget/config/long?workspace=sample&key=I3UPoNYawpezx-OhSr2hs0DppN8hwow7MpnppypPP-c&since=0 - null null
2026-03-06 17:15:57.684 +05:30 [INF] CORS policy execution successful.
2026-03-06 17:15:57.685 +05:30 [INF] Executing endpoint 'BubbleApp.Api.Controllers.WidgetConfigController.Long (BubbleApp.Api)'
2026-03-06 17:15:57.686 +05:30 [INF] Route matched with {action = "Long", controller = "WidgetConfig"}. Executing controller action with signature System.Threading.Tasks.Task`1[Microsoft.AspNetCore.Mvc.IActionResult] Long(System.String, Int64, System.Threading.CancellationToken) on controller BubbleApp.Api.Controllers.WidgetConfigController (BubbleApp.Api).
2026-03-06 17:15:57.704 +05:30 [INF] Executing StatusCodeResult, setting HTTP status code 204
2026-03-06 17:15:57.705 +05:30 [INF] Executed action BubbleApp.Api.Controllers.WidgetConfigController.Long (BubbleApp.Api) in 25015.4032ms
2026-03-06 17:15:57.707 +05:30 [INF] Executed endpoint 'BubbleApp.Api.Controllers.WidgetConfigController.Long (BubbleApp.Api)'
2026-03-06 17:15:57.708 +05:30 [INF] HTTP GET /api/widget/config/long responded 204 in 25022.0273 ms
2026-03-06 17:15:57.709 +05:30 [INF] Request finished HTTP/1.1 GET http://localhost:5013/api/widget/config/long?workspace=sample&key=I3UPoNYawpezx-OhSr2hs0DppN8hwow7MpnppypPP-c&since=0 - 204 null null 25026.5544ms
2026-03-06 17:15:57.713 +05:30 [INF] Request starting HTTP/1.1 GET http://localhost:5013/api/widget/config/long?workspace=sample&key=I3UPoNYawpezx-OhSr2hs0DppN8hwow7MpnppypPP-c&since=0 - null null
2026-03-06 17:15:57.716 +05:30 [INF] CORS policy execution successful.
2026-03-06 17:15:57.717 +05:30 [INF] Executing endpoint 'BubbleApp.Api.Controllers.WidgetConfigController.Long (BubbleApp.Api)'
2026-03-06 17:15:57.718 +05:30 [INF] Route matched with {action = "Long", controller = "WidgetConfig"}. Executing controller action with signature System.Threading.Tasks.Task`1[Microsoft.AspNetCore.Mvc.IActionResult] Long(System.String, Int64, System.Threading.CancellationToken) on controller BubbleApp.Api.Controllers.WidgetConfigController (BubbleApp.Api).
2026-03-06 17:16:10.158 +05:30 [INF] Application is shutting down...
2026-03-06 17:16:21.650 +05:30 [INF] Executing StatusCodeResult, setting HTTP status code 204
2026-03-06 17:16:21.652 +05:30 [INF] Executed action BubbleApp.Api.Controllers.WidgetConfigController.Long (BubbleApp.Api) in 25007.1345ms
2026-03-06 17:16:21.653 +05:30 [INF] Executed endpoint 'BubbleApp.Api.Controllers.WidgetConfigController.Long (BubbleApp.Api)'
2026-03-06 17:16:21.654 +05:30 [INF] HTTP GET /api/widget/config/long responded 204 in 25016.3410 ms
2026-03-06 17:16:21.656 +05:30 [INF] Request finished HTTP/1.1 GET http://localhost:5013/api/widget/config/long?workspace=sample&key=I3UPoNYawpezx-OhSr2hs0DppN8hwow7MpnppypPP-c&since=0 - 204 null null 25028.2292ms
2026-03-06 17:16:22.703 +05:30 [INF] Executing StatusCodeResult, setting HTTP status code 204
2026-03-06 17:16:22.704 +05:30 [INF] Executed action BubbleApp.Api.Controllers.WidgetConfigController.Long (BubbleApp.Api) in 25016.5428ms
2026-03-06 17:16:22.706 +05:30 [INF] Executed endpoint 'BubbleApp.Api.Controllers.WidgetConfigController.Long (BubbleApp.Api)'
2026-03-06 17:16:22.707 +05:30 [INF] HTTP GET /api/widget/config/long responded 204 in 25022.8844 ms
2026-03-06 17:16:22.709 +05:30 [INF] Request finished HTTP/1.1 GET http://localhost:5013/api/widget/config/long?workspace=sample&key=I3UPoNYawpezx-OhSr2hs0DppN8hwow7MpnppypPP-c&since=0 - 204 null null 25026.5133ms
2026-03-06 17:16:22.735 +05:30 [INF] Executing StatusCodeResult, setting HTTP status code 204
2026-03-06 17:16:22.736 +05:30 [INF] Executed action BubbleApp.Api.Controllers.WidgetConfigController.Long (BubbleApp.Api) in 25015.566ms
2026-03-06 17:16:22.738 +05:30 [INF] Executed endpoint 'BubbleApp.Api.Controllers.WidgetConfigController.Long (BubbleApp.Api)'
2026-03-06 17:16:22.739 +05:30 [INF] HTTP GET /api/widget/config/long responded 204 in 25022.7741 ms
2026-03-06 17:16:22.741 +05:30 [INF] Request finished HTTP/1.1 GET http://localhost:5013/api/widget/config/long?workspace=sample&key=I3UPoNYawpezx-OhSr2hs0DppN8hwow7MpnppypPP-c&since=0 - 204 null null 25028.116ms
2026-03-06 17:16:30.829 +05:30 [INF] User profile is available. Using 'C:\Users\vishweshwaran.e\AppData\Local\ASP.NET\DataProtection-Keys' as key repository and Windows DPAPI to encrypt keys at rest.
2026-03-06 17:16:31.021 +05:30 [INF] Now listening on: http://localhost:5013
2026-03-06 17:16:31.024 +05:30 [INF] Application started. Press Ctrl+C to shut down.
2026-03-06 17:16:31.026 +05:30 [INF] Hosting environment: Development
2026-03-06 17:16:31.027 +05:30 [INF] Content root path: D:\FB\MVC\src\BubbleApp.Api
2026-03-06 17:16:32.572 +05:30 [INF] Request starting HTTP/1.1 GET http://localhost:5013/api/widget/config/long?workspace=sample&key=I3UPoNYawpezx-OhSr2hs0DppN8hwow7MpnppypPP-c&since=0 - null null
2026-03-06 17:16:32.572 +05:30 [INF] Request starting HTTP/1.1 GET http://localhost:5013/api/widget/config/long?workspace=sample&key=I3UPoNYawpezx-OhSr2hs0DppN8hwow7MpnppypPP-c&since=0 - null null
2026-03-06 17:16:32.595 +05:30 [INF] CORS policy execution successful.
2026-03-06 17:16:32.595 +05:30 [INF] CORS policy execution successful.
2026-03-06 17:16:32.636 +05:30 [INF] Executing endpoint 'BubbleApp.Api.Controllers.WidgetConfigController.Long (BubbleApp.Api)'
2026-03-06 17:16:32.636 +05:30 [INF] Executing endpoint 'BubbleApp.Api.Controllers.WidgetConfigController.Long (BubbleApp.Api)'
2026-03-06 17:16:32.730 +05:30 [INF] Request starting HTTP/1.1 GET http://localhost:5013/api/widget/config/long?workspace=sample&key=I3UPoNYawpezx-OhSr2hs0DppN8hwow7MpnppypPP-c&since=0 - null null
2026-03-06 17:16:32.739 +05:30 [INF] Executing endpoint 'BubbleApp.Api.Controllers.WidgetConfigController.Long (BubbleApp.Api)'
2026-03-06 17:16:32.913 +05:30 [INF] Route matched with {action = "Long", controller = "WidgetConfig"}. Executing controller action with signature System.Threading.Tasks.Task`1[Microsoft.AspNetCore.Mvc.IActionResult] Long(System.String, Int64, System.Threading.CancellationToken) on controller BubbleApp.Api.Controllers.WidgetConfigController (BubbleApp.Api).
2026-03-06 17:16:32.913 +05:30 [INF] Route matched with {action = "Long", controller = "WidgetConfig"}. Executing controller action with signature System.Threading.Tasks.Task`1[Microsoft.AspNetCore.Mvc.IActionResult] Long(System.String, Int64, System.Threading.CancellationToken) on controller BubbleApp.Api.Controllers.WidgetConfigController (BubbleApp.Api).
2026-03-06 17:16:32.913 +05:30 [INF] Route matched with {action = "Long", controller = "WidgetConfig"}. Executing controller action with signature System.Threading.Tasks.Task`1[Microsoft.AspNetCore.Mvc.IActionResult] Long(System.String, Int64, System.Threading.CancellationToken) on controller BubbleApp.Api.Controllers.WidgetConfigController (BubbleApp.Api).
2026-03-06 17:16:42.543 +05:30 [INF] Request starting HTTP/1.1 GET http://localhost:5013/api/reminders?workspace=sample&key=I3UPoNYawpezx-OhSr2hs0DppN8hwow7MpnppypPP-c&userId=4 - null null
2026-03-06 17:16:42.548 +05:30 [INF] CORS policy execution successful.
2026-03-06 17:16:42.549 +05:30 [INF] Executing endpoint 'BubbleApp.Api.Controllers.RemindersController.Get (BubbleApp.Api)'
2026-03-06 17:16:42.556 +05:30 [INF] Route matched with {action = "Get", controller = "Reminders"}. Executing controller action with signature System.Threading.Tasks.Task`1[Microsoft.AspNetCore.Mvc.IActionResult] Get(System.String, System.String, System.Threading.CancellationToken) on controller BubbleApp.Api.Controllers.RemindersController (BubbleApp.Api).
2026-03-06 17:16:42.585 +05:30 [INF] Executing OkObjectResult, writing value of type 'System.Collections.Generic.List`1[[BubbleApp.Common.ViewModels.Reminder.ReminderDto, BubbleApp.Common, Version=1.0.0.0, Culture=neutral, PublicKeyToken=null]]'.
2026-03-06 17:16:42.631 +05:30 [INF] Executed action BubbleApp.Api.Controllers.RemindersController.Get (BubbleApp.Api) in 69.5405ms
2026-03-06 17:16:42.643 +05:30 [INF] Executed endpoint 'BubbleApp.Api.Controllers.RemindersController.Get (BubbleApp.Api)'
2026-03-06 17:16:42.646 +05:30 [INF] HTTP GET /api/reminders responded 200 in 96.9120 ms
2026-03-06 17:16:42.650 +05:30 [INF] Request finished HTTP/1.1 GET http://localhost:5013/api/reminders?workspace=sample&key=I3UPoNYawpezx-OhSr2hs0DppN8hwow7MpnppypPP-c&userId=4 - 200 null application/json; charset=utf-8 107.3786ms
2026-03-06 17:16:53.546 +05:30 [INF] Request starting HTTP/1.1 GET http://localhost:5013/api/widget/config/long?workspace=sample&key=I3UPoNYawpezx-OhSr2hs0DppN8hwow7MpnppypPP-c&since=0 - null null
2026-03-06 17:16:53.551 +05:30 [INF] CORS policy execution successful.
2026-03-06 17:16:53.552 +05:30 [INF] Executing endpoint 'BubbleApp.Api.Controllers.WidgetConfigController.Long (BubbleApp.Api)'
2026-03-06 17:16:53.554 +05:30 [INF] Route matched with {action = "Long", controller = "WidgetConfig"}. Executing controller action with signature System.Threading.Tasks.Task`1[Microsoft.AspNetCore.Mvc.IActionResult] Long(System.String, Int64, System.Threading.CancellationToken) on controller BubbleApp.Api.Controllers.WidgetConfigController (BubbleApp.Api).
2026-03-06 17:16:58.054 +05:30 [INF] Executing StatusCodeResult, setting HTTP status code 204
2026-03-06 17:16:58.054 +05:30 [INF] Executing StatusCodeResult, setting HTTP status code 204
2026-03-06 17:16:58.054 +05:30 [INF] Executing StatusCodeResult, setting HTTP status code 204
2026-03-06 17:16:58.056 +05:30 [INF] Executed action BubbleApp.Api.Controllers.WidgetConfigController.Long (BubbleApp.Api) in 25141.0152ms
2026-03-06 17:16:58.057 +05:30 [INF] Executed action BubbleApp.Api.Controllers.WidgetConfigController.Long (BubbleApp.Api) in 25137.6099ms
2026-03-06 17:16:58.058 +05:30 [INF] Executed action BubbleApp.Api.Controllers.WidgetConfigController.Long (BubbleApp.Api) in 25140.8135ms
2026-03-06 17:16:58.060 +05:30 [INF] Executed endpoint 'BubbleApp.Api.Controllers.WidgetConfigController.Long (BubbleApp.Api)'
2026-03-06 17:16:58.061 +05:30 [INF] Executed endpoint 'BubbleApp.Api.Controllers.WidgetConfigController.Long (BubbleApp.Api)'
2026-03-06 17:16:58.062 +05:30 [INF] Executed endpoint 'BubbleApp.Api.Controllers.WidgetConfigController.Long (BubbleApp.Api)'
2026-03-06 17:16:58.064 +05:30 [INF] HTTP GET /api/widget/config/long responded 204 in 25473.0539 ms
2026-03-06 17:16:58.065 +05:30 [INF] HTTP GET /api/widget/config/long responded 204 in 25327.2402 ms
2026-03-06 17:16:58.066 +05:30 [INF] HTTP GET /api/widget/config/long responded 204 in 25475.2968 ms
2026-03-06 17:16:58.069 +05:30 [INF] Request finished HTTP/1.1 GET http://localhost:5013/api/widget/config/long?workspace=sample&key=I3UPoNYawpezx-OhSr2hs0DppN8hwow7MpnppypPP-c&since=0 - 204 null null 25498.6945ms
2026-03-06 17:16:58.071 +05:30 [INF] Request finished HTTP/1.1 GET http://localhost:5013/api/widget/config/long?workspace=sample&key=I3UPoNYawpezx-OhSr2hs0DppN8hwow7MpnppypPP-c&since=0 - 204 null null 25340.8844ms
2026-03-06 17:16:58.074 +05:30 [INF] Request finished HTTP/1.1 GET http://localhost:5013/api/widget/config/long?workspace=sample&key=I3UPoNYawpezx-OhSr2hs0DppN8hwow7MpnppypPP-c&since=0 - 204 null null 25502.8588ms
2026-03-06 17:16:58.078 +05:30 [INF] Request starting HTTP/1.1 GET http://localhost:5013/api/widget/config/long?workspace=sample&key=I3UPoNYawpezx-OhSr2hs0DppN8hwow7MpnppypPP-c&since=0 - null null
2026-03-06 17:16:58.088 +05:30 [INF] Request starting HTTP/1.1 GET http://localhost:5013/api/widget/config/long?workspace=sample&key=I3UPoNYawpezx-OhSr2hs0DppN8hwow7MpnppypPP-c&since=0 - null null
2026-03-06 17:16:58.093 +05:30 [INF] CORS policy execution successful.
2026-03-06 17:16:58.097 +05:30 [INF] CORS policy execution successful.
2026-03-06 17:16:58.099 +05:30 [INF] Executing endpoint 'BubbleApp.Api.Controllers.WidgetConfigController.Long (BubbleApp.Api)'
2026-03-06 17:16:58.100 +05:30 [INF] Executing endpoint 'BubbleApp.Api.Controllers.WidgetConfigController.Long (BubbleApp.Api)'
2026-03-06 17:16:58.102 +05:30 [INF] Route matched with {action = "Long", controller = "WidgetConfig"}. Executing controller action with signature System.Threading.Tasks.Task`1[Microsoft.AspNetCore.Mvc.IActionResult] Long(System.String, Int64, System.Threading.CancellationToken) on controller BubbleApp.Api.Controllers.WidgetConfigController (BubbleApp.Api).
2026-03-06 17:16:58.104 +05:30 [INF] Route matched with {action = "Long", controller = "WidgetConfig"}. Executing controller action with signature System.Threading.Tasks.Task`1[Microsoft.AspNetCore.Mvc.IActionResult] Long(System.String, Int64, System.Threading.CancellationToken) on controller BubbleApp.Api.Controllers.WidgetConfigController (BubbleApp.Api).
2026-03-06 17:17:06.324 +05:30 [INF] Request starting HTTP/1.1 GET http://localhost:5013/api/reminders?workspace=sample&key=I3UPoNYawpezx-OhSr2hs0DppN8hwow7MpnppypPP-c&userId=28 - null null
2026-03-06 17:17:06.329 +05:30 [INF] CORS policy execution successful.
2026-03-06 17:17:06.330 +05:30 [INF] Executing endpoint 'BubbleApp.Api.Controllers.RemindersController.Get (BubbleApp.Api)'
2026-03-06 17:17:06.332 +05:30 [INF] Route matched with {action = "Get", controller = "Reminders"}. Executing controller action with signature System.Threading.Tasks.Task`1[Microsoft.AspNetCore.Mvc.IActionResult] Get(System.String, System.String, System.Threading.CancellationToken) on controller BubbleApp.Api.Controllers.RemindersController (BubbleApp.Api).
2026-03-06 17:17:06.350 +05:30 [INF] Executing OkObjectResult, writing value of type 'System.Collections.Generic.List`1[[BubbleApp.Common.ViewModels.Reminder.ReminderDto, BubbleApp.Common, Version=1.0.0.0, Culture=neutral, PublicKeyToken=null]]'.
2026-03-06 17:17:06.362 +05:30 [INF] Executed action BubbleApp.Api.Controllers.RemindersController.Get (BubbleApp.Api) in 27.2495ms
2026-03-06 17:17:06.365 +05:30 [INF] Executed endpoint 'BubbleApp.Api.Controllers.RemindersController.Get (BubbleApp.Api)'
2026-03-06 17:17:06.367 +05:30 [INF] HTTP GET /api/reminders responded 200 in 38.0983 ms
2026-03-06 17:17:06.369 +05:30 [INF] Request finished HTTP/1.1 GET http://localhost:5013/api/reminders?workspace=sample&key=I3UPoNYawpezx-OhSr2hs0DppN8hwow7MpnppypPP-c&userId=28 - 200 null application/json; charset=utf-8 44.8958ms
2026-03-06 17:17:09.106 +05:30 [INF] Executed action BubbleApp.Api.Controllers.WidgetConfigController.Long (BubbleApp.Api) in 10999.0052ms
2026-03-06 17:17:09.108 +05:30 [INF] Executed endpoint 'BubbleApp.Api.Controllers.WidgetConfigController.Long (BubbleApp.Api)'
2026-03-06 17:17:09.110 +05:30 [ERR] HTTP GET /api/widget/config/long responded 500 in 11016.9777 ms
System.OperationCanceledException: The operation was canceled.
   at System.Threading.CancellationToken.ThrowOperationCanceledException()
   at MongoDB.Driver.OperationContext.ThrowIfTimedOutOrCanceled()
   at MongoDB.Driver.Core.Operations.RetryableReadContext.AcquireOrReplaceChannelAsync(OperationContext operationContext, IReadOnlyCollection`1 deprioritizedServers)
   at MongoDB.Driver.Core.Operations.RetryableReadContext.CreateAsync(OperationContext operationContext, IReadBinding binding, Boolean retryRequested)
   at MongoDB.Driver.Core.Operations.FindOperation`1.ExecuteAsync(OperationContext operationContext, IReadBinding binding)
   at MongoDB.Driver.OperationExecutor.ExecuteReadOperationAsync[TResult](OperationContext operationContext, IClientSessionHandle session, IReadOperation`1 operation, ReadPreference readPreference, Boolean allowChannelPinning)
   at MongoDB.Driver.MongoCollectionImpl`1.ExecuteReadOperationAsync[TResult](IClientSessionHandle session, IReadOperation`1 operation, ReadPreference explicitReadPreference, Nullable`1 timeout, CancellationToken cancellationToken)
   at MongoDB.Driver.MongoCollectionImpl`1.FindAsync[TProjection](FilterDefinition`1 filter, FindOptions`2 options, CancellationToken cancellationToken)
   at MongoDB.Driver.IAsyncCursorSourceExtensions.FirstOrDefaultAsync[TDocument](IAsyncCursorSource`1 source, CancellationToken cancellationToken)
   at BubbleApp.Api.Controllers.WidgetConfigController.Long(String workspace, Int64 since, CancellationToken ct) in D:\FB\MVC\src\BubbleApp.Api\Controllers\WidgetConfigController.cs:line 45
   at Microsoft.AspNetCore.Mvc.Infrastructure.ActionMethodExecutor.TaskOfIActionResultExecutor.Execute(ActionContext actionContext, IActionResultTypeMapper mapper, ObjectMethodExecutor executor, Object controller, Object[] arguments)
   at Microsoft.AspNetCore.Mvc.Infrastructure.ControllerActionInvoker.<InvokeActionMethodAsync>g__Awaited|12_0(ControllerActionInvoker invoker, ValueTask`1 actionResultValueTask)
   at Microsoft.AspNetCore.Mvc.Infrastructure.ControllerActionInvoker.<InvokeNextActionFilterAsync>g__Awaited|10_0(ControllerActionInvoker invoker, Task lastTask, State next, Scope scope, Object state, Boolean isCompleted)
   at Microsoft.AspNetCore.Mvc.Infrastructure.ControllerActionInvoker.Rethrow(ActionExecutedContextSealed context)
   at Microsoft.AspNetCore.Mvc.Infrastructure.ControllerActionInvoker.Next(State& next, Scope& scope, Object& state, Boolean& isCompleted)
   at Microsoft.AspNetCore.Mvc.Infrastructure.ControllerActionInvoker.<InvokeInnerFilterAsync>g__Awaited|13_0(ControllerActionInvoker invoker, Task lastTask, State next, Scope scope, Object state, Boolean isCompleted)
   at Microsoft.AspNetCore.Mvc.Infrastructure.ResourceInvoker.<InvokeFilterPipelineAsync>g__Awaited|20_0(ResourceInvoker invoker, Task lastTask, State next, Scope scope, Object state, Boolean isCompleted)
   at Microsoft.AspNetCore.Mvc.Infrastructure.ResourceInvoker.<InvokeAsync>g__Logged|17_1(ResourceInvoker invoker)
   at Microsoft.AspNetCore.Mvc.Infrastructure.ResourceInvoker.<InvokeAsync>g__Logged|17_1(ResourceInvoker invoker)
   at Microsoft.AspNetCore.Routing.EndpointMiddleware.<Invoke>g__AwaitRequestTask|7_0(Endpoint endpoint, Task requestTask, ILogger logger)
   at Swashbuckle.AspNetCore.SwaggerUI.SwaggerUIMiddleware.Invoke(HttpContext httpContext)
   at Microsoft.AspNetCore.Authorization.AuthorizationMiddleware.Invoke(HttpContext context)
   at Microsoft.AspNetCore.Authentication.AuthenticationMiddleware.Invoke(HttpContext context)
   at Serilog.AspNetCore.RequestLoggingMiddleware.Invoke(HttpContext httpContext)
2026-03-06 17:17:09.149 +05:30 [INF] Request finished HTTP/1.1 GET http://localhost:5013/api/widget/config/long?workspace=sample&key=I3UPoNYawpezx-OhSr2hs0DppN8hwow7MpnppypPP-c&since=0 - 499 null null 11070.9911ms
2026-03-06 17:17:09.524 +05:30 [INF] Request starting HTTP/1.1 GET http://localhost:5013/api/general?workspace=default&key= - null null
2026-03-06 17:17:09.533 +05:30 [INF] CORS policy execution successful.
2026-03-06 17:17:09.545 +05:30 [INF] Executing endpoint 'BubbleApp.Api.Controllers.GeneralController.Get (BubbleApp.Api)'
2026-03-06 17:17:09.636 +05:30 [INF] Route matched with {action = "Get", controller = "General"}. Executing controller action with signature System.Threading.Tasks.Task`1[Microsoft.AspNetCore.Mvc.IActionResult] Get(System.String, System.Threading.CancellationToken) on controller BubbleApp.Api.Controllers.GeneralController (BubbleApp.Api).
2026-03-06 17:17:09.679 +05:30 [INF] Executing ObjectResult, writing value of type '<>f__AnonymousType1`1[[System.String, System.Private.CoreLib, Version=9.0.0.0, Culture=neutral, PublicKeyToken=7cec85d7bea7798e]]'.
2026-03-06 17:17:09.728 +05:30 [INF] Executed action BubbleApp.Api.Controllers.GeneralController.Get (BubbleApp.Api) in 61.1898ms
2026-03-06 17:17:09.745 +05:30 [INF] Executed endpoint 'BubbleApp.Api.Controllers.GeneralController.Get (BubbleApp.Api)'
2026-03-06 17:17:09.748 +05:30 [INF] HTTP GET /api/general responded 401 in 215.2737 ms
2026-03-06 17:17:09.757 +05:30 [INF] Request finished HTTP/1.1 GET http://localhost:5013/api/general?workspace=default&key= - 401 null application/json; charset=utf-8 230.0424ms
2026-03-06 17:17:09.759 +05:30 [INF] Request starting HTTP/1.1 GET http://localhost:5013/api/general/stream?workspace=default&key= - null null
2026-03-06 17:17:09.876 +05:30 [INF] CORS policy execution successful.
2026-03-06 17:17:09.986 +05:30 [INF] HTTP GET /api/general/stream responded 404 in 109.7438 ms
2026-03-06 17:17:10.258 +05:30 [INF] Request finished HTTP/1.1 GET http://localhost:5013/api/general/stream?workspace=default&key= - 404 0 null 498.9159ms
2026-03-06 17:17:10.380 +05:30 [INF] Request reached the end of the middleware pipeline without being handled by application code. Request path: GET http://localhost:5013/api/general/stream, Response status code: 404
2026-03-06 17:17:15.542 +05:30 [INF] Request starting HTTP/1.1 GET http://localhost:5013/api/reminders?workspace=sample&key=I3UPoNYawpezx-OhSr2hs0DppN8hwow7MpnppypPP-c&userId=4 - null null
2026-03-06 17:17:15.547 +05:30 [INF] CORS policy execution successful.
2026-03-06 17:17:15.549 +05:30 [INF] Executing endpoint 'BubbleApp.Api.Controllers.RemindersController.Get (BubbleApp.Api)'
2026-03-06 17:17:15.551 +05:30 [INF] Route matched with {action = "Get", controller = "Reminders"}. Executing controller action with signature System.Threading.Tasks.Task`1[Microsoft.AspNetCore.Mvc.IActionResult] Get(System.String, System.String, System.Threading.CancellationToken) on controller BubbleApp.Api.Controllers.RemindersController (BubbleApp.Api).
2026-03-06 17:17:15.565 +05:30 [INF] Executing OkObjectResult, writing value of type 'System.Collections.Generic.List`1[[BubbleApp.Common.ViewModels.Reminder.ReminderDto, BubbleApp.Common, Version=1.0.0.0, Culture=neutral, PublicKeyToken=null]]'.
2026-03-06 17:17:15.568 +05:30 [INF] Executed action BubbleApp.Api.Controllers.RemindersController.Get (BubbleApp.Api) in 13.4937ms
2026-03-06 17:17:15.571 +05:30 [INF] Executed endpoint 'BubbleApp.Api.Controllers.RemindersController.Get (BubbleApp.Api)'
2026-03-06 17:17:15.572 +05:30 [INF] HTTP GET /api/reminders responded 200 in 25.2685 ms
2026-03-06 17:17:15.577 +05:30 [INF] Request finished HTTP/1.1 GET http://localhost:5013/api/reminders?workspace=sample&key=I3UPoNYawpezx-OhSr2hs0DppN8hwow7MpnppypPP-c&userId=4 - 200 null application/json; charset=utf-8 34.8972ms
2026-03-06 17:17:18.571 +05:30 [INF] Executing StatusCodeResult, setting HTTP status code 204
2026-03-06 17:17:18.572 +05:30 [INF] Executed action BubbleApp.Api.Controllers.WidgetConfigController.Long (BubbleApp.Api) in 25015.7413ms
2026-03-06 17:17:18.573 +05:30 [INF] Executed endpoint 'BubbleApp.Api.Controllers.WidgetConfigController.Long (BubbleApp.Api)'
2026-03-06 17:17:18.574 +05:30 [INF] HTTP GET /api/widget/config/long responded 204 in 25022.7402 ms
2026-03-06 17:17:18.576 +05:30 [INF] Request finished HTTP/1.1 GET http://localhost:5013/api/widget/config/long?workspace=sample&key=I3UPoNYawpezx-OhSr2hs0DppN8hwow7MpnppypPP-c&since=0 - 204 null null 25028.8288ms
2026-03-06 17:17:18.580 +05:30 [INF] Request starting HTTP/1.1 GET http://localhost:5013/api/widget/config/long?workspace=sample&key=I3UPoNYawpezx-OhSr2hs0DppN8hwow7MpnppypPP-c&since=0 - null null
2026-03-06 17:17:18.582 +05:30 [INF] CORS policy execution successful.
2026-03-06 17:17:18.583 +05:30 [INF] Executing endpoint 'BubbleApp.Api.Controllers.WidgetConfigController.Long (BubbleApp.Api)'
2026-03-06 17:17:18.584 +05:30 [INF] Route matched with {action = "Long", controller = "WidgetConfig"}. Executing controller action with signature System.Threading.Tasks.Task`1[Microsoft.AspNetCore.Mvc.IActionResult] Long(System.String, Int64, System.Threading.CancellationToken) on controller BubbleApp.Api.Controllers.WidgetConfigController (BubbleApp.Api).
2026-03-06 17:17:23.131 +05:30 [INF] Executing StatusCodeResult, setting HTTP status code 204
2026-03-06 17:17:23.132 +05:30 [INF] Executed action BubbleApp.Api.Controllers.WidgetConfigController.Long (BubbleApp.Api) in 25022.4047ms
2026-03-06 17:17:23.134 +05:30 [INF] Executed endpoint 'BubbleApp.Api.Controllers.WidgetConfigController.Long (BubbleApp.Api)'
2026-03-06 17:17:23.136 +05:30 [INF] HTTP GET /api/widget/config/long responded 204 in 25038.5782 ms
2026-03-06 17:17:23.138 +05:30 [INF] Request finished HTTP/1.1 GET http://localhost:5013/api/widget/config/long?workspace=sample&key=I3UPoNYawpezx-OhSr2hs0DppN8hwow7MpnppypPP-c&since=0 - 204 null null 25049.7912ms
2026-03-06 17:17:23.143 +05:30 [INF] Request starting HTTP/1.1 GET http://localhost:5013/api/widget/config/long?workspace=sample&key=I3UPoNYawpezx-OhSr2hs0DppN8hwow7MpnppypPP-c&since=0 - null null
2026-03-06 17:17:23.150 +05:30 [INF] CORS policy execution successful.
2026-03-06 17:17:23.152 +05:30 [INF] Executing endpoint 'BubbleApp.Api.Controllers.WidgetConfigController.Long (BubbleApp.Api)'
2026-03-06 17:17:23.155 +05:30 [INF] Route matched with {action = "Long", controller = "WidgetConfig"}. Executing controller action with signature System.Threading.Tasks.Task`1[Microsoft.AspNetCore.Mvc.IActionResult] Long(System.String, Int64, System.Threading.CancellationToken) on controller BubbleApp.Api.Controllers.WidgetConfigController (BubbleApp.Api).
2026-03-06 17:17:24.541 +05:30 [INF] Request starting HTTP/1.1 GET http://localhost:5013/api/general?workspace=default&key= - null null
2026-03-06 17:17:24.541 +05:30 [INF] Request starting HTTP/1.1 GET http://localhost:5013/api/general/stream?workspace=default&key= - null null
2026-03-06 17:17:24.545 +05:30 [INF] CORS policy execution successful.
2026-03-06 17:17:24.549 +05:30 [INF] CORS policy execution successful.
2026-03-06 17:17:24.551 +05:30 [INF] Executing endpoint 'BubbleApp.Api.Controllers.GeneralController.Get (BubbleApp.Api)'
2026-03-06 17:17:24.553 +05:30 [INF] HTTP GET /api/general/stream responded 404 in 3.2854 ms
2026-03-06 17:17:24.555 +05:30 [INF] Route matched with {action = "Get", controller = "General"}. Executing controller action with signature System.Threading.Tasks.Task`1[Microsoft.AspNetCore.Mvc.IActionResult] Get(System.String, System.Threading.CancellationToken) on controller BubbleApp.Api.Controllers.GeneralController (BubbleApp.Api).
2026-03-06 17:17:24.558 +05:30 [INF] Request finished HTTP/1.1 GET http://localhost:5013/api/general/stream?workspace=default&key= - 404 0 null 16.7722ms
2026-03-06 17:17:24.562 +05:30 [INF] Executing ObjectResult, writing value of type '<>f__AnonymousType1`1[[System.String, System.Private.CoreLib, Version=9.0.0.0, Culture=neutral, PublicKeyToken=7cec85d7bea7798e]]'.
2026-03-06 17:17:24.565 +05:30 [INF] Request reached the end of the middleware pipeline without being handled by application code. Request path: GET http://localhost:5013/api/general/stream, Response status code: 404
2026-03-06 17:17:24.567 +05:30 [INF] Executed action BubbleApp.Api.Controllers.GeneralController.Get (BubbleApp.Api) in 5.802ms
2026-03-06 17:17:24.573 +05:30 [INF] Executed endpoint 'BubbleApp.Api.Controllers.GeneralController.Get (BubbleApp.Api)'
2026-03-06 17:17:24.575 +05:30 [INF] HTTP GET /api/general responded 401 in 29.2067 ms
2026-03-06 17:17:24.577 +05:30 [INF] Request finished HTTP/1.1 GET http://localhost:5013/api/general?workspace=default&key= - 401 null application/json; charset=utf-8 35.7895ms
2026-03-06 17:17:31.019 +05:30 [INF] Request starting HTTP/1.1 GET http://localhost:5013/api/todos?workspace=default&key=&userId=28 - null null
2026-03-06 17:17:31.023 +05:30 [INF] CORS policy execution successful.
2026-03-06 17:17:31.023 +05:30 [INF] Executing endpoint 'BubbleApp.Api.Controllers.TodosController.Get (BubbleApp.Api)'
2026-03-06 17:17:31.028 +05:30 [INF] Route matched with {action = "Get", controller = "Todos"}. Executing controller action with signature System.Threading.Tasks.Task`1[Microsoft.AspNetCore.Mvc.IActionResult] Get(System.String, System.String, System.Threading.CancellationToken) on controller BubbleApp.Api.Controllers.TodosController (BubbleApp.Api).
2026-03-06 17:17:31.031 +05:30 [INF] Executing ObjectResult, writing value of type '<>f__AnonymousType1`1[[System.String, System.Private.CoreLib, Version=9.0.0.0, Culture=neutral, PublicKeyToken=7cec85d7bea7798e]]'.
2026-03-06 17:17:31.034 +05:30 [INF] Executed action BubbleApp.Api.Controllers.TodosController.Get (BubbleApp.Api) in 4.6706ms
2026-03-06 17:17:31.036 +05:30 [INF] Executed endpoint 'BubbleApp.Api.Controllers.TodosController.Get (BubbleApp.Api)'
2026-03-06 17:17:31.038 +05:30 [INF] HTTP GET /api/todos responded 401 in 15.6366 ms
2026-03-06 17:17:31.040 +05:30 [INF] Request finished HTTP/1.1 GET http://localhost:5013/api/todos?workspace=default&key=&userId=28 - 401 null application/json; charset=utf-8 21.148ms
2026-03-06 17:17:42.533 +05:30 [INF] Request starting HTTP/1.1 GET http://localhost:5013/api/reminders?workspace=sample&key=I3UPoNYawpezx-OhSr2hs0DppN8hwow7MpnppypPP-c&userId=4 - null null
2026-03-06 17:17:42.538 +05:30 [INF] CORS policy execution successful.
2026-03-06 17:17:42.539 +05:30 [INF] Executing endpoint 'BubbleApp.Api.Controllers.RemindersController.Get (BubbleApp.Api)'
2026-03-06 17:17:42.541 +05:30 [INF] Route matched with {action = "Get", controller = "Reminders"}. Executing controller action with signature System.Threading.Tasks.Task`1[Microsoft.AspNetCore.Mvc.IActionResult] Get(System.String, System.String, System.Threading.CancellationToken) on controller BubbleApp.Api.Controllers.RemindersController (BubbleApp.Api).
2026-03-06 17:17:42.548 +05:30 [INF] Executing OkObjectResult, writing value of type 'System.Collections.Generic.List`1[[BubbleApp.Common.ViewModels.Reminder.ReminderDto, BubbleApp.Common, Version=1.0.0.0, Culture=neutral, PublicKeyToken=null]]'.
2026-03-06 17:17:42.551 +05:30 [INF] Executed action BubbleApp.Api.Controllers.RemindersController.Get (BubbleApp.Api) in 7.055ms
2026-03-06 17:17:42.552 +05:30 [INF] Executed endpoint 'BubbleApp.Api.Controllers.RemindersController.Get (BubbleApp.Api)'
2026-03-06 17:17:42.554 +05:30 [INF] HTTP GET /api/reminders responded 200 in 16.2899 ms
2026-03-06 17:17:42.556 +05:30 [INF] Request finished HTTP/1.1 GET http://localhost:5013/api/reminders?workspace=sample&key=I3UPoNYawpezx-OhSr2hs0DppN8hwow7MpnppypPP-c&userId=4 - 200 null application/json; charset=utf-8 22.859ms
2026-03-06 17:17:43.590 +05:30 [INF] Executing StatusCodeResult, setting HTTP status code 204
2026-03-06 17:17:43.592 +05:30 [INF] Executed action BubbleApp.Api.Controllers.WidgetConfigController.Long (BubbleApp.Api) in 25005.1341ms
2026-03-06 17:17:43.594 +05:30 [INF] Executed endpoint 'BubbleApp.Api.Controllers.WidgetConfigController.Long (BubbleApp.Api)'
2026-03-06 17:17:43.595 +05:30 [INF] HTTP GET /api/widget/config/long responded 204 in 25013.1068 ms
2026-03-06 17:17:43.598 +05:30 [INF] Request finished HTTP/1.1 GET http://localhost:5013/api/widget/config/long?workspace=sample&key=I3UPoNYawpezx-OhSr2hs0DppN8hwow7MpnppypPP-c&since=0 - 204 null null 25018.4612ms
2026-03-06 17:17:43.600 +05:30 [INF] Request starting HTTP/1.1 GET http://localhost:5013/api/widget/config/long?workspace=sample&key=I3UPoNYawpezx-OhSr2hs0DppN8hwow7MpnppypPP-c&since=0 - null null
2026-03-06 17:17:43.622 +05:30 [INF] Executing endpoint 'BubbleApp.Api.Controllers.WidgetConfigController.Long (BubbleApp.Api)'
2026-03-06 17:17:43.624 +05:30 [INF] Route matched with {action = "Long", controller = "WidgetConfig"}. Executing controller action with signature System.Threading.Tasks.Task`1[Microsoft.AspNetCore.Mvc.IActionResult] Long(System.String, Int64, System.Threading.CancellationToken) on controller BubbleApp.Api.Controllers.WidgetConfigController (BubbleApp.Api).
2026-03-06 17:17:48.171 +05:30 [INF] Executing StatusCodeResult, setting HTTP status code 204
2026-03-06 17:17:48.177 +05:30 [INF] Executed action BubbleApp.Api.Controllers.WidgetConfigController.Long (BubbleApp.Api) in 25019.1312ms
2026-03-06 17:17:48.184 +05:30 [INF] Executed endpoint 'BubbleApp.Api.Controllers.WidgetConfigController.Long (BubbleApp.Api)'
2026-03-06 17:17:48.186 +05:30 [INF] HTTP GET /api/widget/config/long responded 204 in 25035.7641 ms
2026-03-06 17:17:48.189 +05:30 [INF] Request finished HTTP/1.1 GET http://localhost:5013/api/widget/config/long?workspace=sample&key=I3UPoNYawpezx-OhSr2hs0DppN8hwow7MpnppypPP-c&since=0 - 204 null null 25044.8861ms
2026-03-06 17:17:48.193 +05:30 [INF] Request starting HTTP/1.1 GET http://localhost:5013/api/widget/config/long?workspace=sample&key=I3UPoNYawpezx-OhSr2hs0DppN8hwow7MpnppypPP-c&since=0 - null null
2026-03-06 17:17:48.195 +05:30 [INF] CORS policy execution successful.
2026-03-06 17:17:48.196 +05:30 [INF] Executing endpoint 'BubbleApp.Api.Controllers.WidgetConfigController.Long (BubbleApp.Api)'
2026-03-06 17:17:48.197 +05:30 [INF] Route matched with {action = "Long", controller = "WidgetConfig"}. Executing controller action with signature System.Threading.Tasks.Task`1[Microsoft.AspNetCore.Mvc.IActionResult] Long(System.String, Int64, System.Threading.CancellationToken) on controller BubbleApp.Api.Controllers.WidgetConfigController (BubbleApp.Api).
2026-03-06 17:18:03.607 +05:30 [INF] Request starting HTTP/1.1 GET http://localhost:5013/api/widget/config/long?workspace=sample&key=I3UPoNYawpezx-OhSr2hs0DppN8hwow7MpnppypPP-c&since=0 - null null
2026-03-06 17:18:03.612 +05:30 [INF] CORS policy execution successful.
2026-03-06 17:18:03.614 +05:30 [INF] Executing endpoint 'BubbleApp.Api.Controllers.WidgetConfigController.Long (BubbleApp.Api)'
2026-03-06 17:18:03.616 +05:30 [INF] Route matched with {action = "Long", controller = "WidgetConfig"}. Executing controller action with signature System.Threading.Tasks.Task`1[Microsoft.AspNetCore.Mvc.IActionResult] Long(System.String, Int64, System.Threading.CancellationToken) on controller BubbleApp.Api.Controllers.WidgetConfigController (BubbleApp.Api).
2026-03-06 17:18:08.646 +05:30 [INF] Executing StatusCodeResult, setting HTTP status code 204
2026-03-06 17:18:08.653 +05:30 [INF] Executed action BubbleApp.Api.Controllers.WidgetConfigController.Long (BubbleApp.Api) in 25026.3547ms
2026-03-06 17:18:08.655 +05:30 [INF] Executed endpoint 'BubbleApp.Api.Controllers.WidgetConfigController.Long (BubbleApp.Api)'
2026-03-06 17:18:08.657 +05:30 [INF] HTTP GET /api/widget/config/long responded 204 in 25035.6320 ms
2026-03-06 17:18:08.660 +05:30 [INF] Request finished HTTP/1.1 GET http://localhost:5013/api/widget/config/long?workspace=sample&key=I3UPoNYawpezx-OhSr2hs0DppN8hwow7MpnppypPP-c&since=0 - 204 null null 25059.4084ms
2026-03-06 17:18:13.203 +05:30 [INF] Executing StatusCodeResult, setting HTTP status code 204
2026-03-06 17:18:13.205 +05:30 [INF] Executed action BubbleApp.Api.Controllers.WidgetConfigController.Long (BubbleApp.Api) in 25006.0002ms
2026-03-06 17:18:13.207 +05:30 [INF] Executed endpoint 'BubbleApp.Api.Controllers.WidgetConfigController.Long (BubbleApp.Api)'
2026-03-06 17:18:13.208 +05:30 [INF] HTTP GET /api/widget/config/long responded 204 in 25012.0994 ms
2026-03-06 17:18:13.209 +05:30 [INF] Request finished HTTP/1.1 GET http://localhost:5013/api/widget/config/long?workspace=sample&key=I3UPoNYawpezx-OhSr2hs0DppN8hwow7MpnppypPP-c&since=0 - 204 null null 25016.2505ms
2026-03-06 17:18:13.213 +05:30 [INF] Request starting HTTP/1.1 GET http://localhost:5013/api/widget/config/long?workspace=sample&key=I3UPoNYawpezx-OhSr2hs0DppN8hwow7MpnppypPP-c&since=0 - null null
2026-03-06 17:18:13.216 +05:30 [INF] CORS policy execution successful.
2026-03-06 17:18:13.217 +05:30 [INF] Executing endpoint 'BubbleApp.Api.Controllers.WidgetConfigController.Long (BubbleApp.Api)'
2026-03-06 17:18:13.219 +05:30 [INF] Route matched with {action = "Long", controller = "WidgetConfig"}. Executing controller action with signature System.Threading.Tasks.Task`1[Microsoft.AspNetCore.Mvc.IActionResult] Long(System.String, Int64, System.Threading.CancellationToken) on controller BubbleApp.Api.Controllers.WidgetConfigController (BubbleApp.Api).
2026-03-06 17:18:28.623 +05:30 [INF] Executing StatusCodeResult, setting HTTP status code 204
2026-03-06 17:18:28.625 +05:30 [INF] Executed action BubbleApp.Api.Controllers.WidgetConfigController.Long (BubbleApp.Api) in 25007.213ms
2026-03-06 17:18:28.627 +05:30 [INF] Executed endpoint 'BubbleApp.Api.Controllers.WidgetConfigController.Long (BubbleApp.Api)'
2026-03-06 17:18:28.628 +05:30 [INF] HTTP GET /api/widget/config/long responded 204 in 25015.8437 ms
2026-03-06 17:18:28.629 +05:30 [INF] Request finished HTTP/1.1 GET http://localhost:5013/api/widget/config/long?workspace=sample&key=I3UPoNYawpezx-OhSr2hs0DppN8hwow7MpnppypPP-c&since=0 - 204 null null 25021.566ms
2026-03-06 17:18:28.633 +05:30 [INF] Request starting HTTP/1.1 GET http://localhost:5013/api/widget/config/long?workspace=sample&key=I3UPoNYawpezx-OhSr2hs0DppN8hwow7MpnppypPP-c&since=0 - null null
2026-03-06 17:18:28.635 +05:30 [INF] CORS policy execution successful.
2026-03-06 17:18:28.636 +05:30 [INF] Executing endpoint 'BubbleApp.Api.Controllers.WidgetConfigController.Long (BubbleApp.Api)'
2026-03-06 17:18:28.638 +05:30 [INF] Route matched with {action = "Long", controller = "WidgetConfig"}. Executing controller action with signature System.Threading.Tasks.Task`1[Microsoft.AspNetCore.Mvc.IActionResult] Long(System.String, Int64, System.Threading.CancellationToken) on controller BubbleApp.Api.Controllers.WidgetConfigController (BubbleApp.Api).
2026-03-06 17:18:38.236 +05:30 [INF] Executing StatusCodeResult, setting HTTP status code 204
2026-03-06 17:18:38.237 +05:30 [INF] Executed action BubbleApp.Api.Controllers.WidgetConfigController.Long (BubbleApp.Api) in 25015.3323ms
2026-03-06 17:18:38.239 +05:30 [INF] Executed endpoint 'BubbleApp.Api.Controllers.WidgetConfigController.Long (BubbleApp.Api)'
2026-03-06 17:18:38.240 +05:30 [INF] HTTP GET /api/widget/config/long responded 204 in 25023.3173 ms
2026-03-06 17:18:38.241 +05:30 [INF] Request finished HTTP/1.1 GET http://localhost:5013/api/widget/config/long?workspace=sample&key=I3UPoNYawpezx-OhSr2hs0DppN8hwow7MpnppypPP-c&since=0 - 204 null null 25027.99ms
2026-03-06 17:18:38.245 +05:30 [INF] Request starting HTTP/1.1 GET http://localhost:5013/api/widget/config/long?workspace=sample&key=I3UPoNYawpezx-OhSr2hs0DppN8hwow7MpnppypPP-c&since=0 - null null
2026-03-06 17:18:38.248 +05:30 [INF] CORS policy execution successful.
2026-03-06 17:18:38.249 +05:30 [INF] Executing endpoint 'BubbleApp.Api.Controllers.WidgetConfigController.Long (BubbleApp.Api)'
2026-03-06 17:18:38.250 +05:30 [INF] Route matched with {action = "Long", controller = "WidgetConfig"}. Executing controller action with signature System.Threading.Tasks.Task`1[Microsoft.AspNetCore.Mvc.IActionResult] Long(System.String, Int64, System.Threading.CancellationToken) on controller BubbleApp.Api.Controllers.WidgetConfigController (BubbleApp.Api).
2026-03-06 17:18:42.528 +05:30 [INF] Request starting HTTP/1.1 GET http://localhost:5013/api/reminders?workspace=sample&key=I3UPoNYawpezx-OhSr2hs0DppN8hwow7MpnppypPP-c&userId=4 - null null
2026-03-06 17:18:42.529 +05:30 [INF] Request starting HTTP/1.1 GET http://localhost:5013/api/reminders?workspace=sample&key=I3UPoNYawpezx-OhSr2hs0DppN8hwow7MpnppypPP-c&userId=4 - null null
2026-03-06 17:18:42.532 +05:30 [INF] CORS policy execution successful.
2026-03-06 17:18:42.535 +05:30 [INF] CORS policy execution successful.
2026-03-06 17:18:42.536 +05:30 [INF] Executing endpoint 'BubbleApp.Api.Controllers.RemindersController.Get (BubbleApp.Api)'
2026-03-06 17:18:42.537 +05:30 [INF] Executing endpoint 'BubbleApp.Api.Controllers.RemindersController.Get (BubbleApp.Api)'
2026-03-06 17:18:42.538 +05:30 [INF] Route matched with {action = "Get", controller = "Reminders"}. Executing controller action with signature System.Threading.Tasks.Task`1[Microsoft.AspNetCore.Mvc.IActionResult] Get(System.String, System.String, System.Threading.CancellationToken) on controller BubbleApp.Api.Controllers.RemindersController (BubbleApp.Api).
2026-03-06 17:18:42.539 +05:30 [INF] Route matched with {action = "Get", controller = "Reminders"}. Executing controller action with signature System.Threading.Tasks.Task`1[Microsoft.AspNetCore.Mvc.IActionResult] Get(System.String, System.String, System.Threading.CancellationToken) on controller BubbleApp.Api.Controllers.RemindersController (BubbleApp.Api).
2026-03-06 17:18:42.549 +05:30 [INF] Executing OkObjectResult, writing value of type 'System.Collections.Generic.List`1[[BubbleApp.Common.ViewModels.Reminder.ReminderDto, BubbleApp.Common, Version=1.0.0.0, Culture=neutral, PublicKeyToken=null]]'.
2026-03-06 17:18:42.551 +05:30 [INF] Executing OkObjectResult, writing value of type 'System.Collections.Generic.List`1[[BubbleApp.Common.ViewModels.Reminder.ReminderDto, BubbleApp.Common, Version=1.0.0.0, Culture=neutral, PublicKeyToken=null]]'.
2026-03-06 17:18:42.552 +05:30 [INF] Executed action BubbleApp.Api.Controllers.RemindersController.Get (BubbleApp.Api) in 10.0657ms
2026-03-06 17:18:42.554 +05:30 [INF] Executed action BubbleApp.Api.Controllers.RemindersController.Get (BubbleApp.Api) in 6.5675ms
2026-03-06 17:18:42.556 +05:30 [INF] Executed endpoint 'BubbleApp.Api.Controllers.RemindersController.Get (BubbleApp.Api)'
2026-03-06 17:18:42.558 +05:30 [INF] Executed endpoint 'BubbleApp.Api.Controllers.RemindersController.Get (BubbleApp.Api)'
2026-03-06 17:18:42.559 +05:30 [INF] HTTP GET /api/reminders responded 200 in 26.6777 ms
2026-03-06 17:18:42.561 +05:30 [INF] HTTP GET /api/reminders responded 200 in 26.4592 ms
2026-03-06 17:18:42.563 +05:30 [INF] Request finished HTTP/1.1 GET http://localhost:5013/api/reminders?workspace=sample&key=I3UPoNYawpezx-OhSr2hs0DppN8hwow7MpnppypPP-c&userId=4 - 200 null application/json; charset=utf-8 35.3727ms
2026-03-06 17:18:42.565 +05:30 [INF] Request finished HTTP/1.1 GET http://localhost:5013/api/reminders?workspace=sample&key=I3UPoNYawpezx-OhSr2hs0DppN8hwow7MpnppypPP-c&userId=4 - 200 null application/json; charset=utf-8 36.5434ms
2026-03-06 17:18:53.658 +05:30 [INF] Executing StatusCodeResult, setting HTTP status code 204
2026-03-06 17:18:53.661 +05:30 [INF] Executed action BubbleApp.Api.Controllers.WidgetConfigController.Long (BubbleApp.Api) in 25020.9662ms
2026-03-06 17:18:53.663 +05:30 [INF] Executed endpoint 'BubbleApp.Api.Controllers.WidgetConfigController.Long (BubbleApp.Api)'
2026-03-06 17:18:53.664 +05:30 [INF] HTTP GET /api/widget/config/long responded 204 in 25028.7256 ms
2026-03-06 17:18:53.666 +05:30 [INF] Request finished HTTP/1.1 GET http://localhost:5013/api/widget/config/long?workspace=sample&key=I3UPoNYawpezx-OhSr2hs0DppN8hwow7MpnppypPP-c&since=0 - 204 null null 25032.668ms
2026-03-06 17:18:53.671 +05:30 [INF] Request starting HTTP/1.1 GET http://localhost:5013/api/widget/config/long?workspace=sample&key=I3UPoNYawpezx-OhSr2hs0DppN8hwow7MpnppypPP-c&since=0 - null null
2026-03-06 17:18:53.674 +05:30 [INF] CORS policy execution successful.
2026-03-06 17:18:53.676 +05:30 [INF] Executing endpoint 'BubbleApp.Api.Controllers.WidgetConfigController.Long (BubbleApp.Api)'
2026-03-06 17:18:53.677 +05:30 [INF] Route matched with {action = "Long", controller = "WidgetConfig"}. Executing controller action with signature System.Threading.Tasks.Task`1[Microsoft.AspNetCore.Mvc.IActionResult] Long(System.String, Int64, System.Threading.CancellationToken) on controller BubbleApp.Api.Controllers.WidgetConfigController (BubbleApp.Api).
2026-03-06 17:19:03.269 +05:30 [INF] Executing StatusCodeResult, setting HTTP status code 204
2026-03-06 17:19:03.277 +05:30 [INF] Executed action BubbleApp.Api.Controllers.WidgetConfigController.Long (BubbleApp.Api) in 25024.9866ms
2026-03-06 17:19:03.281 +05:30 [INF] Executed endpoint 'BubbleApp.Api.Controllers.WidgetConfigController.Long (BubbleApp.Api)'
2026-03-06 17:19:03.282 +05:30 [INF] HTTP GET /api/widget/config/long responded 204 in 25034.1727 ms
2026-03-06 17:19:03.285 +05:30 [INF] Request finished HTTP/1.1 GET http://localhost:5013/api/widget/config/long?workspace=sample&key=I3UPoNYawpezx-OhSr2hs0DppN8hwow7MpnppypPP-c&since=0 - 204 null null 25039.1612ms
2026-03-06 17:19:03.289 +05:30 [INF] Request starting HTTP/1.1 GET http://localhost:5013/api/widget/config/long?workspace=sample&key=I3UPoNYawpezx-OhSr2hs0DppN8hwow7MpnppypPP-c&since=0 - null null
2026-03-06 17:19:03.291 +05:30 [INF] CORS policy execution successful.
2026-03-06 17:19:03.292 +05:30 [INF] Executing endpoint 'BubbleApp.Api.Controllers.WidgetConfigController.Long (BubbleApp.Api)'
2026-03-06 17:19:03.293 +05:30 [INF] Route matched with {action = "Long", controller = "WidgetConfig"}. Executing controller action with signature System.Threading.Tasks.Task`1[Microsoft.AspNetCore.Mvc.IActionResult] Long(System.String, Int64, System.Threading.CancellationToken) on controller BubbleApp.Api.Controllers.WidgetConfigController (BubbleApp.Api).
2026-03-06 17:19:18.689 +05:30 [INF] Executing StatusCodeResult, setting HTTP status code 204
2026-03-06 17:19:18.690 +05:30 [INF] Executed action BubbleApp.Api.Controllers.WidgetConfigController.Long (BubbleApp.Api) in 25011.3893ms
2026-03-06 17:19:18.692 +05:30 [INF] Executed endpoint 'BubbleApp.Api.Controllers.WidgetConfigController.Long (BubbleApp.Api)'
2026-03-06 17:19:18.693 +05:30 [INF] HTTP GET /api/widget/config/long responded 204 in 25018.0417 ms
2026-03-06 17:19:18.695 +05:30 [INF] Request finished HTTP/1.1 GET http://localhost:5013/api/widget/config/long?workspace=sample&key=I3UPoNYawpezx-OhSr2hs0DppN8hwow7MpnppypPP-c&since=0 - 204 null null 25023.2276ms
2026-03-06 17:19:18.697 +05:30 [INF] Request starting HTTP/1.1 GET http://localhost:5013/api/widget/config/long?workspace=sample&key=I3UPoNYawpezx-OhSr2hs0DppN8hwow7MpnppypPP-c&since=0 - null null
2026-03-06 17:19:18.701 +05:30 [INF] Executing endpoint 'BubbleApp.Api.Controllers.WidgetConfigController.Long (BubbleApp.Api)'
2026-03-06 17:19:18.703 +05:30 [INF] Route matched with {action = "Long", controller = "WidgetConfig"}. Executing controller action with signature System.Threading.Tasks.Task`1[Microsoft.AspNetCore.Mvc.IActionResult] Long(System.String, Int64, System.Threading.CancellationToken) on controller BubbleApp.Api.Controllers.WidgetConfigController (BubbleApp.Api).
2026-03-06 17:19:28.299 +05:30 [INF] Executing StatusCodeResult, setting HTTP status code 204
2026-03-06 17:19:28.300 +05:30 [INF] Executed action BubbleApp.Api.Controllers.WidgetConfigController.Long (BubbleApp.Api) in 25004.7653ms
2026-03-06 17:19:28.302 +05:30 [INF] Executed endpoint 'BubbleApp.Api.Controllers.WidgetConfigController.Long (BubbleApp.Api)'
2026-03-06 17:19:28.303 +05:30 [INF] HTTP GET /api/widget/config/long responded 204 in 25011.1998 ms
2026-03-06 17:19:28.304 +05:30 [INF] Request finished HTTP/1.1 GET http://localhost:5013/api/widget/config/long?workspace=sample&key=I3UPoNYawpezx-OhSr2hs0DppN8hwow7MpnppypPP-c&since=0 - 204 null null 25015.2109ms
2026-03-06 17:19:28.308 +05:30 [INF] Request starting HTTP/1.1 GET http://localhost:5013/api/widget/config/long?workspace=sample&key=I3UPoNYawpezx-OhSr2hs0DppN8hwow7MpnppypPP-c&since=0 - null null
2026-03-06 17:19:28.312 +05:30 [INF] CORS policy execution successful.
2026-03-06 17:19:28.313 +05:30 [INF] Executing endpoint 'BubbleApp.Api.Controllers.WidgetConfigController.Long (BubbleApp.Api)'
2026-03-06 17:19:28.314 +05:30 [INF] Route matched with {action = "Long", controller = "WidgetConfig"}. Executing controller action with signature System.Threading.Tasks.Task`1[Microsoft.AspNetCore.Mvc.IActionResult] Long(System.String, Int64, System.Threading.CancellationToken) on controller BubbleApp.Api.Controllers.WidgetConfigController (BubbleApp.Api).
2026-03-06 17:19:38.713 +05:30 [INF] Request starting HTTP/1.1 GET http://localhost:5013/api/widget/config/long?workspace=sample&key=I3UPoNYawpezx-OhSr2hs0DppN8hwow7MpnppypPP-c&since=0 - null null
2026-03-06 17:19:38.716 +05:30 [INF] CORS policy execution successful.
2026-03-06 17:19:38.717 +05:30 [INF] Executing endpoint 'BubbleApp.Api.Controllers.WidgetConfigController.Long (BubbleApp.Api)'
2026-03-06 17:19:38.718 +05:30 [INF] Route matched with {action = "Long", controller = "WidgetConfig"}. Executing controller action with signature System.Threading.Tasks.Task`1[Microsoft.AspNetCore.Mvc.IActionResult] Long(System.String, Int64, System.Threading.CancellationToken) on controller BubbleApp.Api.Controllers.WidgetConfigController (BubbleApp.Api).
2026-03-06 17:19:42.544 +05:30 [INF] Request starting HTTP/1.1 GET http://localhost:5013/api/reminders?workspace=sample&key=I3UPoNYawpezx-OhSr2hs0DppN8hwow7MpnppypPP-c&userId=4 - null null
2026-03-06 17:19:42.548 +05:30 [INF] Request starting HTTP/1.1 GET http://localhost:5013/api/reminders?workspace=sample&key=I3UPoNYawpezx-OhSr2hs0DppN8hwow7MpnppypPP-c&userId=4 - null null
2026-03-06 17:19:42.557 +05:30 [INF] CORS policy execution successful.
2026-03-06 17:19:42.563 +05:30 [INF] CORS policy execution successful.
2026-03-06 17:19:42.565 +05:30 [INF] Executing endpoint 'BubbleApp.Api.Controllers.RemindersController.Get (BubbleApp.Api)'
2026-03-06 17:19:42.567 +05:30 [INF] Executing endpoint 'BubbleApp.Api.Controllers.RemindersController.Get (BubbleApp.Api)'
2026-03-06 17:19:42.570 +05:30 [INF] Route matched with {action = "Get", controller = "Reminders"}. Executing controller action with signature System.Threading.Tasks.Task`1[Microsoft.AspNetCore.Mvc.IActionResult] Get(System.String, System.String, System.Threading.CancellationToken) on controller BubbleApp.Api.Controllers.RemindersController (BubbleApp.Api).
2026-03-06 17:19:42.573 +05:30 [INF] Route matched with {action = "Get", controller = "Reminders"}. Executing controller action with signature System.Threading.Tasks.Task`1[Microsoft.AspNetCore.Mvc.IActionResult] Get(System.String, System.String, System.Threading.CancellationToken) on controller BubbleApp.Api.Controllers.RemindersController (BubbleApp.Api).
2026-03-06 17:19:42.578 +05:30 [INF] Executing OkObjectResult, writing value of type 'System.Collections.Generic.List`1[[BubbleApp.Common.ViewModels.Reminder.ReminderDto, BubbleApp.Common, Version=1.0.0.0, Culture=neutral, PublicKeyToken=null]]'.
2026-03-06 17:19:42.581 +05:30 [INF] Executing OkObjectResult, writing value of type 'System.Collections.Generic.List`1[[BubbleApp.Common.ViewModels.Reminder.ReminderDto, BubbleApp.Common, Version=1.0.0.0, Culture=neutral, PublicKeyToken=null]]'.
2026-03-06 17:19:42.581 +05:30 [INF] Executed action BubbleApp.Api.Controllers.RemindersController.Get (BubbleApp.Api) in 4.7422ms
2026-03-06 17:19:42.583 +05:30 [INF] Executed action BubbleApp.Api.Controllers.RemindersController.Get (BubbleApp.Api) in 3.7932ms
2026-03-06 17:19:42.584 +05:30 [INF] Executed endpoint 'BubbleApp.Api.Controllers.RemindersController.Get (BubbleApp.Api)'
2026-03-06 17:19:42.586 +05:30 [INF] Executed endpoint 'BubbleApp.Api.Controllers.RemindersController.Get (BubbleApp.Api)'
2026-03-06 17:19:42.587 +05:30 [INF] HTTP GET /api/reminders responded 200 in 30.9910 ms
2026-03-06 17:19:42.588 +05:30 [INF] HTTP GET /api/reminders responded 200 in 25.1790 ms
2026-03-06 17:19:42.590 +05:30 [INF] Request finished HTTP/1.1 GET http://localhost:5013/api/reminders?workspace=sample&key=I3UPoNYawpezx-OhSr2hs0DppN8hwow7MpnppypPP-c&userId=4 - 200 null application/json; charset=utf-8 46.8369ms
2026-03-06 17:19:42.592 +05:30 [INF] Request finished HTTP/1.1 GET http://localhost:5013/api/reminders?workspace=sample&key=I3UPoNYawpezx-OhSr2hs0DppN8hwow7MpnppypPP-c&userId=4 - 200 null application/json; charset=utf-8 43.9076ms
2026-03-06 17:19:43.714 +05:30 [INF] Executing StatusCodeResult, setting HTTP status code 204
2026-03-06 17:19:43.717 +05:30 [INF] Executed action BubbleApp.Api.Controllers.WidgetConfigController.Long (BubbleApp.Api) in 25009.799ms
2026-03-06 17:19:43.718 +05:30 [INF] Executed endpoint 'BubbleApp.Api.Controllers.WidgetConfigController.Long (BubbleApp.Api)'
2026-03-06 17:19:43.719 +05:30 [INF] HTTP GET /api/widget/config/long responded 204 in 25017.7561 ms
2026-03-06 17:19:43.721 +05:30 [INF] Request finished HTTP/1.1 GET http://localhost:5013/api/widget/config/long?workspace=sample&key=I3UPoNYawpezx-OhSr2hs0DppN8hwow7MpnppypPP-c&since=0 - 204 null null 25023.7372ms
2026-03-06 17:19:53.330 +05:30 [INF] Executing StatusCodeResult, setting HTTP status code 204
2026-03-06 17:19:53.332 +05:30 [INF] Executed action BubbleApp.Api.Controllers.WidgetConfigController.Long (BubbleApp.Api) in 25015.2384ms
2026-03-06 17:19:53.334 +05:30 [INF] Executed endpoint 'BubbleApp.Api.Controllers.WidgetConfigController.Long (BubbleApp.Api)'
2026-03-06 17:19:53.335 +05:30 [INF] HTTP GET /api/widget/config/long responded 204 in 25022.5551 ms
2026-03-06 17:19:53.336 +05:30 [INF] Request finished HTTP/1.1 GET http://localhost:5013/api/widget/config/long?workspace=sample&key=I3UPoNYawpezx-OhSr2hs0DppN8hwow7MpnppypPP-c&since=0 - 204 null null 25027.8482ms
2026-03-06 17:19:53.340 +05:30 [INF] Request starting HTTP/1.1 GET http://localhost:5013/api/widget/config/long?workspace=sample&key=I3UPoNYawpezx-OhSr2hs0DppN8hwow7MpnppypPP-c&since=0 - null null
2026-03-06 17:19:53.343 +05:30 [INF] CORS policy execution successful.
2026-03-06 17:19:53.344 +05:30 [INF] Executing endpoint 'BubbleApp.Api.Controllers.WidgetConfigController.Long (BubbleApp.Api)'
2026-03-06 17:19:53.345 +05:30 [INF] Route matched with {action = "Long", controller = "WidgetConfig"}. Executing controller action with signature System.Threading.Tasks.Task`1[Microsoft.AspNetCore.Mvc.IActionResult] Long(System.String, Int64, System.Threading.CancellationToken) on controller BubbleApp.Api.Controllers.WidgetConfigController (BubbleApp.Api).
2026-03-06 17:20:03.732 +05:30 [INF] Executing StatusCodeResult, setting HTTP status code 204
2026-03-06 17:20:03.734 +05:30 [INF] Executed action BubbleApp.Api.Controllers.WidgetConfigController.Long (BubbleApp.Api) in 25013.3411ms
2026-03-06 17:20:03.735 +05:30 [INF] Executed endpoint 'BubbleApp.Api.Controllers.WidgetConfigController.Long (BubbleApp.Api)'
2026-03-06 17:20:03.736 +05:30 [INF] HTTP GET /api/widget/config/long responded 204 in 25019.8962 ms
2026-03-06 17:20:03.738 +05:30 [INF] Request finished HTTP/1.1 GET http://localhost:5013/api/widget/config/long?workspace=sample&key=I3UPoNYawpezx-OhSr2hs0DppN8hwow7MpnppypPP-c&since=0 - 204 null null 25024.9849ms
2026-03-06 17:20:03.743 +05:30 [INF] Request starting HTTP/1.1 GET http://localhost:5013/api/widget/config/long?workspace=sample&key=I3UPoNYawpezx-OhSr2hs0DppN8hwow7MpnppypPP-c&since=0 - null null
2026-03-06 17:20:03.746 +05:30 [INF] CORS policy execution successful.
2026-03-06 17:20:03.747 +05:30 [INF] Executing endpoint 'BubbleApp.Api.Controllers.WidgetConfigController.Long (BubbleApp.Api)'
2026-03-06 17:20:03.748 +05:30 [INF] Route matched with {action = "Long", controller = "WidgetConfig"}. Executing controller action with signature System.Threading.Tasks.Task`1[Microsoft.AspNetCore.Mvc.IActionResult] Long(System.String, Int64, System.Threading.CancellationToken) on controller BubbleApp.Api.Controllers.WidgetConfigController (BubbleApp.Api).
2026-03-06 17:20:18.362 +05:30 [INF] Executing StatusCodeResult, setting HTTP status code 204
2026-03-06 17:20:18.364 +05:30 [INF] Executed action BubbleApp.Api.Controllers.WidgetConfigController.Long (BubbleApp.Api) in 25005.5925ms
2026-03-06 17:20:18.365 +05:30 [INF] Executed endpoint 'BubbleApp.Api.Controllers.WidgetConfigController.Long (BubbleApp.Api)'
2026-03-06 17:20:18.366 +05:30 [INF] HTTP GET /api/widget/config/long responded 204 in 25022.7520 ms
2026-03-06 17:20:18.368 +05:30 [INF] Request finished HTTP/1.1 GET http://localhost:5013/api/widget/config/long?workspace=sample&key=I3UPoNYawpezx-OhSr2hs0DppN8hwow7MpnppypPP-c&since=0 - 204 null null 25027.4164ms
2026-03-06 17:20:18.372 +05:30 [INF] Request starting HTTP/1.1 GET http://localhost:5013/api/widget/config/long?workspace=sample&key=I3UPoNYawpezx-OhSr2hs0DppN8hwow7MpnppypPP-c&since=0 - null null
2026-03-06 17:20:18.374 +05:30 [INF] CORS policy execution successful.
2026-03-06 17:20:18.375 +05:30 [INF] Executing endpoint 'BubbleApp.Api.Controllers.WidgetConfigController.Long (BubbleApp.Api)'
2026-03-06 17:20:18.377 +05:30 [INF] Route matched with {action = "Long", controller = "WidgetConfig"}. Executing controller action with signature System.Threading.Tasks.Task`1[Microsoft.AspNetCore.Mvc.IActionResult] Long(System.String, Int64, System.Threading.CancellationToken) on controller BubbleApp.Api.Controllers.WidgetConfigController (BubbleApp.Api).
2026-03-06 17:20:28.767 +05:30 [INF] Executing StatusCodeResult, setting HTTP status code 204
2026-03-06 17:20:28.769 +05:30 [INF] Executed action BubbleApp.Api.Controllers.WidgetConfigController.Long (BubbleApp.Api) in 25019.3615ms
2026-03-06 17:20:28.771 +05:30 [INF] Executed endpoint 'BubbleApp.Api.Controllers.WidgetConfigController.Long (BubbleApp.Api)'
2026-03-06 17:20:28.772 +05:30 [INF] HTTP GET /api/widget/config/long responded 204 in 25025.7170 ms
2026-03-06 17:20:28.774 +05:30 [INF] Request finished HTTP/1.1 GET http://localhost:5013/api/widget/config/long?workspace=sample&key=I3UPoNYawpezx-OhSr2hs0DppN8hwow7MpnppypPP-c&since=0 - 204 null null 25030.1101ms
2026-03-06 17:20:28.777 +05:30 [INF] Request starting HTTP/1.1 GET http://localhost:5013/api/widget/config/long?workspace=sample&key=I3UPoNYawpezx-OhSr2hs0DppN8hwow7MpnppypPP-c&since=0 - null null
2026-03-06 17:20:28.779 +05:30 [INF] CORS policy execution successful.
2026-03-06 17:20:28.780 +05:30 [INF] Executing endpoint 'BubbleApp.Api.Controllers.WidgetConfigController.Long (BubbleApp.Api)'
2026-03-06 17:20:28.781 +05:30 [INF] Route matched with {action = "Long", controller = "WidgetConfig"}. Executing controller action with signature System.Threading.Tasks.Task`1[Microsoft.AspNetCore.Mvc.IActionResult] Long(System.String, Int64, System.Threading.CancellationToken) on controller BubbleApp.Api.Controllers.WidgetConfigController (BubbleApp.Api).
2026-03-06 17:20:42.545 +05:30 [INF] Request starting HTTP/1.1 GET http://localhost:5013/api/reminders?workspace=sample&key=I3UPoNYawpezx-OhSr2hs0DppN8hwow7MpnppypPP-c&userId=4 - null null
2026-03-06 17:20:42.551 +05:30 [INF] CORS policy execution successful.
2026-03-06 17:20:42.553 +05:30 [INF] Executing endpoint 'BubbleApp.Api.Controllers.RemindersController.Get (BubbleApp.Api)'
2026-03-06 17:20:42.554 +05:30 [INF] Request starting HTTP/1.1 GET http://localhost:5013/api/reminders?workspace=sample&key=I3UPoNYawpezx-OhSr2hs0DppN8hwow7MpnppypPP-c&userId=4 - null null
2026-03-06 17:20:42.556 +05:30 [INF] Route matched with {action = "Get", controller = "Reminders"}. Executing controller action with signature System.Threading.Tasks.Task`1[Microsoft.AspNetCore.Mvc.IActionResult] Get(System.String, System.String, System.Threading.CancellationToken) on controller BubbleApp.Api.Controllers.RemindersController (BubbleApp.Api).
2026-03-06 17:20:42.560 +05:30 [INF] CORS policy execution successful.
2026-03-06 17:20:42.564 +05:30 [INF] Executing endpoint 'BubbleApp.Api.Controllers.RemindersController.Get (BubbleApp.Api)'
2026-03-06 17:20:42.566 +05:30 [INF] Route matched with {action = "Get", controller = "Reminders"}. Executing controller action with signature System.Threading.Tasks.Task`1[Microsoft.AspNetCore.Mvc.IActionResult] Get(System.String, System.String, System.Threading.CancellationToken) on controller BubbleApp.Api.Controllers.RemindersController (BubbleApp.Api).
2026-03-06 17:20:42.567 +05:30 [INF] Executing OkObjectResult, writing value of type 'System.Collections.Generic.List`1[[BubbleApp.Common.ViewModels.Reminder.ReminderDto, BubbleApp.Common, Version=1.0.0.0, Culture=neutral, PublicKeyToken=null]]'.
2026-03-06 17:20:42.571 +05:30 [INF] Executed action BubbleApp.Api.Controllers.RemindersController.Get (BubbleApp.Api) in 8.5511ms
2026-03-06 17:20:42.574 +05:30 [INF] Executed endpoint 'BubbleApp.Api.Controllers.RemindersController.Get (BubbleApp.Api)'
2026-03-06 17:20:42.574 +05:30 [INF] Executing OkObjectResult, writing value of type 'System.Collections.Generic.List`1[[BubbleApp.Common.ViewModels.Reminder.ReminderDto, BubbleApp.Common, Version=1.0.0.0, Culture=neutral, PublicKeyToken=null]]'.
2026-03-06 17:20:42.575 +05:30 [INF] HTTP GET /api/reminders responded 200 in 23.9597 ms
2026-03-06 17:20:42.578 +05:30 [INF] Executed action BubbleApp.Api.Controllers.RemindersController.Get (BubbleApp.Api) in 9.2627ms
2026-03-06 17:20:42.581 +05:30 [INF] Request finished HTTP/1.1 GET http://localhost:5013/api/reminders?workspace=sample&key=I3UPoNYawpezx-OhSr2hs0DppN8hwow7MpnppypPP-c&userId=4 - 200 null application/json; charset=utf-8 35.7861ms
2026-03-06 17:20:42.583 +05:30 [INF] Executed endpoint 'BubbleApp.Api.Controllers.RemindersController.Get (BubbleApp.Api)'
2026-03-06 17:20:42.591 +05:30 [INF] HTTP GET /api/reminders responded 200 in 30.7677 ms
2026-03-06 17:20:42.594 +05:30 [INF] Request finished HTTP/1.1 GET http://localhost:5013/api/reminders?workspace=sample&key=I3UPoNYawpezx-OhSr2hs0DppN8hwow7MpnppypPP-c&userId=4 - 200 null application/json; charset=utf-8 40.2157ms
2026-03-06 17:20:43.397 +05:30 [INF] Executing StatusCodeResult, setting HTTP status code 204
2026-03-06 17:20:43.399 +05:30 [INF] Executed action BubbleApp.Api.Controllers.WidgetConfigController.Long (BubbleApp.Api) in 25019.9092ms
2026-03-06 17:20:43.400 +05:30 [INF] Executed endpoint 'BubbleApp.Api.Controllers.WidgetConfigController.Long (BubbleApp.Api)'
2026-03-06 17:20:43.401 +05:30 [INF] HTTP GET /api/widget/config/long responded 204 in 25026.3694 ms
2026-03-06 17:20:43.402 +05:30 [INF] Request finished HTTP/1.1 GET http://localhost:5013/api/widget/config/long?workspace=sample&key=I3UPoNYawpezx-OhSr2hs0DppN8hwow7MpnppypPP-c&since=0 - 204 null null 25030.3396ms
2026-03-06 17:20:43.405 +05:30 [INF] Request starting HTTP/1.1 GET http://localhost:5013/api/widget/config/long?workspace=sample&key=I3UPoNYawpezx-OhSr2hs0DppN8hwow7MpnppypPP-c&since=0 - null null
2026-03-06 17:20:43.408 +05:30 [INF] CORS policy execution successful.
2026-03-06 17:20:43.408 +05:30 [INF] Executing endpoint 'BubbleApp.Api.Controllers.WidgetConfigController.Long (BubbleApp.Api)'
2026-03-06 17:20:43.409 +05:30 [INF] Route matched with {action = "Long", controller = "WidgetConfig"}. Executing controller action with signature System.Threading.Tasks.Task`1[Microsoft.AspNetCore.Mvc.IActionResult] Long(System.String, Int64, System.Threading.CancellationToken) on controller BubbleApp.Api.Controllers.WidgetConfigController (BubbleApp.Api).
2026-03-06 17:20:53.800 +05:30 [INF] Executing StatusCodeResult, setting HTTP status code 204
2026-03-06 17:20:53.802 +05:30 [INF] Executed action BubbleApp.Api.Controllers.WidgetConfigController.Long (BubbleApp.Api) in 25019.117ms
2026-03-06 17:20:53.803 +05:30 [INF] Executed endpoint 'BubbleApp.Api.Controllers.WidgetConfigController.Long (BubbleApp.Api)'
2026-03-06 17:20:53.804 +05:30 [INF] HTTP GET /api/widget/config/long responded 204 in 25024.7079 ms
2026-03-06 17:20:53.806 +05:30 [INF] Request finished HTTP/1.1 GET http://localhost:5013/api/widget/config/long?workspace=sample&key=I3UPoNYawpezx-OhSr2hs0DppN8hwow7MpnppypPP-c&since=0 - 204 null null 25028.228ms
2026-03-06 17:20:53.809 +05:30 [INF] Request starting HTTP/1.1 GET http://localhost:5013/api/widget/config/long?workspace=sample&key=I3UPoNYawpezx-OhSr2hs0DppN8hwow7MpnppypPP-c&since=0 - null null
2026-03-06 17:20:53.813 +05:30 [INF] CORS policy execution successful.
2026-03-06 17:20:53.813 +05:30 [INF] Executing endpoint 'BubbleApp.Api.Controllers.WidgetConfigController.Long (BubbleApp.Api)'
2026-03-06 17:20:53.815 +05:30 [INF] Route matched with {action = "Long", controller = "WidgetConfig"}. Executing controller action with signature System.Threading.Tasks.Task`1[Microsoft.AspNetCore.Mvc.IActionResult] Long(System.String, Int64, System.Threading.CancellationToken) on controller BubbleApp.Api.Controllers.WidgetConfigController (BubbleApp.Api).
2026-03-06 17:20:57.547 +05:30 [INF] Request starting HTTP/1.1 GET http://localhost:5013/api/widget/config?workspace=sample&key=I3UPoNYawpezx-OhSr2hs0DppN8hwow7MpnppypPP-c - null null
2026-03-06 17:20:57.547 +05:30 [INF] Request starting HTTP/1.1 GET http://localhost:5013/api/reminders?workspace=sample&key=I3UPoNYawpezx-OhSr2hs0DppN8hwow7MpnppypPP-c&userId=28 - null null
2026-03-06 17:20:57.551 +05:30 [INF] CORS policy execution successful.
2026-03-06 17:20:57.554 +05:30 [INF] CORS policy execution successful.
2026-03-06 17:20:57.555 +05:30 [INF] Executing endpoint 'BubbleApp.Api.Controllers.WidgetConfigController.Get (BubbleApp.Api)'
2026-03-06 17:20:57.557 +05:30 [INF] Executing endpoint 'BubbleApp.Api.Controllers.RemindersController.Get (BubbleApp.Api)'
2026-03-06 17:20:57.558 +05:30 [INF] Route matched with {action = "Get", controller = "Reminders"}. Executing controller action with signature System.Threading.Tasks.Task`1[Microsoft.AspNetCore.Mvc.IActionResult] Get(System.String, System.String, System.Threading.CancellationToken) on controller BubbleApp.Api.Controllers.RemindersController (BubbleApp.Api).
2026-03-06 17:20:57.560 +05:30 [INF] Route matched with {action = "Get", controller = "WidgetConfig"}. Executing controller action with signature System.Threading.Tasks.Task`1[Microsoft.AspNetCore.Mvc.IActionResult] Get(System.String, System.Threading.CancellationToken) on controller BubbleApp.Api.Controllers.WidgetConfigController (BubbleApp.Api).
2026-03-06 17:20:57.563 +05:30 [INF] Executing OkObjectResult, writing value of type 'System.Collections.Generic.List`1[[BubbleApp.Common.ViewModels.Reminder.ReminderDto, BubbleApp.Common, Version=1.0.0.0, Culture=neutral, PublicKeyToken=null]]'.
2026-03-06 17:20:57.565 +05:30 [INF] Executed action BubbleApp.Api.Controllers.RemindersController.Get (BubbleApp.Api) in 4.2069ms
2026-03-06 17:20:57.566 +05:30 [INF] Executing OkObjectResult, writing value of type '<>f__AnonymousType2`3[[System.String, System.Private.CoreLib, Version=9.0.0.0, Culture=neutral, PublicKeyToken=7cec85d7bea7798e],[System.String, System.Private.CoreLib, Version=9.0.0.0, Culture=neutral, PublicKeyToken=7cec85d7bea7798e],[System.Int64, System.Private.CoreLib, Version=9.0.0.0, Culture=neutral, PublicKeyToken=7cec85d7bea7798e]]'.
2026-03-06 17:20:57.566 +05:30 [INF] Executed endpoint 'BubbleApp.Api.Controllers.RemindersController.Get (BubbleApp.Api)'
2026-03-06 17:20:57.569 +05:30 [INF] HTTP GET /api/reminders responded 200 in 14.7897 ms
2026-03-06 17:20:57.571 +05:30 [INF] Request finished HTTP/1.1 GET http://localhost:5013/api/reminders?workspace=sample&key=I3UPoNYawpezx-OhSr2hs0DppN8hwow7MpnppypPP-c&userId=28 - 200 null application/json; charset=utf-8 24.2251ms
2026-03-06 17:20:57.574 +05:30 [INF] Executed action BubbleApp.Api.Controllers.WidgetConfigController.Get (BubbleApp.Api) in 11.1227ms
2026-03-06 17:20:57.576 +05:30 [INF] Executed endpoint 'BubbleApp.Api.Controllers.WidgetConfigController.Get (BubbleApp.Api)'
2026-03-06 17:20:57.577 +05:30 [INF] HTTP GET /api/widget/config responded 200 in 26.1703 ms
2026-03-06 17:20:57.579 +05:30 [INF] Request finished HTTP/1.1 GET http://localhost:5013/api/widget/config?workspace=sample&key=I3UPoNYawpezx-OhSr2hs0DppN8hwow7MpnppypPP-c - 200 null application/json; charset=utf-8 32.605ms
2026-03-06 17:20:57.583 +05:30 [INF] Request starting HTTP/1.1 GET http://localhost:5013/api/widget/config/long?workspace=sample&key=I3UPoNYawpezx-OhSr2hs0DppN8hwow7MpnppypPP-c&since=0 - null null
2026-03-06 17:20:57.586 +05:30 [INF] CORS policy execution successful.
2026-03-06 17:20:57.587 +05:30 [INF] Executing endpoint 'BubbleApp.Api.Controllers.WidgetConfigController.Long (BubbleApp.Api)'
2026-03-06 17:20:57.588 +05:30 [INF] Route matched with {action = "Long", controller = "WidgetConfig"}. Executing controller action with signature System.Threading.Tasks.Task`1[Microsoft.AspNetCore.Mvc.IActionResult] Long(System.String, Int64, System.Threading.CancellationToken) on controller BubbleApp.Api.Controllers.WidgetConfigController (BubbleApp.Api).
2026-03-06 17:21:08.424 +05:30 [INF] Executing StatusCodeResult, setting HTTP status code 204
2026-03-06 17:21:08.429 +05:30 [INF] Executed action BubbleApp.Api.Controllers.WidgetConfigController.Long (BubbleApp.Api) in 25017.39ms
2026-03-06 17:21:08.430 +05:30 [INF] Executed endpoint 'BubbleApp.Api.Controllers.WidgetConfigController.Long (BubbleApp.Api)'
2026-03-06 17:21:08.432 +05:30 [INF] HTTP GET /api/widget/config/long responded 204 in 25023.7768 ms
2026-03-06 17:21:08.433 +05:30 [INF] Request finished HTTP/1.1 GET http://localhost:5013/api/widget/config/long?workspace=sample&key=I3UPoNYawpezx-OhSr2hs0DppN8hwow7MpnppypPP-c&since=0 - 204 null null 25027.9063ms
2026-03-06 17:21:08.438 +05:30 [INF] Request starting HTTP/1.1 GET http://localhost:5013/api/widget/config/long?workspace=sample&key=I3UPoNYawpezx-OhSr2hs0DppN8hwow7MpnppypPP-c&since=0 - null null
2026-03-06 17:21:08.440 +05:30 [INF] CORS policy execution successful.
2026-03-06 17:21:08.441 +05:30 [INF] Executing endpoint 'BubbleApp.Api.Controllers.WidgetConfigController.Long (BubbleApp.Api)'
2026-03-06 17:21:08.442 +05:30 [INF] Route matched with {action = "Long", controller = "WidgetConfig"}. Executing controller action with signature System.Threading.Tasks.Task`1[Microsoft.AspNetCore.Mvc.IActionResult] Long(System.String, Int64, System.Threading.CancellationToken) on controller BubbleApp.Api.Controllers.WidgetConfigController (BubbleApp.Api).
2026-03-06 17:21:18.829 +05:30 [INF] Executing StatusCodeResult, setting HTTP status code 204
2026-03-06 17:21:18.832 +05:30 [INF] Executed action BubbleApp.Api.Controllers.WidgetConfigController.Long (BubbleApp.Api) in 25014.9916ms
2026-03-06 17:21:18.833 +05:30 [INF] Executed endpoint 'BubbleApp.Api.Controllers.WidgetConfigController.Long (BubbleApp.Api)'
2026-03-06 17:21:18.834 +05:30 [INF] HTTP GET /api/widget/config/long responded 204 in 25021.6651 ms
2026-03-06 17:21:18.836 +05:30 [INF] Request finished HTTP/1.1 GET http://localhost:5013/api/widget/config/long?workspace=sample&key=I3UPoNYawpezx-OhSr2hs0DppN8hwow7MpnppypPP-c&since=0 - 204 null null 25026.6116ms
2026-03-06 17:21:18.840 +05:30 [INF] Request starting HTTP/1.1 GET http://localhost:5013/api/widget/config/long?workspace=sample&key=I3UPoNYawpezx-OhSr2hs0DppN8hwow7MpnppypPP-c&since=0 - null null
2026-03-06 17:21:18.843 +05:30 [INF] CORS policy execution successful.
2026-03-06 17:21:18.843 +05:30 [INF] Executing endpoint 'BubbleApp.Api.Controllers.WidgetConfigController.Long (BubbleApp.Api)'
2026-03-06 17:21:18.846 +05:30 [INF] Route matched with {action = "Long", controller = "WidgetConfig"}. Executing controller action with signature System.Threading.Tasks.Task`1[Microsoft.AspNetCore.Mvc.IActionResult] Long(System.String, Int64, System.Threading.CancellationToken) on controller BubbleApp.Api.Controllers.WidgetConfigController (BubbleApp.Api).
2026-03-06 17:21:22.604 +05:30 [INF] Executing StatusCodeResult, setting HTTP status code 204
2026-03-06 17:21:22.606 +05:30 [INF] Executed action BubbleApp.Api.Controllers.WidgetConfigController.Long (BubbleApp.Api) in 25015.2157ms
2026-03-06 17:21:22.607 +05:30 [INF] Executed endpoint 'BubbleApp.Api.Controllers.WidgetConfigController.Long (BubbleApp.Api)'
2026-03-06 17:21:22.608 +05:30 [INF] HTTP GET /api/widget/config/long responded 204 in 25021.3292 ms
2026-03-06 17:21:22.609 +05:30 [INF] Request finished HTTP/1.1 GET http://localhost:5013/api/widget/config/long?workspace=sample&key=I3UPoNYawpezx-OhSr2hs0DppN8hwow7MpnppypPP-c&since=0 - 204 null null 25026.0873ms
2026-03-06 17:21:22.612 +05:30 [INF] Request starting HTTP/1.1 GET http://localhost:5013/api/widget/config/long?workspace=sample&key=I3UPoNYawpezx-OhSr2hs0DppN8hwow7MpnppypPP-c&since=0 - null null
2026-03-06 17:21:22.615 +05:30 [INF] CORS policy execution successful.
2026-03-06 17:21:22.616 +05:30 [INF] Executing endpoint 'BubbleApp.Api.Controllers.WidgetConfigController.Long (BubbleApp.Api)'
2026-03-06 17:21:22.617 +05:30 [INF] Route matched with {action = "Long", controller = "WidgetConfig"}. Executing controller action with signature System.Threading.Tasks.Task`1[Microsoft.AspNetCore.Mvc.IActionResult] Long(System.String, Int64, System.Threading.CancellationToken) on controller BubbleApp.Api.Controllers.WidgetConfigController (BubbleApp.Api).
2026-03-06 17:21:33.454 +05:30 [INF] Executing StatusCodeResult, setting HTTP status code 204
2026-03-06 17:21:33.455 +05:30 [INF] Executed action BubbleApp.Api.Controllers.WidgetConfigController.Long (BubbleApp.Api) in 25010.8398ms
2026-03-06 17:21:33.456 +05:30 [INF] Executed endpoint 'BubbleApp.Api.Controllers.WidgetConfigController.Long (BubbleApp.Api)'
2026-03-06 17:21:33.457 +05:30 [INF] HTTP GET /api/widget/config/long responded 204 in 25016.9719 ms
2026-03-06 17:21:33.459 +05:30 [INF] Request finished HTTP/1.1 GET http://localhost:5013/api/widget/config/long?workspace=sample&key=I3UPoNYawpezx-OhSr2hs0DppN8hwow7MpnppypPP-c&since=0 - 204 null null 25020.8348ms
2026-03-06 17:21:33.462 +05:30 [INF] Request starting HTTP/1.1 GET http://localhost:5013/api/widget/config/long?workspace=sample&key=I3UPoNYawpezx-OhSr2hs0DppN8hwow7MpnppypPP-c&since=0 - null null
2026-03-06 17:21:33.464 +05:30 [INF] CORS policy execution successful.
2026-03-06 17:21:33.465 +05:30 [INF] Executing endpoint 'BubbleApp.Api.Controllers.WidgetConfigController.Long (BubbleApp.Api)'
2026-03-06 17:21:33.466 +05:30 [INF] Route matched with {action = "Long", controller = "WidgetConfig"}. Executing controller action with signature System.Threading.Tasks.Task`1[Microsoft.AspNetCore.Mvc.IActionResult] Long(System.String, Int64, System.Threading.CancellationToken) on controller BubbleApp.Api.Controllers.WidgetConfigController (BubbleApp.Api).
2026-03-06 17:21:42.543 +05:30 [INF] Request starting HTTP/1.1 GET http://localhost:5013/api/reminders?workspace=sample&key=I3UPoNYawpezx-OhSr2hs0DppN8hwow7MpnppypPP-c&userId=4 - null null
2026-03-06 17:21:42.548 +05:30 [INF] Request starting HTTP/1.1 GET http://localhost:5013/api/reminders?workspace=sample&key=I3UPoNYawpezx-OhSr2hs0DppN8hwow7MpnppypPP-c&userId=4 - null null
2026-03-06 17:21:42.554 +05:30 [INF] CORS policy execution successful.
2026-03-06 17:21:42.557 +05:30 [INF] CORS policy execution successful.
2026-03-06 17:21:42.557 +05:30 [INF] Executing endpoint 'BubbleApp.Api.Controllers.RemindersController.Get (BubbleApp.Api)'
2026-03-06 17:21:42.558 +05:30 [INF] Executing endpoint 'BubbleApp.Api.Controllers.RemindersController.Get (BubbleApp.Api)'
2026-03-06 17:21:42.559 +05:30 [INF] Route matched with {action = "Get", controller = "Reminders"}. Executing controller action with signature System.Threading.Tasks.Task`1[Microsoft.AspNetCore.Mvc.IActionResult] Get(System.String, System.String, System.Threading.CancellationToken) on controller BubbleApp.Api.Controllers.RemindersController (BubbleApp.Api).
2026-03-06 17:21:42.560 +05:30 [INF] Route matched with {action = "Get", controller = "Reminders"}. Executing controller action with signature System.Threading.Tasks.Task`1[Microsoft.AspNetCore.Mvc.IActionResult] Get(System.String, System.String, System.Threading.CancellationToken) on controller BubbleApp.Api.Controllers.RemindersController (BubbleApp.Api).
2026-03-06 17:21:42.564 +05:30 [INF] Executing OkObjectResult, writing value of type 'System.Collections.Generic.List`1[[BubbleApp.Common.ViewModels.Reminder.ReminderDto, BubbleApp.Common, Version=1.0.0.0, Culture=neutral, PublicKeyToken=null]]'.
2026-03-06 17:21:42.567 +05:30 [INF] Executed action BubbleApp.Api.Controllers.RemindersController.Get (BubbleApp.Api) in 4.9677ms
2026-03-06 17:21:42.568 +05:30 [INF] Executing OkObjectResult, writing value of type 'System.Collections.Generic.List`1[[BubbleApp.Common.ViewModels.Reminder.ReminderDto, BubbleApp.Common, Version=1.0.0.0, Culture=neutral, PublicKeyToken=null]]'.
2026-03-06 17:21:42.570 +05:30 [INF] Executed endpoint 'BubbleApp.Api.Controllers.RemindersController.Get (BubbleApp.Api)'
2026-03-06 17:21:42.572 +05:30 [INF] Executed action BubbleApp.Api.Controllers.RemindersController.Get (BubbleApp.Api) in 7.6747ms
2026-03-06 17:21:42.573 +05:30 [INF] HTTP GET /api/reminders responded 200 in 19.5156 ms
2026-03-06 17:21:42.575 +05:30 [INF] Executed endpoint 'BubbleApp.Api.Controllers.RemindersController.Get (BubbleApp.Api)'
2026-03-06 17:21:42.576 +05:30 [INF] Request finished HTTP/1.1 GET http://localhost:5013/api/reminders?workspace=sample&key=I3UPoNYawpezx-OhSr2hs0DppN8hwow7MpnppypPP-c&userId=4 - 200 null application/json; charset=utf-8 33.1848ms
2026-03-06 17:21:42.578 +05:30 [INF] HTTP GET /api/reminders responded 200 in 21.2730 ms
2026-03-06 17:21:42.583 +05:30 [INF] Request finished HTTP/1.1 GET http://localhost:5013/api/reminders?workspace=sample&key=I3UPoNYawpezx-OhSr2hs0DppN8hwow7MpnppypPP-c&userId=4 - 200 null application/json; charset=utf-8 35.1789ms
2026-03-06 17:21:43.859 +05:30 [INF] Executing StatusCodeResult, setting HTTP status code 204
2026-03-06 17:21:43.862 +05:30 [INF] Executed action BubbleApp.Api.Controllers.WidgetConfigController.Long (BubbleApp.Api) in 25014.0858ms
2026-03-06 17:21:43.863 +05:30 [INF] Executed endpoint 'BubbleApp.Api.Controllers.WidgetConfigController.Long (BubbleApp.Api)'
2026-03-06 17:21:43.864 +05:30 [INF] HTTP GET /api/widget/config/long responded 204 in 25021.5031 ms
2026-03-06 17:21:43.866 +05:30 [INF] Request finished HTTP/1.1 GET http://localhost:5013/api/widget/config/long?workspace=sample&key=I3UPoNYawpezx-OhSr2hs0DppN8hwow7MpnppypPP-c&since=0 - 204 null null 25025.9954ms
2026-03-06 17:21:43.870 +05:30 [INF] Request starting HTTP/1.1 GET http://localhost:5013/api/widget/config/long?workspace=sample&key=I3UPoNYawpezx-OhSr2hs0DppN8hwow7MpnppypPP-c&since=0 - null null
2026-03-06 17:21:43.872 +05:30 [INF] CORS policy execution successful.
2026-03-06 17:21:43.873 +05:30 [INF] Executing endpoint 'BubbleApp.Api.Controllers.WidgetConfigController.Long (BubbleApp.Api)'
2026-03-06 17:21:43.874 +05:30 [INF] Route matched with {action = "Long", controller = "WidgetConfig"}. Executing controller action with signature System.Threading.Tasks.Task`1[Microsoft.AspNetCore.Mvc.IActionResult] Long(System.String, Int64, System.Threading.CancellationToken) on controller BubbleApp.Api.Controllers.WidgetConfigController (BubbleApp.Api).
2026-03-06 17:21:47.633 +05:30 [INF] Executing StatusCodeResult, setting HTTP status code 204
2026-03-06 17:21:47.635 +05:30 [INF] Executed action BubbleApp.Api.Controllers.WidgetConfigController.Long (BubbleApp.Api) in 25016.4218ms
2026-03-06 17:21:47.637 +05:30 [INF] Executed endpoint 'BubbleApp.Api.Controllers.WidgetConfigController.Long (BubbleApp.Api)'
2026-03-06 17:21:47.638 +05:30 [INF] HTTP GET /api/widget/config/long responded 204 in 25022.6696 ms
2026-03-06 17:21:47.640 +05:30 [INF] Request finished HTTP/1.1 GET http://localhost:5013/api/widget/config/long?workspace=sample&key=I3UPoNYawpezx-OhSr2hs0DppN8hwow7MpnppypPP-c&since=0 - 204 null null 25026.9961ms
2026-03-06 17:21:47.643 +05:30 [INF] Request starting HTTP/1.1 GET http://localhost:5013/api/widget/config/long?workspace=sample&key=I3UPoNYawpezx-OhSr2hs0DppN8hwow7MpnppypPP-c&since=0 - null null
2026-03-06 17:21:47.645 +05:30 [INF] CORS policy execution successful.
2026-03-06 17:21:47.645 +05:30 [INF] Executing endpoint 'BubbleApp.Api.Controllers.WidgetConfigController.Long (BubbleApp.Api)'
2026-03-06 17:21:47.646 +05:30 [INF] Route matched with {action = "Long", controller = "WidgetConfig"}. Executing controller action with signature System.Threading.Tasks.Task`1[Microsoft.AspNetCore.Mvc.IActionResult] Long(System.String, Int64, System.Threading.CancellationToken) on controller BubbleApp.Api.Controllers.WidgetConfigController (BubbleApp.Api).
2026-03-06 17:21:58.473 +05:30 [INF] Executing StatusCodeResult, setting HTTP status code 204
2026-03-06 17:21:58.474 +05:30 [INF] Executed action BubbleApp.Api.Controllers.WidgetConfigController.Long (BubbleApp.Api) in 25006.8045ms
2026-03-06 17:21:58.476 +05:30 [INF] Executed endpoint 'BubbleApp.Api.Controllers.WidgetConfigController.Long (BubbleApp.Api)'
2026-03-06 17:21:58.476 +05:30 [INF] HTTP GET /api/widget/config/long responded 204 in 25012.0144 ms
2026-03-06 17:21:58.478 +05:30 [INF] Request finished HTTP/1.1 GET http://localhost:5013/api/widget/config/long?workspace=sample&key=I3UPoNYawpezx-OhSr2hs0DppN8hwow7MpnppypPP-c&since=0 - 204 null null 25015.795ms
2026-03-06 17:21:58.481 +05:30 [INF] Request starting HTTP/1.1 GET http://localhost:5013/api/widget/config/long?workspace=sample&key=I3UPoNYawpezx-OhSr2hs0DppN8hwow7MpnppypPP-c&since=0 - null null
2026-03-06 17:21:58.483 +05:30 [INF] CORS policy execution successful.
2026-03-06 17:21:58.484 +05:30 [INF] Executing endpoint 'BubbleApp.Api.Controllers.WidgetConfigController.Long (BubbleApp.Api)'
2026-03-06 17:21:58.486 +05:30 [INF] Route matched with {action = "Long", controller = "WidgetConfig"}. Executing controller action with signature System.Threading.Tasks.Task`1[Microsoft.AspNetCore.Mvc.IActionResult] Long(System.String, Int64, System.Threading.CancellationToken) on controller BubbleApp.Api.Controllers.WidgetConfigController (BubbleApp.Api).
2026-03-06 17:21:58.536 +05:30 [INF] Request starting HTTP/1.1 GET http://localhost:5013/api/reminders?workspace=sample&key=I3UPoNYawpezx-OhSr2hs0DppN8hwow7MpnppypPP-c&userId=28 - null null
2026-03-06 17:21:58.538 +05:30 [INF] CORS policy execution successful.
2026-03-06 17:21:58.539 +05:30 [INF] Executing endpoint 'BubbleApp.Api.Controllers.RemindersController.Get (BubbleApp.Api)'
2026-03-06 17:21:58.540 +05:30 [INF] Route matched with {action = "Get", controller = "Reminders"}. Executing controller action with signature System.Threading.Tasks.Task`1[Microsoft.AspNetCore.Mvc.IActionResult] Get(System.String, System.String, System.Threading.CancellationToken) on controller BubbleApp.Api.Controllers.RemindersController (BubbleApp.Api).
2026-03-06 17:21:58.543 +05:30 [INF] Executing OkObjectResult, writing value of type 'System.Collections.Generic.List`1[[BubbleApp.Common.ViewModels.Reminder.ReminderDto, BubbleApp.Common, Version=1.0.0.0, Culture=neutral, PublicKeyToken=null]]'.
2026-03-06 17:21:58.545 +05:30 [INF] Executed action BubbleApp.Api.Controllers.RemindersController.Get (BubbleApp.Api) in 2.7531ms
2026-03-06 17:21:58.546 +05:30 [INF] Executed endpoint 'BubbleApp.Api.Controllers.RemindersController.Get (BubbleApp.Api)'
2026-03-06 17:21:58.546 +05:30 [INF] HTTP GET /api/reminders responded 200 in 8.0165 ms
2026-03-06 17:21:58.548 +05:30 [INF] Request finished HTTP/1.1 GET http://localhost:5013/api/reminders?workspace=sample&key=I3UPoNYawpezx-OhSr2hs0DppN8hwow7MpnppypPP-c&userId=28 - 200 null application/json; charset=utf-8 12.1221ms
2026-03-06 17:22:08.892 +05:30 [INF] Executing StatusCodeResult, setting HTTP status code 204
2026-03-06 17:22:08.898 +05:30 [INF] Executed action BubbleApp.Api.Controllers.WidgetConfigController.Long (BubbleApp.Api) in 25021.8136ms
2026-03-06 17:22:08.903 +05:30 [INF] Executed endpoint 'BubbleApp.Api.Controllers.WidgetConfigController.Long (BubbleApp.Api)'
2026-03-06 17:22:08.905 +05:30 [INF] HTTP GET /api/widget/config/long responded 204 in 25032.5244 ms
2026-03-06 17:22:08.907 +05:30 [INF] Request finished HTTP/1.1 GET http://localhost:5013/api/widget/config/long?workspace=sample&key=I3UPoNYawpezx-OhSr2hs0DppN8hwow7MpnppypPP-c&since=0 - 204 null null 25036.9244ms
2026-03-06 17:22:08.911 +05:30 [INF] Request starting HTTP/1.1 GET http://localhost:5013/api/widget/config/long?workspace=sample&key=I3UPoNYawpezx-OhSr2hs0DppN8hwow7MpnppypPP-c&since=0 - null null
2026-03-06 17:22:08.914 +05:30 [INF] CORS policy execution successful.
2026-03-06 17:22:08.915 +05:30 [INF] Executing endpoint 'BubbleApp.Api.Controllers.WidgetConfigController.Long (BubbleApp.Api)'
2026-03-06 17:22:08.916 +05:30 [INF] Route matched with {action = "Long", controller = "WidgetConfig"}. Executing controller action with signature System.Threading.Tasks.Task`1[Microsoft.AspNetCore.Mvc.IActionResult] Long(System.String, Int64, System.Threading.CancellationToken) on controller BubbleApp.Api.Controllers.WidgetConfigController (BubbleApp.Api).
2026-03-06 17:22:12.660 +05:30 [INF] Executing StatusCodeResult, setting HTTP status code 204
2026-03-06 17:22:12.662 +05:30 [INF] Executed action BubbleApp.Api.Controllers.WidgetConfigController.Long (BubbleApp.Api) in 25013.5233ms
2026-03-06 17:22:12.664 +05:30 [INF] Executed endpoint 'BubbleApp.Api.Controllers.WidgetConfigController.Long (BubbleApp.Api)'
2026-03-06 17:22:12.665 +05:30 [INF] HTTP GET /api/widget/config/long responded 204 in 25020.6581 ms
2026-03-06 17:22:12.667 +05:30 [INF] Request finished HTTP/1.1 GET http://localhost:5013/api/widget/config/long?workspace=sample&key=I3UPoNYawpezx-OhSr2hs0DppN8hwow7MpnppypPP-c&since=0 - 204 null null 25024.4996ms
2026-03-06 17:22:12.672 +05:30 [INF] Request starting HTTP/1.1 GET http://localhost:5013/api/widget/config/long?workspace=sample&key=I3UPoNYawpezx-OhSr2hs0DppN8hwow7MpnppypPP-c&since=0 - null null
2026-03-06 17:22:12.676 +05:30 [INF] CORS policy execution successful.
2026-03-06 17:22:12.677 +05:30 [INF] Executing endpoint 'BubbleApp.Api.Controllers.WidgetConfigController.Long (BubbleApp.Api)'
2026-03-06 17:22:12.678 +05:30 [INF] Route matched with {action = "Long", controller = "WidgetConfig"}. Executing controller action with signature System.Threading.Tasks.Task`1[Microsoft.AspNetCore.Mvc.IActionResult] Long(System.String, Int64, System.Threading.CancellationToken) on controller BubbleApp.Api.Controllers.WidgetConfigController (BubbleApp.Api).
2026-03-06 17:22:23.495 +05:30 [INF] Executing StatusCodeResult, setting HTTP status code 204
2026-03-06 17:22:23.497 +05:30 [INF] Executed action BubbleApp.Api.Controllers.WidgetConfigController.Long (BubbleApp.Api) in 25007.548ms
2026-03-06 17:22:23.498 +05:30 [INF] Executed endpoint 'BubbleApp.Api.Controllers.WidgetConfigController.Long (BubbleApp.Api)'
2026-03-06 17:22:23.500 +05:30 [INF] HTTP GET /api/widget/config/long responded 204 in 25016.0807 ms
2026-03-06 17:22:23.501 +05:30 [INF] Request finished HTTP/1.1 GET http://localhost:5013/api/widget/config/long?workspace=sample&key=I3UPoNYawpezx-OhSr2hs0DppN8hwow7MpnppypPP-c&since=0 - 204 null null 25020.0216ms
2026-03-06 17:22:23.505 +05:30 [INF] Request starting HTTP/1.1 GET http://localhost:5013/api/widget/config/long?workspace=sample&key=I3UPoNYawpezx-OhSr2hs0DppN8hwow7MpnppypPP-c&since=0 - null null
2026-03-06 17:22:23.508 +05:30 [INF] CORS policy execution successful.
2026-03-06 17:22:23.509 +05:30 [INF] Executing endpoint 'BubbleApp.Api.Controllers.WidgetConfigController.Long (BubbleApp.Api)'
2026-03-06 17:22:23.512 +05:30 [INF] Route matched with {action = "Long", controller = "WidgetConfig"}. Executing controller action with signature System.Threading.Tasks.Task`1[Microsoft.AspNetCore.Mvc.IActionResult] Long(System.String, Int64, System.Threading.CancellationToken) on controller BubbleApp.Api.Controllers.WidgetConfigController (BubbleApp.Api).
2026-03-06 17:22:33.927 +05:30 [INF] Executing StatusCodeResult, setting HTTP status code 204
2026-03-06 17:22:33.928 +05:30 [INF] Executed action BubbleApp.Api.Controllers.WidgetConfigController.Long (BubbleApp.Api) in 25010.0203ms
2026-03-06 17:22:33.930 +05:30 [INF] Executed endpoint 'BubbleApp.Api.Controllers.WidgetConfigController.Long (BubbleApp.Api)'
2026-03-06 17:22:33.931 +05:30 [INF] HTTP GET /api/widget/config/long responded 204 in 25016.5612 ms
2026-03-06 17:22:33.932 +05:30 [INF] Request finished HTTP/1.1 GET http://localhost:5013/api/widget/config/long?workspace=sample&key=I3UPoNYawpezx-OhSr2hs0DppN8hwow7MpnppypPP-c&since=0 - 204 null null 25020.7071ms
2026-03-06 17:22:33.935 +05:30 [INF] Request starting HTTP/1.1 GET http://localhost:5013/api/widget/config/long?workspace=sample&key=I3UPoNYawpezx-OhSr2hs0DppN8hwow7MpnppypPP-c&since=0 - null null
2026-03-06 17:22:33.937 +05:30 [INF] CORS policy execution successful.
2026-03-06 17:22:33.938 +05:30 [INF] Executing endpoint 'BubbleApp.Api.Controllers.WidgetConfigController.Long (BubbleApp.Api)'
2026-03-06 17:22:33.939 +05:30 [INF] Route matched with {action = "Long", controller = "WidgetConfig"}. Executing controller action with signature System.Threading.Tasks.Task`1[Microsoft.AspNetCore.Mvc.IActionResult] Long(System.String, Int64, System.Threading.CancellationToken) on controller BubbleApp.Api.Controllers.WidgetConfigController (BubbleApp.Api).
2026-03-06 17:22:37.695 +05:30 [INF] Executing StatusCodeResult, setting HTTP status code 204
2026-03-06 17:22:37.697 +05:30 [INF] Executed action BubbleApp.Api.Controllers.WidgetConfigController.Long (BubbleApp.Api) in 25016.6255ms
2026-03-06 17:22:37.698 +05:30 [INF] Executed endpoint 'BubbleApp.Api.Controllers.WidgetConfigController.Long (BubbleApp.Api)'
2026-03-06 17:22:37.699 +05:30 [INF] HTTP GET /api/widget/config/long responded 204 in 25023.3802 ms
2026-03-06 17:22:37.701 +05:30 [INF] Request finished HTTP/1.1 GET http://localhost:5013/api/widget/config/long?workspace=sample&key=I3UPoNYawpezx-OhSr2hs0DppN8hwow7MpnppypPP-c&since=0 - 204 null null 25028.9968ms
2026-03-06 17:22:37.704 +05:30 [INF] Request starting HTTP/1.1 GET http://localhost:5013/api/widget/config/long?workspace=sample&key=I3UPoNYawpezx-OhSr2hs0DppN8hwow7MpnppypPP-c&since=0 - null null
2026-03-06 17:22:37.706 +05:30 [INF] CORS policy execution successful.
2026-03-06 17:22:37.707 +05:30 [INF] Executing endpoint 'BubbleApp.Api.Controllers.WidgetConfigController.Long (BubbleApp.Api)'
2026-03-06 17:22:37.709 +05:30 [INF] Route matched with {action = "Long", controller = "WidgetConfig"}. Executing controller action with signature System.Threading.Tasks.Task`1[Microsoft.AspNetCore.Mvc.IActionResult] Long(System.String, Int64, System.Threading.CancellationToken) on controller BubbleApp.Api.Controllers.WidgetConfigController (BubbleApp.Api).
2026-03-06 17:22:42.532 +05:30 [INF] Request starting HTTP/1.1 GET http://localhost:5013/api/reminders?workspace=sample&key=I3UPoNYawpezx-OhSr2hs0DppN8hwow7MpnppypPP-c&userId=4 - null null
2026-03-06 17:22:42.532 +05:30 [INF] Request starting HTTP/1.1 GET http://localhost:5013/api/reminders?workspace=sample&key=I3UPoNYawpezx-OhSr2hs0DppN8hwow7MpnppypPP-c&userId=4 - null null
2026-03-06 17:22:42.535 +05:30 [INF] CORS policy execution successful.
2026-03-06 17:22:42.537 +05:30 [INF] CORS policy execution successful.
2026-03-06 17:22:42.538 +05:30 [INF] Executing endpoint 'BubbleApp.Api.Controllers.RemindersController.Get (BubbleApp.Api)'
2026-03-06 17:22:42.539 +05:30 [INF] Executing endpoint 'BubbleApp.Api.Controllers.RemindersController.Get (BubbleApp.Api)'
2026-03-06 17:22:42.540 +05:30 [INF] Route matched with {action = "Get", controller = "Reminders"}. Executing controller action with signature System.Threading.Tasks.Task`1[Microsoft.AspNetCore.Mvc.IActionResult] Get(System.String, System.String, System.Threading.CancellationToken) on controller BubbleApp.Api.Controllers.RemindersController (BubbleApp.Api).
2026-03-06 17:22:42.541 +05:30 [INF] Route matched with {action = "Get", controller = "Reminders"}. Executing controller action with signature System.Threading.Tasks.Task`1[Microsoft.AspNetCore.Mvc.IActionResult] Get(System.String, System.String, System.Threading.CancellationToken) on controller BubbleApp.Api.Controllers.RemindersController (BubbleApp.Api).
2026-03-06 17:22:42.546 +05:30 [INF] Executing OkObjectResult, writing value of type 'System.Collections.Generic.List`1[[BubbleApp.Common.ViewModels.Reminder.ReminderDto, BubbleApp.Common, Version=1.0.0.0, Culture=neutral, PublicKeyToken=null]]'.
2026-03-06 17:22:42.548 +05:30 [INF] Executing OkObjectResult, writing value of type 'System.Collections.Generic.List`1[[BubbleApp.Common.ViewModels.Reminder.ReminderDto, BubbleApp.Common, Version=1.0.0.0, Culture=neutral, PublicKeyToken=null]]'.
2026-03-06 17:22:42.548 +05:30 [INF] Executed action BubbleApp.Api.Controllers.RemindersController.Get (BubbleApp.Api) in 5.3614ms
2026-03-06 17:22:42.549 +05:30 [INF] Executed action BubbleApp.Api.Controllers.RemindersController.Get (BubbleApp.Api) in 4.4591ms
2026-03-06 17:22:42.551 +05:30 [INF] Executed endpoint 'BubbleApp.Api.Controllers.RemindersController.Get (BubbleApp.Api)'
2026-03-06 17:22:42.552 +05:30 [INF] Executed endpoint 'BubbleApp.Api.Controllers.RemindersController.Get (BubbleApp.Api)'
2026-03-06 17:22:42.554 +05:30 [INF] HTTP GET /api/reminders responded 200 in 18.6866 ms
2026-03-06 17:22:42.555 +05:30 [INF] HTTP GET /api/reminders responded 200 in 17.3255 ms
2026-03-06 17:22:42.556 +05:30 [INF] Request finished HTTP/1.1 GET http://localhost:5013/api/reminders?workspace=sample&key=I3UPoNYawpezx-OhSr2hs0DppN8hwow7MpnppypPP-c&userId=4 - 200 null application/json; charset=utf-8 24.3ms
2026-03-06 17:22:42.558 +05:30 [INF] Request finished HTTP/1.1 GET http://localhost:5013/api/reminders?workspace=sample&key=I3UPoNYawpezx-OhSr2hs0DppN8hwow7MpnppypPP-c&userId=4 - 200 null application/json; charset=utf-8 26.1656ms
2026-03-06 17:22:48.523 +05:30 [INF] Executing StatusCodeResult, setting HTTP status code 204
2026-03-06 17:22:48.525 +05:30 [INF] Executed action BubbleApp.Api.Controllers.WidgetConfigController.Long (BubbleApp.Api) in 25009.9392ms
2026-03-06 17:22:48.526 +05:30 [INF] Executed endpoint 'BubbleApp.Api.Controllers.WidgetConfigController.Long (BubbleApp.Api)'
2026-03-06 17:22:48.527 +05:30 [INF] HTTP GET /api/widget/config/long responded 204 in 25019.0693 ms
2026-03-06 17:22:48.529 +05:30 [INF] Request finished HTTP/1.1 GET http://localhost:5013/api/widget/config/long?workspace=sample&key=I3UPoNYawpezx-OhSr2hs0DppN8hwow7MpnppypPP-c&since=0 - 204 null null 25023.2659ms
2026-03-06 17:22:48.533 +05:30 [INF] Request starting HTTP/1.1 GET http://localhost:5013/api/widget/config/long?workspace=sample&key=I3UPoNYawpezx-OhSr2hs0DppN8hwow7MpnppypPP-c&since=0 - null null
2026-03-06 17:22:48.537 +05:30 [INF] CORS policy execution successful.
2026-03-06 17:22:48.538 +05:30 [INF] Executing endpoint 'BubbleApp.Api.Controllers.WidgetConfigController.Long (BubbleApp.Api)'
2026-03-06 17:22:48.540 +05:30 [INF] Route matched with {action = "Long", controller = "WidgetConfig"}. Executing controller action with signature System.Threading.Tasks.Task`1[Microsoft.AspNetCore.Mvc.IActionResult] Long(System.String, Int64, System.Threading.CancellationToken) on controller BubbleApp.Api.Controllers.WidgetConfigController (BubbleApp.Api).
2026-03-06 17:22:58.537 +05:30 [INF] Request starting HTTP/1.1 GET http://localhost:5013/api/reminders?workspace=sample&key=I3UPoNYawpezx-OhSr2hs0DppN8hwow7MpnppypPP-c&userId=28 - null null
2026-03-06 17:22:58.541 +05:30 [INF] CORS policy execution successful.
2026-03-06 17:22:58.542 +05:30 [INF] Executing endpoint 'BubbleApp.Api.Controllers.RemindersController.Get (BubbleApp.Api)'
2026-03-06 17:22:58.543 +05:30 [INF] Route matched with {action = "Get", controller = "Reminders"}. Executing controller action with signature System.Threading.Tasks.Task`1[Microsoft.AspNetCore.Mvc.IActionResult] Get(System.String, System.String, System.Threading.CancellationToken) on controller BubbleApp.Api.Controllers.RemindersController (BubbleApp.Api).
2026-03-06 17:22:58.548 +05:30 [INF] Executing OkObjectResult, writing value of type 'System.Collections.Generic.List`1[[BubbleApp.Common.ViewModels.Reminder.ReminderDto, BubbleApp.Common, Version=1.0.0.0, Culture=neutral, PublicKeyToken=null]]'.
2026-03-06 17:22:58.550 +05:30 [INF] Executed action BubbleApp.Api.Controllers.RemindersController.Get (BubbleApp.Api) in 4.5338ms
2026-03-06 17:22:58.551 +05:30 [INF] Executed endpoint 'BubbleApp.Api.Controllers.RemindersController.Get (BubbleApp.Api)'
2026-03-06 17:22:58.554 +05:30 [INF] HTTP GET /api/reminders responded 200 in 13.0140 ms
2026-03-06 17:22:58.556 +05:30 [INF] Request finished HTTP/1.1 GET http://localhost:5013/api/reminders?workspace=sample&key=I3UPoNYawpezx-OhSr2hs0DppN8hwow7MpnppypPP-c&userId=28 - 200 null application/json; charset=utf-8 18.5897ms
2026-03-06 17:22:58.958 +05:30 [INF] Executing StatusCodeResult, setting HTTP status code 204
2026-03-06 17:22:58.961 +05:30 [INF] Executed action BubbleApp.Api.Controllers.WidgetConfigController.Long (BubbleApp.Api) in 25019.6705ms
2026-03-06 17:22:58.964 +05:30 [INF] Executed endpoint 'BubbleApp.Api.Controllers.WidgetConfigController.Long (BubbleApp.Api)'
2026-03-06 17:22:58.966 +05:30 [INF] HTTP GET /api/widget/config/long responded 204 in 25027.9719 ms
2026-03-06 17:22:58.968 +05:30 [INF] Request finished HTTP/1.1 GET http://localhost:5013/api/widget/config/long?workspace=sample&key=I3UPoNYawpezx-OhSr2hs0DppN8hwow7MpnppypPP-c&since=0 - 204 null null 25032.106ms
2026-03-06 17:22:58.971 +05:30 [INF] Request starting HTTP/1.1 GET http://localhost:5013/api/widget/config/long?workspace=sample&key=I3UPoNYawpezx-OhSr2hs0DppN8hwow7MpnppypPP-c&since=0 - null null
2026-03-06 17:22:58.974 +05:30 [INF] CORS policy execution successful.
2026-03-06 17:22:58.975 +05:30 [INF] Executing endpoint 'BubbleApp.Api.Controllers.WidgetConfigController.Long (BubbleApp.Api)'
2026-03-06 17:22:58.976 +05:30 [INF] Route matched with {action = "Long", controller = "WidgetConfig"}. Executing controller action with signature System.Threading.Tasks.Task`1[Microsoft.AspNetCore.Mvc.IActionResult] Long(System.String, Int64, System.Threading.CancellationToken) on controller BubbleApp.Api.Controllers.WidgetConfigController (BubbleApp.Api).
2026-03-06 17:23:02.727 +05:30 [INF] Executing StatusCodeResult, setting HTTP status code 204
2026-03-06 17:23:02.729 +05:30 [INF] Executed action BubbleApp.Api.Controllers.WidgetConfigController.Long (BubbleApp.Api) in 25018.0554ms
2026-03-06 17:23:02.730 +05:30 [INF] Executed endpoint 'BubbleApp.Api.Controllers.WidgetConfigController.Long (BubbleApp.Api)'
2026-03-06 17:23:02.731 +05:30 [INF] HTTP GET /api/widget/config/long responded 204 in 25024.5366 ms
2026-03-06 17:23:02.733 +05:30 [INF] Request finished HTTP/1.1 GET http://localhost:5013/api/widget/config/long?workspace=sample&key=I3UPoNYawpezx-OhSr2hs0DppN8hwow7MpnppypPP-c&since=0 - 204 null null 25028.3915ms
2026-03-06 17:23:02.736 +05:30 [INF] Request starting HTTP/1.1 GET http://localhost:5013/api/widget/config/long?workspace=sample&key=I3UPoNYawpezx-OhSr2hs0DppN8hwow7MpnppypPP-c&since=0 - null null
2026-03-06 17:23:02.738 +05:30 [INF] CORS policy execution successful.
2026-03-06 17:23:02.738 +05:30 [INF] Executing endpoint 'BubbleApp.Api.Controllers.WidgetConfigController.Long (BubbleApp.Api)'
2026-03-06 17:23:02.739 +05:30 [INF] Route matched with {action = "Long", controller = "WidgetConfig"}. Executing controller action with signature System.Threading.Tasks.Task`1[Microsoft.AspNetCore.Mvc.IActionResult] Long(System.String, Int64, System.Threading.CancellationToken) on controller BubbleApp.Api.Controllers.WidgetConfigController (BubbleApp.Api).
2026-03-06 17:23:13.559 +05:30 [INF] Executing StatusCodeResult, setting HTTP status code 204
2026-03-06 17:23:13.560 +05:30 [INF] Executed action BubbleApp.Api.Controllers.WidgetConfigController.Long (BubbleApp.Api) in 25017.4721ms
2026-03-06 17:23:13.562 +05:30 [INF] Executed endpoint 'BubbleApp.Api.Controllers.WidgetConfigController.Long (BubbleApp.Api)'
2026-03-06 17:23:13.563 +05:30 [INF] HTTP GET /api/widget/config/long responded 204 in 25026.0138 ms
2026-03-06 17:23:13.565 +05:30 [INF] Request finished HTTP/1.1 GET http://localhost:5013/api/widget/config/long?workspace=sample&key=I3UPoNYawpezx-OhSr2hs0DppN8hwow7MpnppypPP-c&since=0 - 204 null null 25032.5012ms
2026-03-06 17:23:13.569 +05:30 [INF] Request starting HTTP/1.1 GET http://localhost:5013/api/widget/config/long?workspace=sample&key=I3UPoNYawpezx-OhSr2hs0DppN8hwow7MpnppypPP-c&since=0 - null null
2026-03-06 17:23:13.572 +05:30 [INF] CORS policy execution successful.
2026-03-06 17:23:13.573 +05:30 [INF] Executing endpoint 'BubbleApp.Api.Controllers.WidgetConfigController.Long (BubbleApp.Api)'
2026-03-06 17:23:13.574 +05:30 [INF] Route matched with {action = "Long", controller = "WidgetConfig"}. Executing controller action with signature System.Threading.Tasks.Task`1[Microsoft.AspNetCore.Mvc.IActionResult] Long(System.String, Int64, System.Threading.CancellationToken) on controller BubbleApp.Api.Controllers.WidgetConfigController (BubbleApp.Api).
2026-03-06 17:23:23.984 +05:30 [INF] Executing StatusCodeResult, setting HTTP status code 204
2026-03-06 17:23:23.986 +05:30 [INF] Executed action BubbleApp.Api.Controllers.WidgetConfigController.Long (BubbleApp.Api) in 25008.7275ms
2026-03-06 17:23:23.988 +05:30 [INF] Executed endpoint 'BubbleApp.Api.Controllers.WidgetConfigController.Long (BubbleApp.Api)'
2026-03-06 17:23:23.989 +05:30 [INF] HTTP GET /api/widget/config/long responded 204 in 25014.9347 ms
2026-03-06 17:23:23.991 +05:30 [INF] Request finished HTTP/1.1 GET http://localhost:5013/api/widget/config/long?workspace=sample&key=I3UPoNYawpezx-OhSr2hs0DppN8hwow7MpnppypPP-c&since=0 - 204 null null 25019.5588ms
2026-03-06 17:23:23.994 +05:30 [INF] Request starting HTTP/1.1 GET http://localhost:5013/api/widget/config/long?workspace=sample&key=I3UPoNYawpezx-OhSr2hs0DppN8hwow7MpnppypPP-c&since=0 - null null
2026-03-06 17:23:23.998 +05:30 [INF] CORS policy execution successful.
2026-03-06 17:23:23.999 +05:30 [INF] Executing endpoint 'BubbleApp.Api.Controllers.WidgetConfigController.Long (BubbleApp.Api)'
2026-03-06 17:23:24.000 +05:30 [INF] Route matched with {action = "Long", controller = "WidgetConfig"}. Executing controller action with signature System.Threading.Tasks.Task`1[Microsoft.AspNetCore.Mvc.IActionResult] Long(System.String, Int64, System.Threading.CancellationToken) on controller BubbleApp.Api.Controllers.WidgetConfigController (BubbleApp.Api).
2026-03-06 17:23:27.751 +05:30 [INF] Executing StatusCodeResult, setting HTTP status code 204
2026-03-06 17:23:27.757 +05:30 [INF] Executed action BubbleApp.Api.Controllers.WidgetConfigController.Long (BubbleApp.Api) in 25016.4826ms
2026-03-06 17:23:27.767 +05:30 [INF] Executed endpoint 'BubbleApp.Api.Controllers.WidgetConfigController.Long (BubbleApp.Api)'
2026-03-06 17:23:27.774 +05:30 [INF] HTTP GET /api/widget/config/long responded 204 in 25035.8637 ms
2026-03-06 17:23:27.785 +05:30 [INF] Request finished HTTP/1.1 GET http://localhost:5013/api/widget/config/long?workspace=sample&key=I3UPoNYawpezx-OhSr2hs0DppN8hwow7MpnppypPP-c&since=0 - 204 null null 25049.3204ms
2026-03-06 17:23:27.790 +05:30 [INF] Request starting HTTP/1.1 GET http://localhost:5013/api/widget/config/long?workspace=sample&key=I3UPoNYawpezx-OhSr2hs0DppN8hwow7MpnppypPP-c&since=0 - null null
2026-03-06 17:23:27.792 +05:30 [INF] CORS policy execution successful.
2026-03-06 17:23:27.793 +05:30 [INF] Executing endpoint 'BubbleApp.Api.Controllers.WidgetConfigController.Long (BubbleApp.Api)'
2026-03-06 17:23:27.794 +05:30 [INF] Route matched with {action = "Long", controller = "WidgetConfig"}. Executing controller action with signature System.Threading.Tasks.Task`1[Microsoft.AspNetCore.Mvc.IActionResult] Long(System.String, Int64, System.Threading.CancellationToken) on controller BubbleApp.Api.Controllers.WidgetConfigController (BubbleApp.Api).
2026-03-06 17:23:38.585 +05:30 [INF] Executing StatusCodeResult, setting HTTP status code 204
2026-03-06 17:23:38.587 +05:30 [INF] Executed action BubbleApp.Api.Controllers.WidgetConfigController.Long (BubbleApp.Api) in 25011.0854ms
2026-03-06 17:23:38.589 +05:30 [INF] Executed endpoint 'BubbleApp.Api.Controllers.WidgetConfigController.Long (BubbleApp.Api)'
2026-03-06 17:23:38.590 +05:30 [INF] HTTP GET /api/widget/config/long responded 204 in 25018.1894 ms
2026-03-06 17:23:38.592 +05:30 [INF] Request finished HTTP/1.1 GET http://localhost:5013/api/widget/config/long?workspace=sample&key=I3UPoNYawpezx-OhSr2hs0DppN8hwow7MpnppypPP-c&since=0 - 204 null null 25022.3808ms
2026-03-06 17:23:38.595 +05:30 [INF] Request starting HTTP/1.1 GET http://localhost:5013/api/widget/config/long?workspace=sample&key=I3UPoNYawpezx-OhSr2hs0DppN8hwow7MpnppypPP-c&since=0 - null null
2026-03-06 17:23:38.598 +05:30 [INF] CORS policy execution successful.
2026-03-06 17:23:38.599 +05:30 [INF] Executing endpoint 'BubbleApp.Api.Controllers.WidgetConfigController.Long (BubbleApp.Api)'
2026-03-06 17:23:38.601 +05:30 [INF] Route matched with {action = "Long", controller = "WidgetConfig"}. Executing controller action with signature System.Threading.Tasks.Task`1[Microsoft.AspNetCore.Mvc.IActionResult] Long(System.String, Int64, System.Threading.CancellationToken) on controller BubbleApp.Api.Controllers.WidgetConfigController (BubbleApp.Api).
2026-03-06 17:23:42.533 +05:30 [INF] Request starting HTTP/1.1 GET http://localhost:5013/api/reminders?workspace=sample&key=I3UPoNYawpezx-OhSr2hs0DppN8hwow7MpnppypPP-c&userId=4 - null null
2026-03-06 17:23:42.535 +05:30 [INF] Request starting HTTP/1.1 GET http://localhost:5013/api/reminders?workspace=sample&key=I3UPoNYawpezx-OhSr2hs0DppN8hwow7MpnppypPP-c&userId=4 - null null
2026-03-06 17:23:42.538 +05:30 [INF] CORS policy execution successful.
2026-03-06 17:23:42.541 +05:30 [INF] CORS policy execution successful.
2026-03-06 17:23:42.543 +05:30 [INF] Executing endpoint 'BubbleApp.Api.Controllers.RemindersController.Get (BubbleApp.Api)'
2026-03-06 17:23:42.544 +05:30 [INF] Executing endpoint 'BubbleApp.Api.Controllers.RemindersController.Get (BubbleApp.Api)'
2026-03-06 17:23:42.545 +05:30 [INF] Route matched with {action = "Get", controller = "Reminders"}. Executing controller action with signature System.Threading.Tasks.Task`1[Microsoft.AspNetCore.Mvc.IActionResult] Get(System.String, System.String, System.Threading.CancellationToken) on controller BubbleApp.Api.Controllers.RemindersController (BubbleApp.Api).
2026-03-06 17:23:42.547 +05:30 [INF] Route matched with {action = "Get", controller = "Reminders"}. Executing controller action with signature System.Threading.Tasks.Task`1[Microsoft.AspNetCore.Mvc.IActionResult] Get(System.String, System.String, System.Threading.CancellationToken) on controller BubbleApp.Api.Controllers.RemindersController (BubbleApp.Api).
2026-03-06 17:23:42.557 +05:30 [INF] Executing OkObjectResult, writing value of type 'System.Collections.Generic.List`1[[BubbleApp.Common.ViewModels.Reminder.ReminderDto, BubbleApp.Common, Version=1.0.0.0, Culture=neutral, PublicKeyToken=null]]'.
2026-03-06 17:23:42.559 +05:30 [INF] Executing OkObjectResult, writing value of type 'System.Collections.Generic.List`1[[BubbleApp.Common.ViewModels.Reminder.ReminderDto, BubbleApp.Common, Version=1.0.0.0, Culture=neutral, PublicKeyToken=null]]'.
2026-03-06 17:23:42.560 +05:30 [INF] Executed action BubbleApp.Api.Controllers.RemindersController.Get (BubbleApp.Api) in 8.332ms
2026-03-06 17:23:42.562 +05:30 [INF] Executed action BubbleApp.Api.Controllers.RemindersController.Get (BubbleApp.Api) in 6.1547ms
2026-03-06 17:23:42.564 +05:30 [INF] Executed endpoint 'BubbleApp.Api.Controllers.RemindersController.Get (BubbleApp.Api)'
2026-03-06 17:23:42.566 +05:30 [INF] Executed endpoint 'BubbleApp.Api.Controllers.RemindersController.Get (BubbleApp.Api)'
2026-03-06 17:23:42.569 +05:30 [INF] HTTP GET /api/reminders responded 200 in 31.0650 ms
2026-03-06 17:23:42.570 +05:30 [INF] HTTP GET /api/reminders responded 200 in 28.9549 ms
2026-03-06 17:23:42.573 +05:30 [INF] Request finished HTTP/1.1 GET http://localhost:5013/api/reminders?workspace=sample&key=I3UPoNYawpezx-OhSr2hs0DppN8hwow7MpnppypPP-c&userId=4 - 200 null application/json; charset=utf-8 39.6874ms
2026-03-06 17:23:42.576 +05:30 [INF] Request finished HTTP/1.1 GET http://localhost:5013/api/reminders?workspace=sample&key=I3UPoNYawpezx-OhSr2hs0DppN8hwow7MpnppypPP-c&userId=4 - 200 null application/json; charset=utf-8 41.1923ms
2026-03-06 17:23:49.009 +05:30 [INF] Executing StatusCodeResult, setting HTTP status code 204
2026-03-06 17:23:49.010 +05:30 [INF] Executed action BubbleApp.Api.Controllers.WidgetConfigController.Long (BubbleApp.Api) in 25007.6354ms
2026-03-06 17:23:49.011 +05:30 [INF] Executed endpoint 'BubbleApp.Api.Controllers.WidgetConfigController.Long (BubbleApp.Api)'
2026-03-06 17:23:49.012 +05:30 [INF] HTTP GET /api/widget/config/long responded 204 in 25014.3864 ms
2026-03-06 17:23:49.014 +05:30 [INF] Request finished HTTP/1.1 GET http://localhost:5013/api/widget/config/long?workspace=sample&key=I3UPoNYawpezx-OhSr2hs0DppN8hwow7MpnppypPP-c&since=0 - 204 null null 25019.4313ms
2026-03-06 17:23:49.018 +05:30 [INF] Request starting HTTP/1.1 GET http://localhost:5013/api/widget/config/long?workspace=sample&key=I3UPoNYawpezx-OhSr2hs0DppN8hwow7MpnppypPP-c&since=0 - null null
2026-03-06 17:23:49.020 +05:30 [INF] CORS policy execution successful.
2026-03-06 17:23:49.020 +05:30 [INF] Executing endpoint 'BubbleApp.Api.Controllers.WidgetConfigController.Long (BubbleApp.Api)'
2026-03-06 17:23:49.021 +05:30 [INF] Route matched with {action = "Long", controller = "WidgetConfig"}. Executing controller action with signature System.Threading.Tasks.Task`1[Microsoft.AspNetCore.Mvc.IActionResult] Long(System.String, Int64, System.Threading.CancellationToken) on controller BubbleApp.Api.Controllers.WidgetConfigController (BubbleApp.Api).
2026-03-06 17:23:52.807 +05:30 [INF] Executing StatusCodeResult, setting HTTP status code 204
2026-03-06 17:23:52.808 +05:30 [INF] Executed action BubbleApp.Api.Controllers.WidgetConfigController.Long (BubbleApp.Api) in 25011.4334ms
2026-03-06 17:23:52.809 +05:30 [INF] Executed endpoint 'BubbleApp.Api.Controllers.WidgetConfigController.Long (BubbleApp.Api)'
2026-03-06 17:23:52.810 +05:30 [INF] HTTP GET /api/widget/config/long responded 204 in 25017.4222 ms
2026-03-06 17:23:52.811 +05:30 [INF] Request finished HTTP/1.1 GET http://localhost:5013/api/widget/config/long?workspace=sample&key=I3UPoNYawpezx-OhSr2hs0DppN8hwow7MpnppypPP-c&since=0 - 204 null null 25021.4643ms
2026-03-06 17:23:52.815 +05:30 [INF] Request starting HTTP/1.1 GET http://localhost:5013/api/widget/config/long?workspace=sample&key=I3UPoNYawpezx-OhSr2hs0DppN8hwow7MpnppypPP-c&since=0 - null null
2026-03-06 17:23:52.819 +05:30 [INF] CORS policy execution successful.
2026-03-06 17:23:52.820 +05:30 [INF] Executing endpoint 'BubbleApp.Api.Controllers.WidgetConfigController.Long (BubbleApp.Api)'
2026-03-06 17:23:52.822 +05:30 [INF] Route matched with {action = "Long", controller = "WidgetConfig"}. Executing controller action with signature System.Threading.Tasks.Task`1[Microsoft.AspNetCore.Mvc.IActionResult] Long(System.String, Int64, System.Threading.CancellationToken) on controller BubbleApp.Api.Controllers.WidgetConfigController (BubbleApp.Api).
2026-03-06 17:23:58.539 +05:30 [INF] Request starting HTTP/1.1 GET http://localhost:5013/api/reminders?workspace=sample&key=I3UPoNYawpezx-OhSr2hs0DppN8hwow7MpnppypPP-c&userId=28 - null null
2026-03-06 17:23:58.542 +05:30 [INF] CORS policy execution successful.
2026-03-06 17:23:58.542 +05:30 [INF] Executing endpoint 'BubbleApp.Api.Controllers.RemindersController.Get (BubbleApp.Api)'
2026-03-06 17:23:58.543 +05:30 [INF] Route matched with {action = "Get", controller = "Reminders"}. Executing controller action with signature System.Threading.Tasks.Task`1[Microsoft.AspNetCore.Mvc.IActionResult] Get(System.String, System.String, System.Threading.CancellationToken) on controller BubbleApp.Api.Controllers.RemindersController (BubbleApp.Api).
2026-03-06 17:23:58.547 +05:30 [INF] Executing OkObjectResult, writing value of type 'System.Collections.Generic.List`1[[BubbleApp.Common.ViewModels.Reminder.ReminderDto, BubbleApp.Common, Version=1.0.0.0, Culture=neutral, PublicKeyToken=null]]'.
2026-03-06 17:23:58.548 +05:30 [INF] Executed action BubbleApp.Api.Controllers.RemindersController.Get (BubbleApp.Api) in 3.2691ms
2026-03-06 17:23:58.549 +05:30 [INF] Executed endpoint 'BubbleApp.Api.Controllers.RemindersController.Get (BubbleApp.Api)'
2026-03-06 17:23:58.550 +05:30 [INF] HTTP GET /api/reminders responded 200 in 8.9402 ms
2026-03-06 17:23:58.552 +05:30 [INF] Request finished HTTP/1.1 GET http://localhost:5013/api/reminders?workspace=sample&key=I3UPoNYawpezx-OhSr2hs0DppN8hwow7MpnppypPP-c&userId=28 - 200 null application/json; charset=utf-8 13.2246ms
2026-03-06 17:24:03.614 +05:30 [INF] Executing StatusCodeResult, setting HTTP status code 204
2026-03-06 17:24:03.615 +05:30 [INF] Executed action BubbleApp.Api.Controllers.WidgetConfigController.Long (BubbleApp.Api) in 25011.7576ms
2026-03-06 17:24:03.616 +05:30 [INF] Executed endpoint 'BubbleApp.Api.Controllers.WidgetConfigController.Long (BubbleApp.Api)'
2026-03-06 17:24:03.617 +05:30 [INF] HTTP GET /api/widget/config/long responded 204 in 25018.9643 ms
2026-03-06 17:24:03.618 +05:30 [INF] Request finished HTTP/1.1 GET http://localhost:5013/api/widget/config/long?workspace=sample&key=I3UPoNYawpezx-OhSr2hs0DppN8hwow7MpnppypPP-c&since=0 - 204 null null 25022.9038ms
2026-03-06 17:24:03.621 +05:30 [INF] Request starting HTTP/1.1 GET http://localhost:5013/api/widget/config/long?workspace=sample&key=I3UPoNYawpezx-OhSr2hs0DppN8hwow7MpnppypPP-c&since=0 - null null
2026-03-06 17:24:03.623 +05:30 [INF] CORS policy execution successful.
2026-03-06 17:24:03.624 +05:30 [INF] Executing endpoint 'BubbleApp.Api.Controllers.WidgetConfigController.Long (BubbleApp.Api)'
2026-03-06 17:24:03.625 +05:30 [INF] Route matched with {action = "Long", controller = "WidgetConfig"}. Executing controller action with signature System.Threading.Tasks.Task`1[Microsoft.AspNetCore.Mvc.IActionResult] Long(System.String, Int64, System.Threading.CancellationToken) on controller BubbleApp.Api.Controllers.WidgetConfigController (BubbleApp.Api).
2026-03-06 17:24:14.031 +05:30 [INF] Executing StatusCodeResult, setting HTTP status code 204
2026-03-06 17:24:14.032 +05:30 [INF] Executed action BubbleApp.Api.Controllers.WidgetConfigController.Long (BubbleApp.Api) in 25008.1336ms
2026-03-06 17:24:14.034 +05:30 [INF] Executed endpoint 'BubbleApp.Api.Controllers.WidgetConfigController.Long (BubbleApp.Api)'
2026-03-06 17:24:14.035 +05:30 [INF] HTTP GET /api/widget/config/long responded 204 in 25015.2365 ms
2026-03-06 17:24:14.037 +05:30 [INF] Request finished HTTP/1.1 GET http://localhost:5013/api/widget/config/long?workspace=sample&key=I3UPoNYawpezx-OhSr2hs0DppN8hwow7MpnppypPP-c&since=0 - 204 null null 25018.7016ms
2026-03-06 17:24:14.040 +05:30 [INF] Request starting HTTP/1.1 GET http://localhost:5013/api/widget/config/long?workspace=sample&key=I3UPoNYawpezx-OhSr2hs0DppN8hwow7MpnppypPP-c&since=0 - null null
2026-03-06 17:24:14.043 +05:30 [INF] CORS policy execution successful.
2026-03-06 17:24:14.044 +05:30 [INF] Executing endpoint 'BubbleApp.Api.Controllers.WidgetConfigController.Long (BubbleApp.Api)'
2026-03-06 17:24:14.045 +05:30 [INF] Route matched with {action = "Long", controller = "WidgetConfig"}. Executing controller action with signature System.Threading.Tasks.Task`1[Microsoft.AspNetCore.Mvc.IActionResult] Long(System.String, Int64, System.Threading.CancellationToken) on controller BubbleApp.Api.Controllers.WidgetConfigController (BubbleApp.Api).
2026-03-06 17:24:17.829 +05:30 [INF] Executing StatusCodeResult, setting HTTP status code 204
2026-03-06 17:24:17.836 +05:30 [INF] Executed action BubbleApp.Api.Controllers.WidgetConfigController.Long (BubbleApp.Api) in 25012.1242ms
2026-03-06 17:24:17.838 +05:30 [INF] Executed endpoint 'BubbleApp.Api.Controllers.WidgetConfigController.Long (BubbleApp.Api)'
2026-03-06 17:24:17.839 +05:30 [INF] HTTP GET /api/widget/config/long responded 204 in 25019.6938 ms
2026-03-06 17:24:17.841 +05:30 [INF] Request finished HTTP/1.1 GET http://localhost:5013/api/widget/config/long?workspace=sample&key=I3UPoNYawpezx-OhSr2hs0DppN8hwow7MpnppypPP-c&since=0 - 204 null null 25025.1318ms
2026-03-06 17:24:17.846 +05:30 [INF] Request starting HTTP/1.1 GET http://localhost:5013/api/widget/config/long?workspace=sample&key=I3UPoNYawpezx-OhSr2hs0DppN8hwow7MpnppypPP-c&since=0 - null null
2026-03-06 17:24:17.849 +05:30 [INF] CORS policy execution successful.
2026-03-06 17:24:17.849 +05:30 [INF] Executing endpoint 'BubbleApp.Api.Controllers.WidgetConfigController.Long (BubbleApp.Api)'
2026-03-06 17:24:17.851 +05:30 [INF] Route matched with {action = "Long", controller = "WidgetConfig"}. Executing controller action with signature System.Threading.Tasks.Task`1[Microsoft.AspNetCore.Mvc.IActionResult] Long(System.String, Int64, System.Threading.CancellationToken) on controller BubbleApp.Api.Controllers.WidgetConfigController (BubbleApp.Api).
2026-03-06 17:24:28.646 +05:30 [INF] Executing StatusCodeResult, setting HTTP status code 204
2026-03-06 17:24:28.653 +05:30 [INF] Executed action BubbleApp.Api.Controllers.WidgetConfigController.Long (BubbleApp.Api) in 25025.8275ms
2026-03-06 17:24:28.655 +05:30 [INF] Executed endpoint 'BubbleApp.Api.Controllers.WidgetConfigController.Long (BubbleApp.Api)'
2026-03-06 17:24:28.656 +05:30 [INF] HTTP GET /api/widget/config/long responded 204 in 25032.7637 ms
2026-03-06 17:24:28.658 +05:30 [INF] Request finished HTTP/1.1 GET http://localhost:5013/api/widget/config/long?workspace=sample&key=I3UPoNYawpezx-OhSr2hs0DppN8hwow7MpnppypPP-c&since=0 - 204 null null 25036.9621ms
2026-03-06 17:24:28.662 +05:30 [INF] Request starting HTTP/1.1 GET http://localhost:5013/api/widget/config/long?workspace=sample&key=I3UPoNYawpezx-OhSr2hs0DppN8hwow7MpnppypPP-c&since=0 - null null
2026-03-06 17:24:28.664 +05:30 [INF] CORS policy execution successful.
2026-03-06 17:24:28.665 +05:30 [INF] Executing endpoint 'BubbleApp.Api.Controllers.WidgetConfigController.Long (BubbleApp.Api)'
2026-03-06 17:24:28.665 +05:30 [INF] Route matched with {action = "Long", controller = "WidgetConfig"}. Executing controller action with signature System.Threading.Tasks.Task`1[Microsoft.AspNetCore.Mvc.IActionResult] Long(System.String, Int64, System.Threading.CancellationToken) on controller BubbleApp.Api.Controllers.WidgetConfigController (BubbleApp.Api).
2026-03-06 17:24:39.051 +05:30 [INF] Executing StatusCodeResult, setting HTTP status code 204
2026-03-06 17:24:39.053 +05:30 [INF] Executed action BubbleApp.Api.Controllers.WidgetConfigController.Long (BubbleApp.Api) in 25005.9335ms
2026-03-06 17:24:39.055 +05:30 [INF] Executed endpoint 'BubbleApp.Api.Controllers.WidgetConfigController.Long (BubbleApp.Api)'
2026-03-06 17:24:39.055 +05:30 [INF] HTTP GET /api/widget/config/long responded 204 in 25012.4499 ms
2026-03-06 17:24:39.057 +05:30 [INF] Request finished HTTP/1.1 GET http://localhost:5013/api/widget/config/long?workspace=sample&key=I3UPoNYawpezx-OhSr2hs0DppN8hwow7MpnppypPP-c&since=0 - 204 null null 25016.4615ms
2026-03-06 17:24:39.061 +05:30 [INF] Request starting HTTP/1.1 GET http://localhost:5013/api/widget/config/long?workspace=sample&key=I3UPoNYawpezx-OhSr2hs0DppN8hwow7MpnppypPP-c&since=0 - null null
2026-03-06 17:24:39.064 +05:30 [INF] CORS policy execution successful.
2026-03-06 17:24:39.065 +05:30 [INF] Executing endpoint 'BubbleApp.Api.Controllers.WidgetConfigController.Long (BubbleApp.Api)'
2026-03-06 17:24:39.067 +05:30 [INF] Route matched with {action = "Long", controller = "WidgetConfig"}. Executing controller action with signature System.Threading.Tasks.Task`1[Microsoft.AspNetCore.Mvc.IActionResult] Long(System.String, Int64, System.Threading.CancellationToken) on controller BubbleApp.Api.Controllers.WidgetConfigController (BubbleApp.Api).
2026-03-06 17:24:42.538 +05:30 [INF] Request starting HTTP/1.1 GET http://localhost:5013/api/reminders?workspace=sample&key=I3UPoNYawpezx-OhSr2hs0DppN8hwow7MpnppypPP-c&userId=4 - null null
2026-03-06 17:24:42.540 +05:30 [INF] Request starting HTTP/1.1 GET http://localhost:5013/api/reminders?workspace=sample&key=I3UPoNYawpezx-OhSr2hs0DppN8hwow7MpnppypPP-c&userId=4 - null null
2026-03-06 17:24:42.542 +05:30 [INF] CORS policy execution successful.
2026-03-06 17:24:42.545 +05:30 [INF] CORS policy execution successful.
2026-03-06 17:24:42.546 +05:30 [INF] Executing endpoint 'BubbleApp.Api.Controllers.RemindersController.Get (BubbleApp.Api)'
2026-03-06 17:24:42.547 +05:30 [INF] Executing endpoint 'BubbleApp.Api.Controllers.RemindersController.Get (BubbleApp.Api)'
2026-03-06 17:24:42.548 +05:30 [INF] Route matched with {action = "Get", controller = "Reminders"}. Executing controller action with signature System.Threading.Tasks.Task`1[Microsoft.AspNetCore.Mvc.IActionResult] Get(System.String, System.String, System.Threading.CancellationToken) on controller BubbleApp.Api.Controllers.RemindersController (BubbleApp.Api).
2026-03-06 17:24:42.549 +05:30 [INF] Route matched with {action = "Get", controller = "Reminders"}. Executing controller action with signature System.Threading.Tasks.Task`1[Microsoft.AspNetCore.Mvc.IActionResult] Get(System.String, System.String, System.Threading.CancellationToken) on controller BubbleApp.Api.Controllers.RemindersController (BubbleApp.Api).
2026-03-06 17:24:42.554 +05:30 [INF] Executing OkObjectResult, writing value of type 'System.Collections.Generic.List`1[[BubbleApp.Common.ViewModels.Reminder.ReminderDto, BubbleApp.Common, Version=1.0.0.0, Culture=neutral, PublicKeyToken=null]]'.
2026-03-06 17:24:42.556 +05:30 [INF] Executed action BubbleApp.Api.Controllers.RemindersController.Get (BubbleApp.Api) in 4.3358ms
2026-03-06 17:24:42.556 +05:30 [INF] Executing OkObjectResult, writing value of type 'System.Collections.Generic.List`1[[BubbleApp.Common.ViewModels.Reminder.ReminderDto, BubbleApp.Common, Version=1.0.0.0, Culture=neutral, PublicKeyToken=null]]'.
2026-03-06 17:24:42.558 +05:30 [INF] Executed endpoint 'BubbleApp.Api.Controllers.RemindersController.Get (BubbleApp.Api)'
2026-03-06 17:24:42.560 +05:30 [INF] Executed action BubbleApp.Api.Controllers.RemindersController.Get (BubbleApp.Api) in 5.7372ms
2026-03-06 17:24:42.561 +05:30 [INF] HTTP GET /api/reminders responded 200 in 19.5555 ms
2026-03-06 17:24:42.564 +05:30 [INF] Executed endpoint 'BubbleApp.Api.Controllers.RemindersController.Get (BubbleApp.Api)'
2026-03-06 17:24:42.566 +05:30 [INF] Request finished HTTP/1.1 GET http://localhost:5013/api/reminders?workspace=sample&key=I3UPoNYawpezx-OhSr2hs0DppN8hwow7MpnppypPP-c&userId=4 - 200 null application/json; charset=utf-8 27.7455ms
2026-03-06 17:24:42.576 +05:30 [INF] HTTP GET /api/reminders responded 200 in 31.9966 ms
2026-03-06 17:24:42.578 +05:30 [INF] Request finished HTTP/1.1 GET http://localhost:5013/api/reminders?workspace=sample&key=I3UPoNYawpezx-OhSr2hs0DppN8hwow7MpnppypPP-c&userId=4 - 200 null application/json; charset=utf-8 38.4637ms
2026-03-06 17:24:42.861 +05:30 [INF] Executing StatusCodeResult, setting HTTP status code 204
2026-03-06 17:24:42.864 +05:30 [INF] Executed action BubbleApp.Api.Controllers.WidgetConfigController.Long (BubbleApp.Api) in 25010.2696ms
2026-03-06 17:24:42.865 +05:30 [INF] Executed endpoint 'BubbleApp.Api.Controllers.WidgetConfigController.Long (BubbleApp.Api)'
2026-03-06 17:24:42.866 +05:30 [INF] HTTP GET /api/widget/config/long responded 204 in 25017.7067 ms
2026-03-06 17:24:42.868 +05:30 [INF] Request finished HTTP/1.1 GET http://localhost:5013/api/widget/config/long?workspace=sample&key=I3UPoNYawpezx-OhSr2hs0DppN8hwow7MpnppypPP-c&since=0 - 204 null null 25022.1033ms
2026-03-06 17:24:42.872 +05:30 [INF] Request starting HTTP/1.1 GET http://localhost:5013/api/widget/config/long?workspace=sample&key=I3UPoNYawpezx-OhSr2hs0DppN8hwow7MpnppypPP-c&since=0 - null null
2026-03-06 17:24:42.875 +05:30 [INF] CORS policy execution successful.
2026-03-06 17:24:42.876 +05:30 [INF] Executing endpoint 'BubbleApp.Api.Controllers.WidgetConfigController.Long (BubbleApp.Api)'
2026-03-06 17:24:42.877 +05:30 [INF] Route matched with {action = "Long", controller = "WidgetConfig"}. Executing controller action with signature System.Threading.Tasks.Task`1[Microsoft.AspNetCore.Mvc.IActionResult] Long(System.String, Int64, System.Threading.CancellationToken) on controller BubbleApp.Api.Controllers.WidgetConfigController (BubbleApp.Api).
2026-03-06 17:24:53.676 +05:30 [INF] Executing StatusCodeResult, setting HTTP status code 204
2026-03-06 17:24:53.683 +05:30 [INF] Executed action BubbleApp.Api.Controllers.WidgetConfigController.Long (BubbleApp.Api) in 25015.9897ms
2026-03-06 17:24:53.685 +05:30 [INF] Executed endpoint 'BubbleApp.Api.Controllers.WidgetConfigController.Long (BubbleApp.Api)'
2026-03-06 17:24:53.687 +05:30 [INF] HTTP GET /api/widget/config/long responded 204 in 25022.8205 ms
2026-03-06 17:24:53.689 +05:30 [INF] Request finished HTTP/1.1 GET http://localhost:5013/api/widget/config/long?workspace=sample&key=I3UPoNYawpezx-OhSr2hs0DppN8hwow7MpnppypPP-c&since=0 - 204 null null 25027.3575ms
2026-03-06 17:24:53.692 +05:30 [INF] Request starting HTTP/1.1 GET http://localhost:5013/api/widget/config/long?workspace=sample&key=I3UPoNYawpezx-OhSr2hs0DppN8hwow7MpnppypPP-c&since=0 - null null
2026-03-06 17:24:53.694 +05:30 [INF] CORS policy execution successful.
2026-03-06 17:24:53.695 +05:30 [INF] Executing endpoint 'BubbleApp.Api.Controllers.WidgetConfigController.Long (BubbleApp.Api)'
2026-03-06 17:24:53.696 +05:30 [INF] Route matched with {action = "Long", controller = "WidgetConfig"}. Executing controller action with signature System.Threading.Tasks.Task`1[Microsoft.AspNetCore.Mvc.IActionResult] Long(System.String, Int64, System.Threading.CancellationToken) on controller BubbleApp.Api.Controllers.WidgetConfigController (BubbleApp.Api).
2026-03-06 17:24:58.536 +05:30 [INF] Request starting HTTP/1.1 GET http://localhost:5013/api/reminders?workspace=sample&key=I3UPoNYawpezx-OhSr2hs0DppN8hwow7MpnppypPP-c&userId=28 - null null
2026-03-06 17:24:58.541 +05:30 [INF] CORS policy execution successful.
2026-03-06 17:24:58.542 +05:30 [INF] Executing endpoint 'BubbleApp.Api.Controllers.RemindersController.Get (BubbleApp.Api)'
2026-03-06 17:24:58.544 +05:30 [INF] Route matched with {action = "Get", controller = "Reminders"}. Executing controller action with signature System.Threading.Tasks.Task`1[Microsoft.AspNetCore.Mvc.IActionResult] Get(System.String, System.String, System.Threading.CancellationToken) on controller BubbleApp.Api.Controllers.RemindersController (BubbleApp.Api).
2026-03-06 17:24:58.547 +05:30 [INF] Executing OkObjectResult, writing value of type 'System.Collections.Generic.List`1[[BubbleApp.Common.ViewModels.Reminder.ReminderDto, BubbleApp.Common, Version=1.0.0.0, Culture=neutral, PublicKeyToken=null]]'.
2026-03-06 17:24:58.550 +05:30 [INF] Executed action BubbleApp.Api.Controllers.RemindersController.Get (BubbleApp.Api) in 4.6313ms
2026-03-06 17:24:58.552 +05:30 [INF] Executed endpoint 'BubbleApp.Api.Controllers.RemindersController.Get (BubbleApp.Api)'
2026-03-06 17:24:58.553 +05:30 [INF] HTTP GET /api/reminders responded 200 in 11.6281 ms
2026-03-06 17:24:58.555 +05:30 [INF] Request finished HTTP/1.1 GET http://localhost:5013/api/reminders?workspace=sample&key=I3UPoNYawpezx-OhSr2hs0DppN8hwow7MpnppypPP-c&userId=28 - 200 null application/json; charset=utf-8 18.7333ms
2026-03-06 17:25:03.755 +05:30 [INF] Request starting HTTP/1.1 GET http://localhost:5013/api/widget/config/long?workspace=sample&key=I3UPoNYawpezx-OhSr2hs0DppN8hwow7MpnppypPP-c&since=0 - null null
2026-03-06 17:25:03.765 +05:30 [INF] Executing endpoint 'BubbleApp.Api.Controllers.WidgetConfigController.Long (BubbleApp.Api)'
2026-03-06 17:25:03.766 +05:30 [INF] Route matched with {action = "Long", controller = "WidgetConfig"}. Executing controller action with signature System.Threading.Tasks.Task`1[Microsoft.AspNetCore.Mvc.IActionResult] Long(System.String, Int64, System.Threading.CancellationToken) on controller BubbleApp.Api.Controllers.WidgetConfigController (BubbleApp.Api).
2026-03-06 17:25:04.081 +05:30 [INF] Executing StatusCodeResult, setting HTTP status code 204
2026-03-06 17:25:04.083 +05:30 [INF] Executed action BubbleApp.Api.Controllers.WidgetConfigController.Long (BubbleApp.Api) in 25012.783ms
2026-03-06 17:25:04.084 +05:30 [INF] Executed endpoint 'BubbleApp.Api.Controllers.WidgetConfigController.Long (BubbleApp.Api)'
2026-03-06 17:25:04.085 +05:30 [INF] HTTP GET /api/widget/config/long responded 204 in 25021.0221 ms
2026-03-06 17:25:04.086 +05:30 [INF] Request finished HTTP/1.1 GET http://localhost:5013/api/widget/config/long?workspace=sample&key=I3UPoNYawpezx-OhSr2hs0DppN8hwow7MpnppypPP-c&since=0 - 204 null null 25025.137ms
2026-03-06 17:25:04.091 +05:30 [INF] Request starting HTTP/1.1 GET http://localhost:5013/api/widget/config/long?workspace=sample&key=I3UPoNYawpezx-OhSr2hs0DppN8hwow7MpnppypPP-c&since=0 - null null
2026-03-06 17:25:04.094 +05:30 [INF] CORS policy execution successful.
2026-03-06 17:25:04.095 +05:30 [INF] Executing endpoint 'BubbleApp.Api.Controllers.WidgetConfigController.Long (BubbleApp.Api)'
2026-03-06 17:25:04.096 +05:30 [INF] Route matched with {action = "Long", controller = "WidgetConfig"}. Executing controller action with signature System.Threading.Tasks.Task`1[Microsoft.AspNetCore.Mvc.IActionResult] Long(System.String, Int64, System.Threading.CancellationToken) on controller BubbleApp.Api.Controllers.WidgetConfigController (BubbleApp.Api).
2026-03-06 17:25:07.885 +05:30 [INF] Executing StatusCodeResult, setting HTTP status code 204
2026-03-06 17:25:07.887 +05:30 [INF] Executed action BubbleApp.Api.Controllers.WidgetConfigController.Long (BubbleApp.Api) in 25008.5414ms
2026-03-06 17:25:07.888 +05:30 [INF] Executed endpoint 'BubbleApp.Api.Controllers.WidgetConfigController.Long (BubbleApp.Api)'
2026-03-06 17:25:07.889 +05:30 [INF] HTTP GET /api/widget/config/long responded 204 in 25014.0934 ms
2026-03-06 17:25:07.890 +05:30 [INF] Request finished HTTP/1.1 GET http://localhost:5013/api/widget/config/long?workspace=sample&key=I3UPoNYawpezx-OhSr2hs0DppN8hwow7MpnppypPP-c&since=0 - 204 null null 25018.3401ms
2026-03-06 17:25:07.894 +05:30 [INF] Request starting HTTP/1.1 GET http://localhost:5013/api/widget/config/long?workspace=sample&key=I3UPoNYawpezx-OhSr2hs0DppN8hwow7MpnppypPP-c&since=0 - null null
2026-03-06 17:25:07.896 +05:30 [INF] CORS policy execution successful.
2026-03-06 17:25:07.897 +05:30 [INF] Executing endpoint 'BubbleApp.Api.Controllers.WidgetConfigController.Long (BubbleApp.Api)'
2026-03-06 17:25:07.897 +05:30 [INF] Route matched with {action = "Long", controller = "WidgetConfig"}. Executing controller action with signature System.Threading.Tasks.Task`1[Microsoft.AspNetCore.Mvc.IActionResult] Long(System.String, Int64, System.Threading.CancellationToken) on controller BubbleApp.Api.Controllers.WidgetConfigController (BubbleApp.Api).
2026-03-06 17:25:18.713 +05:30 [INF] Executing StatusCodeResult, setting HTTP status code 204
2026-03-06 17:25:18.715 +05:30 [INF] Executed action BubbleApp.Api.Controllers.WidgetConfigController.Long (BubbleApp.Api) in 25016.4634ms
2026-03-06 17:25:18.716 +05:30 [INF] Executed endpoint 'BubbleApp.Api.Controllers.WidgetConfigController.Long (BubbleApp.Api)'
2026-03-06 17:25:18.717 +05:30 [INF] HTTP GET /api/widget/config/long responded 204 in 25022.7448 ms
2026-03-06 17:25:18.719 +05:30 [INF] Request finished HTTP/1.1 GET http://localhost:5013/api/widget/config/long?workspace=sample&key=I3UPoNYawpezx-OhSr2hs0DppN8hwow7MpnppypPP-c&since=0 - 204 null null 25026.8111ms
2026-03-06 17:25:18.723 +05:30 [INF] Request starting HTTP/1.1 GET http://localhost:5013/api/widget/config/long?workspace=sample&key=I3UPoNYawpezx-OhSr2hs0DppN8hwow7MpnppypPP-c&since=0 - null null
2026-03-06 17:25:18.726 +05:30 [INF] CORS policy execution successful.
2026-03-06 17:25:18.727 +05:30 [INF] Executing endpoint 'BubbleApp.Api.Controllers.WidgetConfigController.Long (BubbleApp.Api)'
2026-03-06 17:25:18.728 +05:30 [INF] Route matched with {action = "Long", controller = "WidgetConfig"}. Executing controller action with signature System.Threading.Tasks.Task`1[Microsoft.AspNetCore.Mvc.IActionResult] Long(System.String, Int64, System.Threading.CancellationToken) on controller BubbleApp.Api.Controllers.WidgetConfigController (BubbleApp.Api).
2026-03-06 17:25:28.779 +05:30 [INF] Executing StatusCodeResult, setting HTTP status code 204
2026-03-06 17:25:28.785 +05:30 [INF] Executed action BubbleApp.Api.Controllers.WidgetConfigController.Long (BubbleApp.Api) in 25017.2095ms
2026-03-06 17:25:28.787 +05:30 [INF] Executed endpoint 'BubbleApp.Api.Controllers.WidgetConfigController.Long (BubbleApp.Api)'
2026-03-06 17:25:28.788 +05:30 [INF] HTTP GET /api/widget/config/long responded 204 in 25023.3009 ms
2026-03-06 17:25:28.790 +05:30 [INF] Request finished HTTP/1.1 GET http://localhost:5013/api/widget/config/long?workspace=sample&key=I3UPoNYawpezx-OhSr2hs0DppN8hwow7MpnppypPP-c&since=0 - 204 null null 25034.9759ms
2026-03-06 17:25:29.102 +05:30 [INF] Executing StatusCodeResult, setting HTTP status code 204
2026-03-06 17:25:29.104 +05:30 [INF] Executed action BubbleApp.Api.Controllers.WidgetConfigController.Long (BubbleApp.Api) in 25005.8644ms
2026-03-06 17:25:29.105 +05:30 [INF] Executed endpoint 'BubbleApp.Api.Controllers.WidgetConfigController.Long (BubbleApp.Api)'
2026-03-06 17:25:29.106 +05:30 [INF] HTTP GET /api/widget/config/long responded 204 in 25012.3054 ms
2026-03-06 17:25:29.108 +05:30 [INF] Request finished HTTP/1.1 GET http://localhost:5013/api/widget/config/long?workspace=sample&key=I3UPoNYawpezx-OhSr2hs0DppN8hwow7MpnppypPP-c&since=0 - 204 null null 25016.5135ms
2026-03-06 17:25:29.112 +05:30 [INF] Request starting HTTP/1.1 GET http://localhost:5013/api/widget/config/long?workspace=sample&key=I3UPoNYawpezx-OhSr2hs0DppN8hwow7MpnppypPP-c&since=0 - null null
2026-03-06 17:25:29.114 +05:30 [INF] CORS policy execution successful.
2026-03-06 17:25:29.115 +05:30 [INF] Executing endpoint 'BubbleApp.Api.Controllers.WidgetConfigController.Long (BubbleApp.Api)'
2026-03-06 17:25:29.116 +05:30 [INF] Route matched with {action = "Long", controller = "WidgetConfig"}. Executing controller action with signature System.Threading.Tasks.Task`1[Microsoft.AspNetCore.Mvc.IActionResult] Long(System.String, Int64, System.Threading.CancellationToken) on controller BubbleApp.Api.Controllers.WidgetConfigController (BubbleApp.Api).
2026-03-06 17:25:32.911 +05:30 [INF] Executing StatusCodeResult, setting HTTP status code 204
2026-03-06 17:25:32.912 +05:30 [INF] Executed action BubbleApp.Api.Controllers.WidgetConfigController.Long (BubbleApp.Api) in 25013.2877ms
2026-03-06 17:25:32.914 +05:30 [INF] Executed endpoint 'BubbleApp.Api.Controllers.WidgetConfigController.Long (BubbleApp.Api)'
2026-03-06 17:25:32.914 +05:30 [INF] HTTP GET /api/widget/config/long responded 204 in 25018.3543 ms
2026-03-06 17:25:32.916 +05:30 [INF] Request finished HTTP/1.1 GET http://localhost:5013/api/widget/config/long?workspace=sample&key=I3UPoNYawpezx-OhSr2hs0DppN8hwow7MpnppypPP-c&since=0 - 204 null null 25021.9876ms
2026-03-06 17:25:32.920 +05:30 [INF] Request starting HTTP/1.1 GET http://localhost:5013/api/widget/config/long?workspace=sample&key=I3UPoNYawpezx-OhSr2hs0DppN8hwow7MpnppypPP-c&since=0 - null null
2026-03-06 17:25:32.922 +05:30 [INF] CORS policy execution successful.
2026-03-06 17:25:32.923 +05:30 [INF] Executing endpoint 'BubbleApp.Api.Controllers.WidgetConfigController.Long (BubbleApp.Api)'
2026-03-06 17:25:32.924 +05:30 [INF] Route matched with {action = "Long", controller = "WidgetConfig"}. Executing controller action with signature System.Threading.Tasks.Task`1[Microsoft.AspNetCore.Mvc.IActionResult] Long(System.String, Int64, System.Threading.CancellationToken) on controller BubbleApp.Api.Controllers.WidgetConfigController (BubbleApp.Api).
2026-03-06 17:25:42.540 +05:30 [INF] Request starting HTTP/1.1 GET http://localhost:5013/api/reminders?workspace=sample&key=I3UPoNYawpezx-OhSr2hs0DppN8hwow7MpnppypPP-c&userId=4 - null null
2026-03-06 17:25:42.542 +05:30 [INF] Request starting HTTP/1.1 GET http://localhost:5013/api/reminders?workspace=sample&key=I3UPoNYawpezx-OhSr2hs0DppN8hwow7MpnppypPP-c&userId=4 - null null
2026-03-06 17:25:42.544 +05:30 [INF] CORS policy execution successful.
2026-03-06 17:25:42.546 +05:30 [INF] CORS policy execution successful.
2026-03-06 17:25:42.547 +05:30 [INF] Executing endpoint 'BubbleApp.Api.Controllers.RemindersController.Get (BubbleApp.Api)'
2026-03-06 17:25:42.548 +05:30 [INF] Executing endpoint 'BubbleApp.Api.Controllers.RemindersController.Get (BubbleApp.Api)'
2026-03-06 17:25:42.549 +05:30 [INF] Route matched with {action = "Get", controller = "Reminders"}. Executing controller action with signature System.Threading.Tasks.Task`1[Microsoft.AspNetCore.Mvc.IActionResult] Get(System.String, System.String, System.Threading.CancellationToken) on controller BubbleApp.Api.Controllers.RemindersController (BubbleApp.Api).
2026-03-06 17:25:42.550 +05:30 [INF] Route matched with {action = "Get", controller = "Reminders"}. Executing controller action with signature System.Threading.Tasks.Task`1[Microsoft.AspNetCore.Mvc.IActionResult] Get(System.String, System.String, System.Threading.CancellationToken) on controller BubbleApp.Api.Controllers.RemindersController (BubbleApp.Api).
2026-03-06 17:25:42.555 +05:30 [INF] Executing OkObjectResult, writing value of type 'System.Collections.Generic.List`1[[BubbleApp.Common.ViewModels.Reminder.ReminderDto, BubbleApp.Common, Version=1.0.0.0, Culture=neutral, PublicKeyToken=null]]'.
2026-03-06 17:25:42.558 +05:30 [INF] Executed action BubbleApp.Api.Controllers.RemindersController.Get (BubbleApp.Api) in 5.9851ms
2026-03-06 17:25:42.560 +05:30 [INF] Executing OkObjectResult, writing value of type 'System.Collections.Generic.List`1[[BubbleApp.Common.ViewModels.Reminder.ReminderDto, BubbleApp.Common, Version=1.0.0.0, Culture=neutral, PublicKeyToken=null]]'.
2026-03-06 17:25:42.560 +05:30 [INF] Executed endpoint 'BubbleApp.Api.Controllers.RemindersController.Get (BubbleApp.Api)'
2026-03-06 17:25:42.562 +05:30 [INF] Executed action BubbleApp.Api.Controllers.RemindersController.Get (BubbleApp.Api) in 7.3335ms
2026-03-06 17:25:42.563 +05:30 [INF] HTTP GET /api/reminders responded 200 in 19.3648 ms
2026-03-06 17:25:42.565 +05:30 [INF] Executed endpoint 'BubbleApp.Api.Controllers.RemindersController.Get (BubbleApp.Api)'
2026-03-06 17:25:42.567 +05:30 [INF] Request finished HTTP/1.1 GET http://localhost:5013/api/reminders?workspace=sample&key=I3UPoNYawpezx-OhSr2hs0DppN8hwow7MpnppypPP-c&userId=4 - 200 null application/json; charset=utf-8 26.4809ms
2026-03-06 17:25:42.568 +05:30 [INF] HTTP GET /api/reminders responded 200 in 22.1508 ms
2026-03-06 17:25:42.574 +05:30 [INF] Request finished HTTP/1.1 GET http://localhost:5013/api/reminders?workspace=sample&key=I3UPoNYawpezx-OhSr2hs0DppN8hwow7MpnppypPP-c&userId=4 - 200 null application/json; charset=utf-8 32.1514ms
2026-03-06 17:25:43.743 +05:30 [INF] Executing StatusCodeResult, setting HTTP status code 204
2026-03-06 17:25:43.744 +05:30 [INF] Executed action BubbleApp.Api.Controllers.WidgetConfigController.Long (BubbleApp.Api) in 25013.8135ms
2026-03-06 17:25:43.745 +05:30 [INF] Executed endpoint 'BubbleApp.Api.Controllers.WidgetConfigController.Long (BubbleApp.Api)'
2026-03-06 17:25:43.746 +05:30 [INF] HTTP GET /api/widget/config/long responded 204 in 25020.2438 ms
2026-03-06 17:25:43.748 +05:30 [INF] Request finished HTTP/1.1 GET http://localhost:5013/api/widget/config/long?workspace=sample&key=I3UPoNYawpezx-OhSr2hs0DppN8hwow7MpnppypPP-c&since=0 - 204 null null 25024.9936ms
2026-03-06 17:25:43.751 +05:30 [INF] Request starting HTTP/1.1 GET http://localhost:5013/api/widget/config/long?workspace=sample&key=I3UPoNYawpezx-OhSr2hs0DppN8hwow7MpnppypPP-c&since=0 - null null
2026-03-06 17:25:43.753 +05:30 [INF] CORS policy execution successful.
2026-03-06 17:25:43.754 +05:30 [INF] Executing endpoint 'BubbleApp.Api.Controllers.WidgetConfigController.Long (BubbleApp.Api)'
2026-03-06 17:25:43.754 +05:30 [INF] Route matched with {action = "Long", controller = "WidgetConfig"}. Executing controller action with signature System.Threading.Tasks.Task`1[Microsoft.AspNetCore.Mvc.IActionResult] Long(System.String, Int64, System.Threading.CancellationToken) on controller BubbleApp.Api.Controllers.WidgetConfigController (BubbleApp.Api).
2026-03-06 17:25:54.132 +05:30 [INF] Executing StatusCodeResult, setting HTTP status code 204
2026-03-06 17:25:54.134 +05:30 [INF] Executed action BubbleApp.Api.Controllers.WidgetConfigController.Long (BubbleApp.Api) in 25015.0398ms
2026-03-06 17:25:54.136 +05:30 [INF] Executed endpoint 'BubbleApp.Api.Controllers.WidgetConfigController.Long (BubbleApp.Api)'
2026-03-06 17:25:54.137 +05:30 [INF] HTTP GET /api/widget/config/long responded 204 in 25022.3562 ms
2026-03-06 17:25:54.139 +05:30 [INF] Request finished HTTP/1.1 GET http://localhost:5013/api/widget/config/long?workspace=sample&key=I3UPoNYawpezx-OhSr2hs0DppN8hwow7MpnppypPP-c&since=0 - 204 null null 25027.0109ms
2026-03-06 17:25:54.143 +05:30 [INF] Request starting HTTP/1.1 GET http://localhost:5013/api/widget/config/long?workspace=sample&key=I3UPoNYawpezx-OhSr2hs0DppN8hwow7MpnppypPP-c&since=0 - null null
2026-03-06 17:25:54.146 +05:30 [INF] CORS policy execution successful.
2026-03-06 17:25:54.150 +05:30 [INF] Executing endpoint 'BubbleApp.Api.Controllers.WidgetConfigController.Long (BubbleApp.Api)'
2026-03-06 17:25:54.152 +05:30 [INF] Route matched with {action = "Long", controller = "WidgetConfig"}. Executing controller action with signature System.Threading.Tasks.Task`1[Microsoft.AspNetCore.Mvc.IActionResult] Long(System.String, Int64, System.Threading.CancellationToken) on controller BubbleApp.Api.Controllers.WidgetConfigController (BubbleApp.Api).
2026-03-06 17:25:57.944 +05:30 [INF] Executing StatusCodeResult, setting HTTP status code 204
2026-03-06 17:25:57.949 +05:30 [INF] Executed action BubbleApp.Api.Controllers.WidgetConfigController.Long (BubbleApp.Api) in 25023.2636ms
2026-03-06 17:25:57.950 +05:30 [INF] Executed endpoint 'BubbleApp.Api.Controllers.WidgetConfigController.Long (BubbleApp.Api)'
2026-03-06 17:25:57.951 +05:30 [INF] HTTP GET /api/widget/config/long responded 204 in 25029.1016 ms
2026-03-06 17:25:57.954 +05:30 [INF] Request finished HTTP/1.1 GET http://localhost:5013/api/widget/config/long?workspace=sample&key=I3UPoNYawpezx-OhSr2hs0DppN8hwow7MpnppypPP-c&since=0 - 204 null null 25033.3634ms
2026-03-06 17:25:57.960 +05:30 [INF] Request starting HTTP/1.1 GET http://localhost:5013/api/widget/config/long?workspace=sample&key=I3UPoNYawpezx-OhSr2hs0DppN8hwow7MpnppypPP-c&since=0 - null null
2026-03-06 17:25:57.963 +05:30 [INF] CORS policy execution successful.
2026-03-06 17:25:57.964 +05:30 [INF] Executing endpoint 'BubbleApp.Api.Controllers.WidgetConfigController.Long (BubbleApp.Api)'
2026-03-06 17:25:57.965 +05:30 [INF] Route matched with {action = "Long", controller = "WidgetConfig"}. Executing controller action with signature System.Threading.Tasks.Task`1[Microsoft.AspNetCore.Mvc.IActionResult] Long(System.String, Int64, System.Threading.CancellationToken) on controller BubbleApp.Api.Controllers.WidgetConfigController (BubbleApp.Api).
2026-03-06 17:25:58.532 +05:30 [INF] Request starting HTTP/1.1 GET http://localhost:5013/api/reminders?workspace=sample&key=I3UPoNYawpezx-OhSr2hs0DppN8hwow7MpnppypPP-c&userId=28 - null null
2026-03-06 17:25:58.535 +05:30 [INF] CORS policy execution successful.
2026-03-06 17:25:58.536 +05:30 [INF] Executing endpoint 'BubbleApp.Api.Controllers.RemindersController.Get (BubbleApp.Api)'
2026-03-06 17:25:58.537 +05:30 [INF] Route matched with {action = "Get", controller = "Reminders"}. Executing controller action with signature System.Threading.Tasks.Task`1[Microsoft.AspNetCore.Mvc.IActionResult] Get(System.String, System.String, System.Threading.CancellationToken) on controller BubbleApp.Api.Controllers.RemindersController (BubbleApp.Api).
2026-03-06 17:25:58.541 +05:30 [INF] Executing OkObjectResult, writing value of type 'System.Collections.Generic.List`1[[BubbleApp.Common.ViewModels.Reminder.ReminderDto, BubbleApp.Common, Version=1.0.0.0, Culture=neutral, PublicKeyToken=null]]'.
2026-03-06 17:25:58.542 +05:30 [INF] Executed action BubbleApp.Api.Controllers.RemindersController.Get (BubbleApp.Api) in 3.0621ms
2026-03-06 17:25:58.543 +05:30 [INF] Executed endpoint 'BubbleApp.Api.Controllers.RemindersController.Get (BubbleApp.Api)'
2026-03-06 17:25:58.545 +05:30 [INF] HTTP GET /api/reminders responded 200 in 9.8043 ms
2026-03-06 17:25:58.547 +05:30 [INF] Request finished HTTP/1.1 GET http://localhost:5013/api/reminders?workspace=sample&key=I3UPoNYawpezx-OhSr2hs0DppN8hwow7MpnppypPP-c&userId=28 - 200 null application/json; charset=utf-8 14.8235ms
2026-03-06 17:26:08.773 +05:30 [INF] Executing StatusCodeResult, setting HTTP status code 204
2026-03-06 17:26:08.775 +05:30 [INF] Executed action BubbleApp.Api.Controllers.WidgetConfigController.Long (BubbleApp.Api) in 25018.2046ms
2026-03-06 17:26:08.776 +05:30 [INF] Executed endpoint 'BubbleApp.Api.Controllers.WidgetConfigController.Long (BubbleApp.Api)'
2026-03-06 17:26:08.777 +05:30 [INF] HTTP GET /api/widget/config/long responded 204 in 25023.6193 ms
2026-03-06 17:26:08.778 +05:30 [INF] Request finished HTTP/1.1 GET http://localhost:5013/api/widget/config/long?workspace=sample&key=I3UPoNYawpezx-OhSr2hs0DppN8hwow7MpnppypPP-c&since=0 - 204 null null 25027.2765ms
2026-03-06 17:26:08.781 +05:30 [INF] Request starting HTTP/1.1 GET http://localhost:5013/api/widget/config/long?workspace=sample&key=I3UPoNYawpezx-OhSr2hs0DppN8hwow7MpnppypPP-c&since=0 - null null
2026-03-06 17:26:08.783 +05:30 [INF] CORS policy execution successful.
2026-03-06 17:26:08.784 +05:30 [INF] Executing endpoint 'BubbleApp.Api.Controllers.WidgetConfigController.Long (BubbleApp.Api)'
2026-03-06 17:26:08.785 +05:30 [INF] Route matched with {action = "Long", controller = "WidgetConfig"}. Executing controller action with signature System.Threading.Tasks.Task`1[Microsoft.AspNetCore.Mvc.IActionResult] Long(System.String, Int64, System.Threading.CancellationToken) on controller BubbleApp.Api.Controllers.WidgetConfigController (BubbleApp.Api).
2026-03-06 17:26:10.041 +05:30 [INF] Application is shutting down...
2026-03-06 17:26:19.165 +05:30 [INF] Executing StatusCodeResult, setting HTTP status code 204
2026-03-06 17:26:19.166 +05:30 [INF] Executed action BubbleApp.Api.Controllers.WidgetConfigController.Long (BubbleApp.Api) in 25010.8214ms
2026-03-06 17:26:19.167 +05:30 [INF] Executed endpoint 'BubbleApp.Api.Controllers.WidgetConfigController.Long (BubbleApp.Api)'
2026-03-06 17:26:19.168 +05:30 [INF] HTTP GET /api/widget/config/long responded 204 in 25021.8402 ms
2026-03-06 17:26:19.169 +05:30 [INF] Request finished HTTP/1.1 GET http://localhost:5013/api/widget/config/long?workspace=sample&key=I3UPoNYawpezx-OhSr2hs0DppN8hwow7MpnppypPP-c&since=0 - 204 null null 25026.6882ms
2026-03-06 17:26:22.978 +05:30 [INF] Executing StatusCodeResult, setting HTTP status code 204
2026-03-06 17:26:22.980 +05:30 [INF] Executed action BubbleApp.Api.Controllers.WidgetConfigController.Long (BubbleApp.Api) in 25011.9385ms
2026-03-06 17:26:22.981 +05:30 [INF] Executed endpoint 'BubbleApp.Api.Controllers.WidgetConfigController.Long (BubbleApp.Api)'
2026-03-06 17:26:22.982 +05:30 [INF] HTTP GET /api/widget/config/long responded 204 in 25018.7323 ms
2026-03-06 17:26:22.984 +05:30 [INF] Request finished HTTP/1.1 GET http://localhost:5013/api/widget/config/long?workspace=sample&key=I3UPoNYawpezx-OhSr2hs0DppN8hwow7MpnppypPP-c&since=0 - 204 null null 25024.5641ms
2026-03-06 17:26:33.793 +05:30 [INF] Executing StatusCodeResult, setting HTTP status code 204
2026-03-06 17:26:33.799 +05:30 [INF] Executed action BubbleApp.Api.Controllers.WidgetConfigController.Long (BubbleApp.Api) in 25011.9498ms
2026-03-06 17:26:33.801 +05:30 [INF] Executed endpoint 'BubbleApp.Api.Controllers.WidgetConfigController.Long (BubbleApp.Api)'
2026-03-06 17:26:33.802 +05:30 [INF] HTTP GET /api/widget/config/long responded 204 in 25018.6042 ms
2026-03-06 17:26:33.804 +05:30 [INF] Request finished HTTP/1.1 GET http://localhost:5013/api/widget/config/long?workspace=sample&key=I3UPoNYawpezx-OhSr2hs0DppN8hwow7MpnppypPP-c&since=0 - 204 null null 25022.7578ms
2026-03-06 17:26:46.858 +05:30 [INF] User profile is available. Using 'C:\Users\vishweshwaran.e\AppData\Local\ASP.NET\DataProtection-Keys' as key repository and Windows DPAPI to encrypt keys at rest.
2026-03-06 17:26:47.064 +05:30 [INF] Now listening on: http://localhost:5013
2026-03-06 17:26:47.067 +05:30 [INF] Application started. Press Ctrl+C to shut down.
2026-03-06 17:26:47.068 +05:30 [INF] Hosting environment: Development
2026-03-06 17:26:47.069 +05:30 [INF] Content root path: D:\FB\MVC\src\BubbleApp.Api
2026-03-06 17:26:47.574 +05:30 [INF] Request starting HTTP/1.1 GET http://localhost:5013/api/widget/config/long?workspace=sample&key=I3UPoNYawpezx-OhSr2hs0DppN8hwow7MpnppypPP-c&since=0 - null null
2026-03-06 17:26:47.573 +05:30 [INF] Request starting HTTP/1.1 GET http://localhost:5013/api/widget/config/long?workspace=sample&key=I3UPoNYawpezx-OhSr2hs0DppN8hwow7MpnppypPP-c&since=0 - null null
2026-03-06 17:26:47.595 +05:30 [INF] CORS policy execution successful.
2026-03-06 17:26:47.595 +05:30 [INF] CORS policy execution successful.
2026-03-06 17:26:47.637 +05:30 [INF] Executing endpoint 'BubbleApp.Api.Controllers.WidgetConfigController.Long (BubbleApp.Api)'
2026-03-06 17:26:47.637 +05:30 [INF] Executing endpoint 'BubbleApp.Api.Controllers.WidgetConfigController.Long (BubbleApp.Api)'
2026-03-06 17:26:47.872 +05:30 [INF] Route matched with {action = "Long", controller = "WidgetConfig"}. Executing controller action with signature System.Threading.Tasks.Task`1[Microsoft.AspNetCore.Mvc.IActionResult] Long(System.String, Int64, System.Threading.CancellationToken) on controller BubbleApp.Api.Controllers.WidgetConfigController (BubbleApp.Api).
2026-03-06 17:26:47.872 +05:30 [INF] Route matched with {action = "Long", controller = "WidgetConfig"}. Executing controller action with signature System.Threading.Tasks.Task`1[Microsoft.AspNetCore.Mvc.IActionResult] Long(System.String, Int64, System.Threading.CancellationToken) on controller BubbleApp.Api.Controllers.WidgetConfigController (BubbleApp.Api).
2026-03-06 17:26:49.542 +05:30 [INF] Request starting HTTP/1.1 GET http://localhost:5013/api/widget/config/long?workspace=sample&key=I3UPoNYawpezx-OhSr2hs0DppN8hwow7MpnppypPP-c&since=0 - null null
2026-03-06 17:26:49.546 +05:30 [INF] CORS policy execution successful.
2026-03-06 17:26:49.548 +05:30 [INF] Executing endpoint 'BubbleApp.Api.Controllers.WidgetConfigController.Long (BubbleApp.Api)'
2026-03-06 17:26:49.549 +05:30 [INF] Route matched with {action = "Long", controller = "WidgetConfig"}. Executing controller action with signature System.Threading.Tasks.Task`1[Microsoft.AspNetCore.Mvc.IActionResult] Long(System.String, Int64, System.Threading.CancellationToken) on controller BubbleApp.Api.Controllers.WidgetConfigController (BubbleApp.Api).
2026-03-06 17:26:58.543 +05:30 [INF] Request starting HTTP/1.1 GET http://localhost:5013/api/reminders?workspace=sample&key=I3UPoNYawpezx-OhSr2hs0DppN8hwow7MpnppypPP-c&userId=28 - null null
2026-03-06 17:26:58.546 +05:30 [INF] CORS policy execution successful.
2026-03-06 17:26:58.547 +05:30 [INF] Executing endpoint 'BubbleApp.Api.Controllers.RemindersController.Get (BubbleApp.Api)'
2026-03-06 17:26:58.554 +05:30 [INF] Route matched with {action = "Get", controller = "Reminders"}. Executing controller action with signature System.Threading.Tasks.Task`1[Microsoft.AspNetCore.Mvc.IActionResult] Get(System.String, System.String, System.Threading.CancellationToken) on controller BubbleApp.Api.Controllers.RemindersController (BubbleApp.Api).
2026-03-06 17:26:58.580 +05:30 [INF] Executing OkObjectResult, writing value of type 'System.Collections.Generic.List`1[[BubbleApp.Common.ViewModels.Reminder.ReminderDto, BubbleApp.Common, Version=1.0.0.0, Culture=neutral, PublicKeyToken=null]]'.
2026-03-06 17:26:58.630 +05:30 [INF] Executed action BubbleApp.Api.Controllers.RemindersController.Get (BubbleApp.Api) in 71.1561ms
2026-03-06 17:26:58.642 +05:30 [INF] Executed endpoint 'BubbleApp.Api.Controllers.RemindersController.Get (BubbleApp.Api)'
2026-03-06 17:26:58.646 +05:30 [INF] HTTP GET /api/reminders responded 200 in 98.3473 ms
2026-03-06 17:26:58.651 +05:30 [INF] Request finished HTTP/1.1 GET http://localhost:5013/api/reminders?workspace=sample&key=I3UPoNYawpezx-OhSr2hs0DppN8hwow7MpnppypPP-c&userId=28 - 200 null application/json; charset=utf-8 107.899ms
2026-03-06 17:27:10.240 +05:30 [INF] Request starting HTTP/1.1 GET http://localhost:5013/api/notes?workspace=sample&key=I3UPoNYawpezx-OhSr2hs0DppN8hwow7MpnppypPP-c&userId=28 - null null
2026-03-06 17:27:10.243 +05:30 [INF] CORS policy execution successful.
2026-03-06 17:27:10.244 +05:30 [INF] Executing endpoint 'BubbleApp.Api.Controllers.NotesController.Get (BubbleApp.Api)'
2026-03-06 17:27:10.249 +05:30 [INF] Route matched with {action = "Get", controller = "Notes"}. Executing controller action with signature System.Threading.Tasks.Task`1[Microsoft.AspNetCore.Mvc.IActionResult] Get(System.String, System.String, System.Threading.CancellationToken) on controller BubbleApp.Api.Controllers.NotesController (BubbleApp.Api).
2026-03-06 17:27:10.261 +05:30 [INF] Executing OkObjectResult, writing value of type 'System.Collections.Generic.List`1[[BubbleApp.Common.ViewModels.Notes.NoteDto, BubbleApp.Common, Version=1.0.0.0, Culture=neutral, PublicKeyToken=null]]'.
2026-03-06 17:27:10.265 +05:30 [INF] Executed action BubbleApp.Api.Controllers.NotesController.Get (BubbleApp.Api) in 13.8378ms
2026-03-06 17:27:10.266 +05:30 [INF] Executed endpoint 'BubbleApp.Api.Controllers.NotesController.Get (BubbleApp.Api)'
2026-03-06 17:27:10.267 +05:30 [INF] HTTP GET /api/notes responded 200 in 24.0627 ms
2026-03-06 17:27:10.269 +05:30 [INF] Request finished HTTP/1.1 GET http://localhost:5013/api/notes?workspace=sample&key=I3UPoNYawpezx-OhSr2hs0DppN8hwow7MpnppypPP-c&userId=28 - 200 null application/json; charset=utf-8 29.5324ms
2026-03-06 17:27:12.136 +05:30 [INF] Request starting HTTP/1.1 GET http://localhost:5013/api/notes?workspace=sample&key=I3UPoNYawpezx-OhSr2hs0DppN8hwow7MpnppypPP-c&userId=28 - null null
2026-03-06 17:27:12.140 +05:30 [INF] CORS policy execution successful.
2026-03-06 17:27:12.142 +05:30 [INF] Executing endpoint 'BubbleApp.Api.Controllers.NotesController.Get (BubbleApp.Api)'
2026-03-06 17:27:12.144 +05:30 [INF] Route matched with {action = "Get", controller = "Notes"}. Executing controller action with signature System.Threading.Tasks.Task`1[Microsoft.AspNetCore.Mvc.IActionResult] Get(System.String, System.String, System.Threading.CancellationToken) on controller BubbleApp.Api.Controllers.NotesController (BubbleApp.Api).
2026-03-06 17:27:12.152 +05:30 [INF] Executing OkObjectResult, writing value of type 'System.Collections.Generic.List`1[[BubbleApp.Common.ViewModels.Notes.NoteDto, BubbleApp.Common, Version=1.0.0.0, Culture=neutral, PublicKeyToken=null]]'.
2026-03-06 17:27:12.154 +05:30 [INF] Executed action BubbleApp.Api.Controllers.NotesController.Get (BubbleApp.Api) in 6.8903ms
2026-03-06 17:27:12.156 +05:30 [INF] Executed endpoint 'BubbleApp.Api.Controllers.NotesController.Get (BubbleApp.Api)'
2026-03-06 17:27:12.158 +05:30 [INF] HTTP GET /api/notes responded 200 in 17.5761 ms
2026-03-06 17:27:12.160 +05:30 [INF] Request finished HTTP/1.1 GET http://localhost:5013/api/notes?workspace=sample&key=I3UPoNYawpezx-OhSr2hs0DppN8hwow7MpnppypPP-c&userId=28 - 200 null application/json; charset=utf-8 24.5192ms
2026-03-06 17:27:12.867 +05:30 [INF] Request starting HTTP/1.1 GET http://localhost:5013/api/todos?workspace=sample&key=I3UPoNYawpezx-OhSr2hs0DppN8hwow7MpnppypPP-c&userId=28 - null null
2026-03-06 17:27:12.870 +05:30 [INF] CORS policy execution successful.
2026-03-06 17:27:12.870 +05:30 [INF] Executing endpoint 'BubbleApp.Api.Controllers.TodosController.Get (BubbleApp.Api)'
2026-03-06 17:27:12.875 +05:30 [INF] Route matched with {action = "Get", controller = "Todos"}. Executing controller action with signature System.Threading.Tasks.Task`1[Microsoft.AspNetCore.Mvc.IActionResult] Get(System.String, System.String, System.Threading.CancellationToken) on controller BubbleApp.Api.Controllers.TodosController (BubbleApp.Api).
2026-03-06 17:27:12.886 +05:30 [INF] Executing OkObjectResult, writing value of type 'System.Collections.Generic.List`1[[BubbleApp.Common.ViewModels.Todo.TodoDto, BubbleApp.Common, Version=1.0.0.0, Culture=neutral, PublicKeyToken=null]]'.
2026-03-06 17:27:12.889 +05:30 [INF] Executed action BubbleApp.Api.Controllers.TodosController.Get (BubbleApp.Api) in 10.3965ms
2026-03-06 17:27:12.890 +05:30 [INF] Executed endpoint 'BubbleApp.Api.Controllers.TodosController.Get (BubbleApp.Api)'
2026-03-06 17:27:12.892 +05:30 [INF] HTTP GET /api/todos responded 200 in 22.1026 ms
2026-03-06 17:27:12.893 +05:30 [INF] Request finished HTTP/1.1 GET http://localhost:5013/api/todos?workspace=sample&key=I3UPoNYawpezx-OhSr2hs0DppN8hwow7MpnppypPP-c&userId=28 - 200 null application/json; charset=utf-8 26.3765ms
2026-03-06 17:27:12.990 +05:30 [INF] Executing StatusCodeResult, setting HTTP status code 204
2026-03-06 17:27:12.993 +05:30 [INF] Executing StatusCodeResult, setting HTTP status code 204
2026-03-06 17:27:12.994 +05:30 [INF] Executed action BubbleApp.Api.Controllers.WidgetConfigController.Long (BubbleApp.Api) in 25119.5076ms
2026-03-06 17:27:12.996 +05:30 [INF] Executed action BubbleApp.Api.Controllers.WidgetConfigController.Long (BubbleApp.Api) in 25119.2267ms
2026-03-06 17:27:12.997 +05:30 [INF] Executed endpoint 'BubbleApp.Api.Controllers.WidgetConfigController.Long (BubbleApp.Api)'
2026-03-06 17:27:12.999 +05:30 [INF] Executed endpoint 'BubbleApp.Api.Controllers.WidgetConfigController.Long (BubbleApp.Api)'
2026-03-06 17:27:13.000 +05:30 [INF] HTTP GET /api/widget/config/long responded 204 in 25409.5091 ms
2026-03-06 17:27:13.001 +05:30 [INF] HTTP GET /api/widget/config/long responded 204 in 25410.5365 ms
2026-03-06 17:27:13.003 +05:30 [INF] Request finished HTTP/1.1 GET http://localhost:5013/api/widget/config/long?workspace=sample&key=I3UPoNYawpezx-OhSr2hs0DppN8hwow7MpnppypPP-c&since=0 - 204 null null 25431.1627ms
2026-03-06 17:27:13.005 +05:30 [INF] Request finished HTTP/1.1 GET http://localhost:5013/api/widget/config/long?workspace=sample&key=I3UPoNYawpezx-OhSr2hs0DppN8hwow7MpnppypPP-c&since=0 - 204 null null 25432.8395ms
2026-03-06 17:27:13.010 +05:30 [INF] Request starting HTTP/1.1 GET http://localhost:5013/api/widget/config/long?workspace=sample&key=I3UPoNYawpezx-OhSr2hs0DppN8hwow7MpnppypPP-c&since=0 - null null
2026-03-06 17:27:13.013 +05:30 [INF] Request starting HTTP/1.1 GET http://localhost:5013/api/widget/config/long?workspace=sample&key=I3UPoNYawpezx-OhSr2hs0DppN8hwow7MpnppypPP-c&since=0 - null null
2026-03-06 17:27:13.016 +05:30 [INF] CORS policy execution successful.
2026-03-06 17:27:13.018 +05:30 [INF] CORS policy execution successful.
2026-03-06 17:27:13.019 +05:30 [INF] Executing endpoint 'BubbleApp.Api.Controllers.WidgetConfigController.Long (BubbleApp.Api)'
2026-03-06 17:27:13.020 +05:30 [INF] Executing endpoint 'BubbleApp.Api.Controllers.WidgetConfigController.Long (BubbleApp.Api)'
2026-03-06 17:27:13.020 +05:30 [INF] Route matched with {action = "Long", controller = "WidgetConfig"}. Executing controller action with signature System.Threading.Tasks.Task`1[Microsoft.AspNetCore.Mvc.IActionResult] Long(System.String, Int64, System.Threading.CancellationToken) on controller BubbleApp.Api.Controllers.WidgetConfigController (BubbleApp.Api).
2026-03-06 17:27:13.022 +05:30 [INF] Route matched with {action = "Long", controller = "WidgetConfig"}. Executing controller action with signature System.Threading.Tasks.Task`1[Microsoft.AspNetCore.Mvc.IActionResult] Long(System.String, Int64, System.Threading.CancellationToken) on controller BubbleApp.Api.Controllers.WidgetConfigController (BubbleApp.Api).
2026-03-06 17:27:14.313 +05:30 [INF] Request starting HTTP/1.1 GET http://localhost:5013/api/general?workspace=sample&key=I3UPoNYawpezx-OhSr2hs0DppN8hwow7MpnppypPP-c - null null
2026-03-06 17:27:14.316 +05:30 [INF] CORS policy execution successful.
2026-03-06 17:27:14.317 +05:30 [INF] Executing endpoint 'BubbleApp.Api.Controllers.GeneralController.Get (BubbleApp.Api)'
2026-03-06 17:27:14.320 +05:30 [INF] Route matched with {action = "Get", controller = "General"}. Executing controller action with signature System.Threading.Tasks.Task`1[Microsoft.AspNetCore.Mvc.IActionResult] Get(System.String, System.Threading.CancellationToken) on controller BubbleApp.Api.Controllers.GeneralController (BubbleApp.Api).
2026-03-06 17:27:14.329 +05:30 [INF] Executing OkObjectResult, writing value of type 'System.Collections.Generic.List`1[[BubbleApp.Common.ViewModels.General.GeneralMessageDto, BubbleApp.Common, Version=1.0.0.0, Culture=neutral, PublicKeyToken=null]]'.
2026-03-06 17:27:14.332 +05:30 [INF] Executed action BubbleApp.Api.Controllers.GeneralController.Get (BubbleApp.Api) in 10.2474ms
2026-03-06 17:27:14.333 +05:30 [INF] Executed endpoint 'BubbleApp.Api.Controllers.GeneralController.Get (BubbleApp.Api)'
2026-03-06 17:27:14.334 +05:30 [INF] HTTP GET /api/general responded 200 in 17.8627 ms
2026-03-06 17:27:14.335 +05:30 [INF] Request finished HTTP/1.1 GET http://localhost:5013/api/general?workspace=sample&key=I3UPoNYawpezx-OhSr2hs0DppN8hwow7MpnppypPP-c - 200 null application/json; charset=utf-8 22.2075ms
2026-03-06 17:27:14.560 +05:30 [INF] Executing StatusCodeResult, setting HTTP status code 204
2026-03-06 17:27:14.562 +05:30 [INF] Executed action BubbleApp.Api.Controllers.WidgetConfigController.Long (BubbleApp.Api) in 25010.9669ms
2026-03-06 17:27:14.564 +05:30 [INF] Executed endpoint 'BubbleApp.Api.Controllers.WidgetConfigController.Long (BubbleApp.Api)'
2026-03-06 17:27:14.565 +05:30 [INF] HTTP GET /api/widget/config/long responded 204 in 25020.0526 ms
2026-03-06 17:27:14.567 +05:30 [INF] Request finished HTTP/1.1 GET http://localhost:5013/api/widget/config/long?workspace=sample&key=I3UPoNYawpezx-OhSr2hs0DppN8hwow7MpnppypPP-c&since=0 - 204 null null 25024.9219ms
2026-03-06 17:27:14.570 +05:30 [INF] Request starting HTTP/1.1 GET http://localhost:5013/api/widget/config/long?workspace=sample&key=I3UPoNYawpezx-OhSr2hs0DppN8hwow7MpnppypPP-c&since=0 - null null
2026-03-06 17:27:14.573 +05:30 [INF] CORS policy execution successful.
2026-03-06 17:27:14.574 +05:30 [INF] Executing endpoint 'BubbleApp.Api.Controllers.WidgetConfigController.Long (BubbleApp.Api)'
2026-03-06 17:27:14.575 +05:30 [INF] Route matched with {action = "Long", controller = "WidgetConfig"}. Executing controller action with signature System.Threading.Tasks.Task`1[Microsoft.AspNetCore.Mvc.IActionResult] Long(System.String, Int64, System.Threading.CancellationToken) on controller BubbleApp.Api.Controllers.WidgetConfigController (BubbleApp.Api).
2026-03-06 17:27:15.555 +05:30 [INF] Request starting HTTP/1.1 GET http://localhost:5013/api/general?workspace=sample&key=I3UPoNYawpezx-OhSr2hs0DppN8hwow7MpnppypPP-c - null null
2026-03-06 17:27:15.558 +05:30 [INF] CORS policy execution successful.
2026-03-06 17:27:15.559 +05:30 [INF] Executing endpoint 'BubbleApp.Api.Controllers.GeneralController.Get (BubbleApp.Api)'
2026-03-06 17:27:15.560 +05:30 [INF] Route matched with {action = "Get", controller = "General"}. Executing controller action with signature System.Threading.Tasks.Task`1[Microsoft.AspNetCore.Mvc.IActionResult] Get(System.String, System.Threading.CancellationToken) on controller BubbleApp.Api.Controllers.GeneralController (BubbleApp.Api).
2026-03-06 17:27:15.564 +05:30 [INF] Executing OkObjectResult, writing value of type 'System.Collections.Generic.List`1[[BubbleApp.Common.ViewModels.General.GeneralMessageDto, BubbleApp.Common, Version=1.0.0.0, Culture=neutral, PublicKeyToken=null]]'.
2026-03-06 17:27:15.566 +05:30 [INF] Executed action BubbleApp.Api.Controllers.GeneralController.Get (BubbleApp.Api) in 3.5099ms
2026-03-06 17:27:15.567 +05:30 [INF] Executed endpoint 'BubbleApp.Api.Controllers.GeneralController.Get (BubbleApp.Api)'
2026-03-06 17:27:15.568 +05:30 [INF] HTTP GET /api/general responded 200 in 9.8539 ms
2026-03-06 17:27:15.570 +05:30 [INF] Request finished HTTP/1.1 GET http://localhost:5013/api/general?workspace=sample&key=I3UPoNYawpezx-OhSr2hs0DppN8hwow7MpnppypPP-c - 200 null application/json; charset=utf-8 15.2489ms
2026-03-06 17:27:15.849 +05:30 [INF] Request starting HTTP/1.1 GET http://localhost:5013/api/reminders?workspace=sample&key=I3UPoNYawpezx-OhSr2hs0DppN8hwow7MpnppypPP-c&userId=28 - null null
2026-03-06 17:27:15.852 +05:30 [INF] CORS policy execution successful.
2026-03-06 17:27:15.853 +05:30 [INF] Executing endpoint 'BubbleApp.Api.Controllers.RemindersController.Get (BubbleApp.Api)'
2026-03-06 17:27:15.854 +05:30 [INF] Route matched with {action = "Get", controller = "Reminders"}. Executing controller action with signature System.Threading.Tasks.Task`1[Microsoft.AspNetCore.Mvc.IActionResult] Get(System.String, System.String, System.Threading.CancellationToken) on controller BubbleApp.Api.Controllers.RemindersController (BubbleApp.Api).
2026-03-06 17:27:15.858 +05:30 [INF] Executing OkObjectResult, writing value of type 'System.Collections.Generic.List`1[[BubbleApp.Common.ViewModels.Reminder.ReminderDto, BubbleApp.Common, Version=1.0.0.0, Culture=neutral, PublicKeyToken=null]]'.
2026-03-06 17:27:15.860 +05:30 [INF] Executed action BubbleApp.Api.Controllers.RemindersController.Get (BubbleApp.Api) in 4.4795ms
2026-03-06 17:27:15.862 +05:30 [INF] Executed endpoint 'BubbleApp.Api.Controllers.RemindersController.Get (BubbleApp.Api)'
2026-03-06 17:27:15.863 +05:30 [INF] HTTP GET /api/reminders responded 200 in 11.6413 ms
2026-03-06 17:27:15.866 +05:30 [INF] Request finished HTTP/1.1 GET http://localhost:5013/api/reminders?workspace=sample&key=I3UPoNYawpezx-OhSr2hs0DppN8hwow7MpnppypPP-c&userId=28 - 200 null application/json; charset=utf-8 16.5131ms
2026-03-06 17:27:17.507 +05:30 [INF] Request starting HTTP/1.1 GET http://localhost:5013/api/todos?workspace=sample&key=I3UPoNYawpezx-OhSr2hs0DppN8hwow7MpnppypPP-c&userId=28 - null null
2026-03-06 17:27:17.511 +05:30 [INF] CORS policy execution successful.
2026-03-06 17:27:17.513 +05:30 [INF] Executing endpoint 'BubbleApp.Api.Controllers.TodosController.Get (BubbleApp.Api)'
2026-03-06 17:27:17.514 +05:30 [INF] Route matched with {action = "Get", controller = "Todos"}. Executing controller action with signature System.Threading.Tasks.Task`1[Microsoft.AspNetCore.Mvc.IActionResult] Get(System.String, System.String, System.Threading.CancellationToken) on controller BubbleApp.Api.Controllers.TodosController (BubbleApp.Api).
2026-03-06 17:27:17.519 +05:30 [INF] Executing OkObjectResult, writing value of type 'System.Collections.Generic.List`1[[BubbleApp.Common.ViewModels.Todo.TodoDto, BubbleApp.Common, Version=1.0.0.0, Culture=neutral, PublicKeyToken=null]]'.
2026-03-06 17:27:17.520 +05:30 [INF] Executed action BubbleApp.Api.Controllers.TodosController.Get (BubbleApp.Api) in 4.4567ms
2026-03-06 17:27:17.522 +05:30 [INF] Executed endpoint 'BubbleApp.Api.Controllers.TodosController.Get (BubbleApp.Api)'
2026-03-06 17:27:17.523 +05:30 [INF] HTTP GET /api/todos responded 200 in 11.4650 ms
2026-03-06 17:27:17.524 +05:30 [INF] Request finished HTTP/1.1 GET http://localhost:5013/api/todos?workspace=sample&key=I3UPoNYawpezx-OhSr2hs0DppN8hwow7MpnppypPP-c&userId=28 - 200 null application/json; charset=utf-8 17.1061ms
2026-03-06 17:27:22.869 +05:30 [INF] Request starting HTTP/1.1 OPTIONS http://localhost:5013/api/todos - null null
2026-03-06 17:27:22.872 +05:30 [INF] CORS policy execution successful.
2026-03-06 17:27:22.873 +05:30 [INF] HTTP OPTIONS /api/todos responded 204 in 1.6622 ms
2026-03-06 17:27:22.875 +05:30 [INF] Request finished HTTP/1.1 OPTIONS http://localhost:5013/api/todos - 204 null null 6.3498ms
2026-03-06 17:27:22.886 +05:30 [INF] Request starting HTTP/1.1 POST http://localhost:5013/api/todos - application/json 136
2026-03-06 17:27:22.889 +05:30 [INF] CORS policy execution successful.
2026-03-06 17:27:22.890 +05:30 [INF] Executing endpoint 'BubbleApp.Api.Controllers.TodosController.Create (BubbleApp.Api)'
2026-03-06 17:27:22.894 +05:30 [INF] Route matched with {action = "Create", controller = "Todos"}. Executing controller action with signature System.Threading.Tasks.Task`1[Microsoft.AspNetCore.Mvc.IActionResult] Create(CreateTodoDto, System.Threading.CancellationToken) on controller BubbleApp.Api.Controllers.TodosController (BubbleApp.Api).
2026-03-06 17:27:22.984 +05:30 [INF] Executing OkObjectResult, writing value of type 'BubbleApp.Common.ViewModels.Todo.TodoDto'.
2026-03-06 17:27:22.986 +05:30 [INF] Executed action BubbleApp.Api.Controllers.TodosController.Create (BubbleApp.Api) in 90.0231ms
2026-03-06 17:27:22.987 +05:30 [INF] Executed endpoint 'BubbleApp.Api.Controllers.TodosController.Create (BubbleApp.Api)'
2026-03-06 17:27:22.988 +05:30 [INF] HTTP POST /api/todos responded 200 in 99.0378 ms
2026-03-06 17:27:22.990 +05:30 [INF] Request finished HTTP/1.1 POST http://localhost:5013/api/todos - 200 null application/json; charset=utf-8 103.9039ms
2026-03-06 17:27:22.994 +05:30 [INF] Request starting HTTP/1.1 GET http://localhost:5013/api/todos?workspace=sample&key=I3UPoNYawpezx-OhSr2hs0DppN8hwow7MpnppypPP-c&userId=28 - null null
2026-03-06 17:27:22.997 +05:30 [INF] CORS policy execution successful.
2026-03-06 17:27:22.998 +05:30 [INF] Executing endpoint 'BubbleApp.Api.Controllers.TodosController.Get (BubbleApp.Api)'
2026-03-06 17:27:22.999 +05:30 [INF] Route matched with {action = "Get", controller = "Todos"}. Executing controller action with signature System.Threading.Tasks.Task`1[Microsoft.AspNetCore.Mvc.IActionResult] Get(System.String, System.String, System.Threading.CancellationToken) on controller BubbleApp.Api.Controllers.TodosController (BubbleApp.Api).
2026-03-06 17:27:23.003 +05:30 [INF] Executing OkObjectResult, writing value of type 'System.Collections.Generic.List`1[[BubbleApp.Common.ViewModels.Todo.TodoDto, BubbleApp.Common, Version=1.0.0.0, Culture=neutral, PublicKeyToken=null]]'.
2026-03-06 17:27:23.005 +05:30 [INF] Executed action BubbleApp.Api.Controllers.TodosController.Get (BubbleApp.Api) in 4.3816ms
2026-03-06 17:27:23.007 +05:30 [INF] Executed endpoint 'BubbleApp.Api.Controllers.TodosController.Get (BubbleApp.Api)'
2026-03-06 17:27:23.008 +05:30 [INF] HTTP GET /api/todos responded 200 in 10.8289 ms
2026-03-06 17:27:23.009 +05:30 [INF] Request finished HTTP/1.1 GET http://localhost:5013/api/todos?workspace=sample&key=I3UPoNYawpezx-OhSr2hs0DppN8hwow7MpnppypPP-c&userId=28 - 200 null application/json; charset=utf-8 15.2443ms
2026-03-06 17:27:24.910 +05:30 [INF] Request starting HTTP/1.1 OPTIONS http://localhost:5013/api/todos/a55f1fca-cef4-4945-bad9-29a66be222e5 - null null
2026-03-06 17:27:24.914 +05:30 [INF] CORS policy execution successful.
2026-03-06 17:27:24.915 +05:30 [INF] HTTP OPTIONS /api/todos/a55f1fca-cef4-4945-bad9-29a66be222e5 responded 204 in 1.1234 ms
2026-03-06 17:27:24.917 +05:30 [INF] Request finished HTTP/1.1 OPTIONS http://localhost:5013/api/todos/a55f1fca-cef4-4945-bad9-29a66be222e5 - 204 null null 7.1482ms
2026-03-06 17:27:24.920 +05:30 [INF] Request starting HTTP/1.1 PATCH http://localhost:5013/api/todos/a55f1fca-cef4-4945-bad9-29a66be222e5 - application/json 100
2026-03-06 17:27:24.922 +05:30 [INF] CORS policy execution successful.
2026-03-06 17:27:24.923 +05:30 [INF] Executing endpoint 'BubbleApp.Api.Controllers.TodosController.PatchDone (BubbleApp.Api)'
2026-03-06 17:27:24.927 +05:30 [INF] Route matched with {action = "PatchDone", controller = "Todos"}. Executing controller action with signature System.Threading.Tasks.Task`1[Microsoft.AspNetCore.Mvc.IActionResult] PatchDone(System.String, PatchDoneDto, System.Threading.CancellationToken) on controller BubbleApp.Api.Controllers.TodosController (BubbleApp.Api).
2026-03-06 17:27:24.947 +05:30 [INF] Executing StatusCodeResult, setting HTTP status code 204
2026-03-06 17:27:24.948 +05:30 [INF] Executed action BubbleApp.Api.Controllers.TodosController.PatchDone (BubbleApp.Api) in 18.8478ms
2026-03-06 17:27:24.949 +05:30 [INF] Executed endpoint 'BubbleApp.Api.Controllers.TodosController.PatchDone (BubbleApp.Api)'
2026-03-06 17:27:24.950 +05:30 [INF] HTTP PATCH /api/todos/a55f1fca-cef4-4945-bad9-29a66be222e5 responded 204 in 28.0194 ms
2026-03-06 17:27:24.952 +05:30 [INF] Request finished HTTP/1.1 PATCH http://localhost:5013/api/todos/a55f1fca-cef4-4945-bad9-29a66be222e5 - 204 null null 31.8652ms
2026-03-06 17:27:31.191 +05:30 [INF] Request starting HTTP/1.1 GET http://localhost:5013/api/todos?workspace=sample&key=I3UPoNYawpezx-OhSr2hs0DppN8hwow7MpnppypPP-c&userId=28 - null null
2026-03-06 17:27:31.193 +05:30 [INF] CORS policy execution successful.
2026-03-06 17:27:31.194 +05:30 [INF] Executing endpoint 'BubbleApp.Api.Controllers.TodosController.Get (BubbleApp.Api)'
2026-03-06 17:27:31.195 +05:30 [INF] Route matched with {action = "Get", controller = "Todos"}. Executing controller action with signature System.Threading.Tasks.Task`1[Microsoft.AspNetCore.Mvc.IActionResult] Get(System.String, System.String, System.Threading.CancellationToken) on controller BubbleApp.Api.Controllers.TodosController (BubbleApp.Api).
2026-03-06 17:27:31.200 +05:30 [INF] Executing OkObjectResult, writing value of type 'System.Collections.Generic.List`1[[BubbleApp.Common.ViewModels.Todo.TodoDto, BubbleApp.Common, Version=1.0.0.0, Culture=neutral, PublicKeyToken=null]]'.
2026-03-06 17:27:31.201 +05:30 [INF] Executed action BubbleApp.Api.Controllers.TodosController.Get (BubbleApp.Api) in 4.7049ms
2026-03-06 17:27:31.202 +05:30 [INF] Executed endpoint 'BubbleApp.Api.Controllers.TodosController.Get (BubbleApp.Api)'
2026-03-06 17:27:31.203 +05:30 [INF] HTTP GET /api/todos responded 200 in 10.1315 ms
2026-03-06 17:27:31.205 +05:30 [INF] Request finished HTTP/1.1 GET http://localhost:5013/api/todos?workspace=sample&key=I3UPoNYawpezx-OhSr2hs0DppN8hwow7MpnppypPP-c&userId=28 - 200 null application/json; charset=utf-8 14.4168ms
2026-03-06 17:27:32.776 +05:30 [INF] Request starting HTTP/1.1 GET http://localhost:5013/api/notes?workspace=sample&key=I3UPoNYawpezx-OhSr2hs0DppN8hwow7MpnppypPP-c&userId=28 - null null
2026-03-06 17:27:32.779 +05:30 [INF] CORS policy execution successful.
2026-03-06 17:27:32.780 +05:30 [INF] Executing endpoint 'BubbleApp.Api.Controllers.NotesController.Get (BubbleApp.Api)'
2026-03-06 17:27:32.782 +05:30 [INF] Route matched with {action = "Get", controller = "Notes"}. Executing controller action with signature System.Threading.Tasks.Task`1[Microsoft.AspNetCore.Mvc.IActionResult] Get(System.String, System.String, System.Threading.CancellationToken) on controller BubbleApp.Api.Controllers.NotesController (BubbleApp.Api).
2026-03-06 17:27:32.788 +05:30 [INF] Executing OkObjectResult, writing value of type 'System.Collections.Generic.List`1[[BubbleApp.Common.ViewModels.Notes.NoteDto, BubbleApp.Common, Version=1.0.0.0, Culture=neutral, PublicKeyToken=null]]'.
2026-03-06 17:27:32.789 +05:30 [INF] Executed action BubbleApp.Api.Controllers.NotesController.Get (BubbleApp.Api) in 4.312ms
2026-03-06 17:27:32.791 +05:30 [INF] Executed endpoint 'BubbleApp.Api.Controllers.NotesController.Get (BubbleApp.Api)'
2026-03-06 17:27:32.792 +05:30 [INF] HTTP GET /api/notes responded 200 in 12.7744 ms
2026-03-06 17:27:32.794 +05:30 [INF] Request finished HTTP/1.1 GET http://localhost:5013/api/notes?workspace=sample&key=I3UPoNYawpezx-OhSr2hs0DppN8hwow7MpnppypPP-c&userId=28 - 200 null application/json; charset=utf-8 17.8359ms
2026-03-06 17:27:33.769 +05:30 [INF] Request starting HTTP/1.1 GET http://localhost:5013/api/todos?workspace=sample&key=I3UPoNYawpezx-OhSr2hs0DppN8hwow7MpnppypPP-c&userId=28 - null null
2026-03-06 17:27:33.771 +05:30 [INF] CORS policy execution successful.
2026-03-06 17:27:33.772 +05:30 [INF] Executing endpoint 'BubbleApp.Api.Controllers.TodosController.Get (BubbleApp.Api)'
2026-03-06 17:27:33.773 +05:30 [INF] Route matched with {action = "Get", controller = "Todos"}. Executing controller action with signature System.Threading.Tasks.Task`1[Microsoft.AspNetCore.Mvc.IActionResult] Get(System.String, System.String, System.Threading.CancellationToken) on controller BubbleApp.Api.Controllers.TodosController (BubbleApp.Api).
2026-03-06 17:27:33.777 +05:30 [INF] Executing OkObjectResult, writing value of type 'System.Collections.Generic.List`1[[BubbleApp.Common.ViewModels.Todo.TodoDto, BubbleApp.Common, Version=1.0.0.0, Culture=neutral, PublicKeyToken=null]]'.
2026-03-06 17:27:33.778 +05:30 [INF] Executed action BubbleApp.Api.Controllers.TodosController.Get (BubbleApp.Api) in 3.398ms
2026-03-06 17:27:33.779 +05:30 [INF] Executed endpoint 'BubbleApp.Api.Controllers.TodosController.Get (BubbleApp.Api)'
2026-03-06 17:27:33.780 +05:30 [INF] HTTP GET /api/todos responded 200 in 9.0458 ms
2026-03-06 17:27:33.783 +05:30 [INF] Request finished HTTP/1.1 GET http://localhost:5013/api/todos?workspace=sample&key=I3UPoNYawpezx-OhSr2hs0DppN8hwow7MpnppypPP-c&userId=28 - 200 null application/json; charset=utf-8 14.1502ms
2026-03-06 17:27:34.562 +05:30 [INF] Request starting HTTP/1.1 GET http://localhost:5013/api/general?workspace=sample&key=I3UPoNYawpezx-OhSr2hs0DppN8hwow7MpnppypPP-c - null null
2026-03-06 17:27:34.564 +05:30 [INF] CORS policy execution successful.
2026-03-06 17:27:34.565 +05:30 [INF] Executing endpoint 'BubbleApp.Api.Controllers.GeneralController.Get (BubbleApp.Api)'
2026-03-06 17:27:34.566 +05:30 [INF] Route matched with {action = "Get", controller = "General"}. Executing controller action with signature System.Threading.Tasks.Task`1[Microsoft.AspNetCore.Mvc.IActionResult] Get(System.String, System.Threading.CancellationToken) on controller BubbleApp.Api.Controllers.GeneralController (BubbleApp.Api).
2026-03-06 17:27:34.571 +05:30 [INF] Executing OkObjectResult, writing value of type 'System.Collections.Generic.List`1[[BubbleApp.Common.ViewModels.General.GeneralMessageDto, BubbleApp.Common, Version=1.0.0.0, Culture=neutral, PublicKeyToken=null]]'.
2026-03-06 17:27:34.572 +05:30 [INF] Executed action BubbleApp.Api.Controllers.GeneralController.Get (BubbleApp.Api) in 4.5031ms
2026-03-06 17:27:34.574 +05:30 [INF] Executed endpoint 'BubbleApp.Api.Controllers.GeneralController.Get (BubbleApp.Api)'
2026-03-06 17:27:34.575 +05:30 [INF] HTTP GET /api/general responded 200 in 11.2624 ms
2026-03-06 17:27:34.577 +05:30 [INF] Request finished HTTP/1.1 GET http://localhost:5013/api/general?workspace=sample&key=I3UPoNYawpezx-OhSr2hs0DppN8hwow7MpnppypPP-c - 200 null application/json; charset=utf-8 15.3935ms
2026-03-06 17:27:35.319 +05:30 [INF] Request starting HTTP/1.1 GET http://localhost:5013/api/reminders?workspace=sample&key=I3UPoNYawpezx-OhSr2hs0DppN8hwow7MpnppypPP-c&userId=28 - null null
2026-03-06 17:27:35.321 +05:30 [INF] CORS policy execution successful.
2026-03-06 17:27:35.322 +05:30 [INF] Executing endpoint 'BubbleApp.Api.Controllers.RemindersController.Get (BubbleApp.Api)'
2026-03-06 17:27:35.323 +05:30 [INF] Route matched with {action = "Get", controller = "Reminders"}. Executing controller action with signature System.Threading.Tasks.Task`1[Microsoft.AspNetCore.Mvc.IActionResult] Get(System.String, System.String, System.Threading.CancellationToken) on controller BubbleApp.Api.Controllers.RemindersController (BubbleApp.Api).
2026-03-06 17:27:35.326 +05:30 [INF] Executing OkObjectResult, writing value of type 'System.Collections.Generic.List`1[[BubbleApp.Common.ViewModels.Reminder.ReminderDto, BubbleApp.Common, Version=1.0.0.0, Culture=neutral, PublicKeyToken=null]]'.
2026-03-06 17:27:35.328 +05:30 [INF] Executed action BubbleApp.Api.Controllers.RemindersController.Get (BubbleApp.Api) in 3.4145ms
2026-03-06 17:27:35.329 +05:30 [INF] Executed endpoint 'BubbleApp.Api.Controllers.RemindersController.Get (BubbleApp.Api)'
2026-03-06 17:27:35.330 +05:30 [INF] HTTP GET /api/reminders responded 200 in 8.9955 ms
2026-03-06 17:27:35.332 +05:30 [INF] Request finished HTTP/1.1 GET http://localhost:5013/api/reminders?workspace=sample&key=I3UPoNYawpezx-OhSr2hs0DppN8hwow7MpnppypPP-c&userId=28 - 200 null application/json; charset=utf-8 13.6387ms
2026-03-06 17:27:38.039 +05:30 [INF] Executing StatusCodeResult, setting HTTP status code 204
2026-03-06 17:27:38.039 +05:30 [INF] Executing StatusCodeResult, setting HTTP status code 204
2026-03-06 17:27:38.040 +05:30 [INF] Executed action BubbleApp.Api.Controllers.WidgetConfigController.Long (BubbleApp.Api) in 25014.265ms
2026-03-06 17:27:38.041 +05:30 [INF] Executed action BubbleApp.Api.Controllers.WidgetConfigController.Long (BubbleApp.Api) in 25017.3923ms
2026-03-06 17:27:38.042 +05:30 [INF] Executed endpoint 'BubbleApp.Api.Controllers.WidgetConfigController.Long (BubbleApp.Api)'
2026-03-06 17:27:38.043 +05:30 [INF] Executed endpoint 'BubbleApp.Api.Controllers.WidgetConfigController.Long (BubbleApp.Api)'
2026-03-06 17:27:38.044 +05:30 [INF] HTTP GET /api/widget/config/long responded 204 in 25025.9071 ms
2026-03-06 17:27:38.045 +05:30 [INF] HTTP GET /api/widget/config/long responded 204 in 25029.2474 ms
2026-03-06 17:27:38.046 +05:30 [INF] Request finished HTTP/1.1 GET http://localhost:5013/api/widget/config/long?workspace=sample&key=I3UPoNYawpezx-OhSr2hs0DppN8hwow7MpnppypPP-c&since=0 - 204 null null 25032.8673ms
2026-03-06 17:27:38.048 +05:30 [INF] Request finished HTTP/1.1 GET http://localhost:5013/api/widget/config/long?workspace=sample&key=I3UPoNYawpezx-OhSr2hs0DppN8hwow7MpnppypPP-c&since=0 - 204 null null 25037.1925ms
2026-03-06 17:27:38.051 +05:30 [INF] Request starting HTTP/1.1 GET http://localhost:5013/api/widget/config/long?workspace=sample&key=I3UPoNYawpezx-OhSr2hs0DppN8hwow7MpnppypPP-c&since=0 - null null
2026-03-06 17:27:38.054 +05:30 [INF] Request starting HTTP/1.1 GET http://localhost:5013/api/widget/config/long?workspace=sample&key=I3UPoNYawpezx-OhSr2hs0DppN8hwow7MpnppypPP-c&since=0 - null null
2026-03-06 17:27:38.056 +05:30 [INF] CORS policy execution successful.
2026-03-06 17:27:38.058 +05:30 [INF] CORS policy execution successful.
2026-03-06 17:27:38.059 +05:30 [INF] Executing endpoint 'BubbleApp.Api.Controllers.WidgetConfigController.Long (BubbleApp.Api)'
2026-03-06 17:27:38.059 +05:30 [INF] Executing endpoint 'BubbleApp.Api.Controllers.WidgetConfigController.Long (BubbleApp.Api)'
2026-03-06 17:27:38.060 +05:30 [INF] Route matched with {action = "Long", controller = "WidgetConfig"}. Executing controller action with signature System.Threading.Tasks.Task`1[Microsoft.AspNetCore.Mvc.IActionResult] Long(System.String, Int64, System.Threading.CancellationToken) on controller BubbleApp.Api.Controllers.WidgetConfigController (BubbleApp.Api).
2026-03-06 17:27:38.061 +05:30 [INF] Route matched with {action = "Long", controller = "WidgetConfig"}. Executing controller action with signature System.Threading.Tasks.Task`1[Microsoft.AspNetCore.Mvc.IActionResult] Long(System.String, Int64, System.Threading.CancellationToken) on controller BubbleApp.Api.Controllers.WidgetConfigController (BubbleApp.Api).
2026-03-06 17:27:39.598 +05:30 [INF] Executing StatusCodeResult, setting HTTP status code 204
2026-03-06 17:27:39.604 +05:30 [INF] Executed action BubbleApp.Api.Controllers.WidgetConfigController.Long (BubbleApp.Api) in 25026.6752ms
2026-03-06 17:27:39.606 +05:30 [INF] Executed endpoint 'BubbleApp.Api.Controllers.WidgetConfigController.Long (BubbleApp.Api)'
2026-03-06 17:27:39.607 +05:30 [INF] HTTP GET /api/widget/config/long responded 204 in 25034.4975 ms
2026-03-06 17:27:39.610 +05:30 [INF] Request finished HTTP/1.1 GET http://localhost:5013/api/widget/config/long?workspace=sample&key=I3UPoNYawpezx-OhSr2hs0DppN8hwow7MpnppypPP-c&since=0 - 204 null null 25039.2948ms
2026-03-06 17:27:39.613 +05:30 [INF] Request starting HTTP/1.1 GET http://localhost:5013/api/widget/config/long?workspace=sample&key=I3UPoNYawpezx-OhSr2hs0DppN8hwow7MpnppypPP-c&since=0 - null null
2026-03-06 17:27:39.616 +05:30 [INF] CORS policy execution successful.
2026-03-06 17:27:39.617 +05:30 [INF] Executing endpoint 'BubbleApp.Api.Controllers.WidgetConfigController.Long (BubbleApp.Api)'
2026-03-06 17:27:39.618 +05:30 [INF] Route matched with {action = "Long", controller = "WidgetConfig"}. Executing controller action with signature System.Threading.Tasks.Task`1[Microsoft.AspNetCore.Mvc.IActionResult] Long(System.String, Int64, System.Threading.CancellationToken) on controller BubbleApp.Api.Controllers.WidgetConfigController (BubbleApp.Api).
2026-03-06 17:27:42.537 +05:30 [INF] Request starting HTTP/1.1 GET http://localhost:5013/api/reminders?workspace=sample&key=I3UPoNYawpezx-OhSr2hs0DppN8hwow7MpnppypPP-c&userId=4 - null null
2026-03-06 17:27:42.538 +05:30 [INF] Request starting HTTP/1.1 GET http://localhost:5013/api/reminders?workspace=sample&key=I3UPoNYawpezx-OhSr2hs0DppN8hwow7MpnppypPP-c&userId=4 - null null
2026-03-06 17:27:42.543 +05:30 [INF] CORS policy execution successful.
2026-03-06 17:27:42.546 +05:30 [INF] CORS policy execution successful.
2026-03-06 17:27:42.547 +05:30 [INF] Executing endpoint 'BubbleApp.Api.Controllers.RemindersController.Get (BubbleApp.Api)'
2026-03-06 17:27:42.548 +05:30 [INF] Executing endpoint 'BubbleApp.Api.Controllers.RemindersController.Get (BubbleApp.Api)'
2026-03-06 17:27:42.550 +05:30 [INF] Route matched with {action = "Get", controller = "Reminders"}. Executing controller action with signature System.Threading.Tasks.Task`1[Microsoft.AspNetCore.Mvc.IActionResult] Get(System.String, System.String, System.Threading.CancellationToken) on controller BubbleApp.Api.Controllers.RemindersController (BubbleApp.Api).
2026-03-06 17:27:42.551 +05:30 [INF] Route matched with {action = "Get", controller = "Reminders"}. Executing controller action with signature System.Threading.Tasks.Task`1[Microsoft.AspNetCore.Mvc.IActionResult] Get(System.String, System.String, System.Threading.CancellationToken) on controller BubbleApp.Api.Controllers.RemindersController (BubbleApp.Api).
2026-03-06 17:27:42.555 +05:30 [INF] Executing OkObjectResult, writing value of type 'System.Collections.Generic.List`1[[BubbleApp.Common.ViewModels.Reminder.ReminderDto, BubbleApp.Common, Version=1.0.0.0, Culture=neutral, PublicKeyToken=null]]'.
2026-03-06 17:27:42.557 +05:30 [INF] Executed action BubbleApp.Api.Controllers.RemindersController.Get (BubbleApp.Api) in 3.7856ms
2026-03-06 17:27:42.557 +05:30 [INF] Executing OkObjectResult, writing value of type 'System.Collections.Generic.List`1[[BubbleApp.Common.ViewModels.Reminder.ReminderDto, BubbleApp.Common, Version=1.0.0.0, Culture=neutral, PublicKeyToken=null]]'.
2026-03-06 17:27:42.558 +05:30 [INF] Executed endpoint 'BubbleApp.Api.Controllers.RemindersController.Get (BubbleApp.Api)'
2026-03-06 17:27:42.560 +05:30 [INF] Executed action BubbleApp.Api.Controllers.RemindersController.Get (BubbleApp.Api) in 4.2644ms
2026-03-06 17:27:42.561 +05:30 [INF] HTTP GET /api/reminders responded 200 in 17.4967 ms
2026-03-06 17:27:42.562 +05:30 [INF] Executed endpoint 'BubbleApp.Api.Controllers.RemindersController.Get (BubbleApp.Api)'
2026-03-06 17:27:42.564 +05:30 [INF] Request finished HTTP/1.1 GET http://localhost:5013/api/reminders?workspace=sample&key=I3UPoNYawpezx-OhSr2hs0DppN8hwow7MpnppypPP-c&userId=4 - 200 null application/json; charset=utf-8 26.5775ms
2026-03-06 17:27:42.565 +05:30 [INF] HTTP GET /api/reminders responded 200 in 18.9589 ms
2026-03-06 17:27:42.570 +05:30 [INF] Request finished HTTP/1.1 GET http://localhost:5013/api/reminders?workspace=sample&key=I3UPoNYawpezx-OhSr2hs0DppN8hwow7MpnppypPP-c&userId=4 - 200 null application/json; charset=utf-8 31.882ms
2026-03-06 17:27:56.783 +05:30 [INF] Request starting HTTP/1.1 OPTIONS http://localhost:5013/api/reminders - null null
2026-03-06 17:27:56.789 +05:30 [INF] CORS policy execution successful.
2026-03-06 17:27:56.791 +05:30 [INF] HTTP OPTIONS /api/reminders responded 204 in 1.5025 ms
2026-03-06 17:27:56.793 +05:30 [INF] Request finished HTTP/1.1 OPTIONS http://localhost:5013/api/reminders - 204 null null 9.8125ms
2026-03-06 17:27:56.796 +05:30 [INF] Request starting HTTP/1.1 POST http://localhost:5013/api/reminders - application/json 145
2026-03-06 17:27:56.799 +05:30 [INF] CORS policy execution successful.
2026-03-06 17:27:56.799 +05:30 [INF] Executing endpoint 'BubbleApp.Api.Controllers.RemindersController.Create (BubbleApp.Api)'
2026-03-06 17:27:56.804 +05:30 [INF] Route matched with {action = "Create", controller = "Reminders"}. Executing controller action with signature System.Threading.Tasks.Task`1[Microsoft.AspNetCore.Mvc.IActionResult] Create(CreateReminderDto, System.Threading.CancellationToken) on controller BubbleApp.Api.Controllers.RemindersController (BubbleApp.Api).
2026-03-06 17:27:56.817 +05:30 [INF] Executing OkObjectResult, writing value of type 'BubbleApp.Common.ViewModels.Reminder.ReminderDto'.
2026-03-06 17:27:56.818 +05:30 [INF] Executed action BubbleApp.Api.Controllers.RemindersController.Create (BubbleApp.Api) in 10.8879ms
2026-03-06 17:27:56.820 +05:30 [INF] Executed endpoint 'BubbleApp.Api.Controllers.RemindersController.Create (BubbleApp.Api)'
2026-03-06 17:27:56.821 +05:30 [INF] HTTP POST /api/reminders responded 200 in 22.4035 ms
2026-03-06 17:27:56.823 +05:30 [INF] Request finished HTTP/1.1 POST http://localhost:5013/api/reminders - 200 null application/json; charset=utf-8 27.6763ms
2026-03-06 17:27:56.827 +05:30 [INF] Request starting HTTP/1.1 GET http://localhost:5013/api/reminders?workspace=sample&key=I3UPoNYawpezx-OhSr2hs0DppN8hwow7MpnppypPP-c&userId=28 - null null
2026-03-06 17:27:56.830 +05:30 [INF] CORS policy execution successful.
2026-03-06 17:27:56.830 +05:30 [INF] Executing endpoint 'BubbleApp.Api.Controllers.RemindersController.Get (BubbleApp.Api)'
2026-03-06 17:27:56.831 +05:30 [INF] Route matched with {action = "Get", controller = "Reminders"}. Executing controller action with signature System.Threading.Tasks.Task`1[Microsoft.AspNetCore.Mvc.IActionResult] Get(System.String, System.String, System.Threading.CancellationToken) on controller BubbleApp.Api.Controllers.RemindersController (BubbleApp.Api).
2026-03-06 17:27:56.835 +05:30 [INF] Executing OkObjectResult, writing value of type 'System.Collections.Generic.List`1[[BubbleApp.Common.ViewModels.Reminder.ReminderDto, BubbleApp.Common, Version=1.0.0.0, Culture=neutral, PublicKeyToken=null]]'.
2026-03-06 17:27:56.836 +05:30 [INF] Executed action BubbleApp.Api.Controllers.RemindersController.Get (BubbleApp.Api) in 2.8475ms
2026-03-06 17:27:56.837 +05:30 [INF] Executed endpoint 'BubbleApp.Api.Controllers.RemindersController.Get (BubbleApp.Api)'
2026-03-06 17:27:56.838 +05:30 [INF] Request starting HTTP/1.1 GET http://localhost:5013/api/reminders?workspace=sample&key=I3UPoNYawpezx-OhSr2hs0DppN8hwow7MpnppypPP-c&userId=28 - null null
2026-03-06 17:27:56.838 +05:30 [INF] HTTP GET /api/reminders responded 200 in 8.8919 ms
2026-03-06 17:27:56.841 +05:30 [INF] CORS policy execution successful.
2026-03-06 17:27:56.842 +05:30 [INF] Request finished HTTP/1.1 GET http://localhost:5013/api/reminders?workspace=sample&key=I3UPoNYawpezx-OhSr2hs0DppN8hwow7MpnppypPP-c&userId=28 - 200 null application/json; charset=utf-8 14.8801ms
2026-03-06 17:27:56.843 +05:30 [INF] Executing endpoint 'BubbleApp.Api.Controllers.RemindersController.Get (BubbleApp.Api)'
2026-03-06 17:27:56.846 +05:30 [INF] Route matched with {action = "Get", controller = "Reminders"}. Executing controller action with signature System.Threading.Tasks.Task`1[Microsoft.AspNetCore.Mvc.IActionResult] Get(System.String, System.String, System.Threading.CancellationToken) on controller BubbleApp.Api.Controllers.RemindersController (BubbleApp.Api).
2026-03-06 17:27:56.850 +05:30 [INF] Executing OkObjectResult, writing value of type 'System.Collections.Generic.List`1[[BubbleApp.Common.ViewModels.Reminder.ReminderDto, BubbleApp.Common, Version=1.0.0.0, Culture=neutral, PublicKeyToken=null]]'.
2026-03-06 17:27:56.851 +05:30 [INF] Executed action BubbleApp.Api.Controllers.RemindersController.Get (BubbleApp.Api) in 3.0983ms
2026-03-06 17:27:56.852 +05:30 [INF] Executed endpoint 'BubbleApp.Api.Controllers.RemindersController.Get (BubbleApp.Api)'
2026-03-06 17:27:56.853 +05:30 [INF] HTTP GET /api/reminders responded 200 in 12.7702 ms
2026-03-06 17:27:56.855 +05:30 [INF] Request finished HTTP/1.1 GET http://localhost:5013/api/reminders?workspace=sample&key=I3UPoNYawpezx-OhSr2hs0DppN8hwow7MpnppypPP-c&userId=28 - 200 null application/json; charset=utf-8 16.7207ms
2026-03-06 17:27:57.551 +05:30 [INF] Request starting HTTP/1.1 GET http://localhost:5013/api/reminders?workspace=sample&key=I3UPoNYawpezx-OhSr2hs0DppN8hwow7MpnppypPP-c&userId=28 - null null
2026-03-06 17:27:57.555 +05:30 [INF] CORS policy execution successful.
2026-03-06 17:27:57.556 +05:30 [INF] Executing endpoint 'BubbleApp.Api.Controllers.RemindersController.Get (BubbleApp.Api)'
2026-03-06 17:27:57.557 +05:30 [INF] Route matched with {action = "Get", controller = "Reminders"}. Executing controller action with signature System.Threading.Tasks.Task`1[Microsoft.AspNetCore.Mvc.IActionResult] Get(System.String, System.String, System.Threading.CancellationToken) on controller BubbleApp.Api.Controllers.RemindersController (BubbleApp.Api).
2026-03-06 17:27:57.561 +05:30 [INF] Executing OkObjectResult, writing value of type 'System.Collections.Generic.List`1[[BubbleApp.Common.ViewModels.Reminder.ReminderDto, BubbleApp.Common, Version=1.0.0.0, Culture=neutral, PublicKeyToken=null]]'.
2026-03-06 17:27:57.562 +05:30 [INF] Executed action BubbleApp.Api.Controllers.RemindersController.Get (BubbleApp.Api) in 3.0733ms
2026-03-06 17:27:57.563 +05:30 [INF] Executed endpoint 'BubbleApp.Api.Controllers.RemindersController.Get (BubbleApp.Api)'
2026-03-06 17:27:57.565 +05:30 [INF] HTTP GET /api/reminders responded 200 in 9.9832 ms
2026-03-06 17:27:57.566 +05:30 [INF] Request finished HTTP/1.1 GET http://localhost:5013/api/reminders?workspace=sample&key=I3UPoNYawpezx-OhSr2hs0DppN8hwow7MpnppypPP-c&userId=28 - 200 null application/json; charset=utf-8 15.246ms
2026-03-06 17:28:03.070 +05:30 [INF] Executing StatusCodeResult, setting HTTP status code 204
2026-03-06 17:28:03.070 +05:30 [INF] Executing StatusCodeResult, setting HTTP status code 204
2026-03-06 17:28:03.071 +05:30 [INF] Executed action BubbleApp.Api.Controllers.WidgetConfigController.Long (BubbleApp.Api) in 25006.9672ms
2026-03-06 17:28:03.072 +05:30 [INF] Executed action BubbleApp.Api.Controllers.WidgetConfigController.Long (BubbleApp.Api) in 25009.5098ms
2026-03-06 17:28:03.073 +05:30 [INF] Executed endpoint 'BubbleApp.Api.Controllers.WidgetConfigController.Long (BubbleApp.Api)'
2026-03-06 17:28:03.074 +05:30 [INF] Executed endpoint 'BubbleApp.Api.Controllers.WidgetConfigController.Long (BubbleApp.Api)'
2026-03-06 17:28:03.076 +05:30 [INF] HTTP GET /api/widget/config/long responded 204 in 25017.4691 ms
2026-03-06 17:28:03.078 +05:30 [INF] HTTP GET /api/widget/config/long responded 204 in 25021.2367 ms
2026-03-06 17:28:03.080 +05:30 [INF] Request finished HTTP/1.1 GET http://localhost:5013/api/widget/config/long?workspace=sample&key=I3UPoNYawpezx-OhSr2hs0DppN8hwow7MpnppypPP-c&since=0 - 204 null null 25026.3013ms
2026-03-06 17:28:03.082 +05:30 [INF] Request finished HTTP/1.1 GET http://localhost:5013/api/widget/config/long?workspace=sample&key=I3UPoNYawpezx-OhSr2hs0DppN8hwow7MpnppypPP-c&since=0 - 204 null null 25030.8855ms
2026-03-06 17:28:03.086 +05:30 [INF] Request starting HTTP/1.1 GET http://localhost:5013/api/widget/config/long?workspace=sample&key=I3UPoNYawpezx-OhSr2hs0DppN8hwow7MpnppypPP-c&since=0 - null null
2026-03-06 17:28:03.089 +05:30 [INF] Request starting HTTP/1.1 GET http://localhost:5013/api/widget/config/long?workspace=sample&key=I3UPoNYawpezx-OhSr2hs0DppN8hwow7MpnppypPP-c&since=0 - null null
2026-03-06 17:28:03.091 +05:30 [INF] CORS policy execution successful.
2026-03-06 17:28:03.094 +05:30 [INF] CORS policy execution successful.
2026-03-06 17:28:03.095 +05:30 [INF] Executing endpoint 'BubbleApp.Api.Controllers.WidgetConfigController.Long (BubbleApp.Api)'
2026-03-06 17:28:03.096 +05:30 [INF] Executing endpoint 'BubbleApp.Api.Controllers.WidgetConfigController.Long (BubbleApp.Api)'
2026-03-06 17:28:03.097 +05:30 [INF] Route matched with {action = "Long", controller = "WidgetConfig"}. Executing controller action with signature System.Threading.Tasks.Task`1[Microsoft.AspNetCore.Mvc.IActionResult] Long(System.String, Int64, System.Threading.CancellationToken) on controller BubbleApp.Api.Controllers.WidgetConfigController (BubbleApp.Api).
2026-03-06 17:28:03.098 +05:30 [INF] Route matched with {action = "Long", controller = "WidgetConfig"}. Executing controller action with signature System.Threading.Tasks.Task`1[Microsoft.AspNetCore.Mvc.IActionResult] Long(System.String, Int64, System.Threading.CancellationToken) on controller BubbleApp.Api.Controllers.WidgetConfigController (BubbleApp.Api).
2026-03-06 17:28:04.624 +05:30 [INF] Executing StatusCodeResult, setting HTTP status code 204
2026-03-06 17:28:04.626 +05:30 [INF] Executed action BubbleApp.Api.Controllers.WidgetConfigController.Long (BubbleApp.Api) in 25005.9806ms
2026-03-06 17:28:04.628 +05:30 [INF] Executed endpoint 'BubbleApp.Api.Controllers.WidgetConfigController.Long (BubbleApp.Api)'
2026-03-06 17:28:04.630 +05:30 [INF] HTTP GET /api/widget/config/long responded 204 in 25014.1057 ms
2026-03-06 17:28:04.633 +05:30 [INF] Request finished HTTP/1.1 GET http://localhost:5013/api/widget/config/long?workspace=sample&key=I3UPoNYawpezx-OhSr2hs0DppN8hwow7MpnppypPP-c&since=0 - 204 null null 25019.4128ms
2026-03-06 17:28:04.638 +05:30 [INF] Request starting HTTP/1.1 GET http://localhost:5013/api/widget/config/long?workspace=sample&key=I3UPoNYawpezx-OhSr2hs0DppN8hwow7MpnppypPP-c&since=0 - null null
2026-03-06 17:28:04.642 +05:30 [INF] CORS policy execution successful.
2026-03-06 17:28:04.644 +05:30 [INF] Executing endpoint 'BubbleApp.Api.Controllers.WidgetConfigController.Long (BubbleApp.Api)'
2026-03-06 17:28:04.645 +05:30 [INF] Route matched with {action = "Long", controller = "WidgetConfig"}. Executing controller action with signature System.Threading.Tasks.Task`1[Microsoft.AspNetCore.Mvc.IActionResult] Long(System.String, Int64, System.Threading.CancellationToken) on controller BubbleApp.Api.Controllers.WidgetConfigController (BubbleApp.Api).
2026-03-06 17:28:06.964 +05:30 [INF] Request starting HTTP/1.1 GET http://localhost:5013/api/reminders?workspace=sample&key=I3UPoNYawpezx-OhSr2hs0DppN8hwow7MpnppypPP-c&userId=28 - null null
2026-03-06 17:28:06.969 +05:30 [INF] CORS policy execution successful.
2026-03-06 17:28:06.970 +05:30 [INF] Executing endpoint 'BubbleApp.Api.Controllers.RemindersController.Get (BubbleApp.Api)'
2026-03-06 17:28:06.972 +05:30 [INF] Route matched with {action = "Get", controller = "Reminders"}. Executing controller action with signature System.Threading.Tasks.Task`1[Microsoft.AspNetCore.Mvc.IActionResult] Get(System.String, System.String, System.Threading.CancellationToken) on controller BubbleApp.Api.Controllers.RemindersController (BubbleApp.Api).
2026-03-06 17:28:06.977 +05:30 [INF] Executing OkObjectResult, writing value of type 'System.Collections.Generic.List`1[[BubbleApp.Common.ViewModels.Reminder.ReminderDto, BubbleApp.Common, Version=1.0.0.0, Culture=neutral, PublicKeyToken=null]]'.
2026-03-06 17:28:06.980 +05:30 [INF] Executed action BubbleApp.Api.Controllers.RemindersController.Get (BubbleApp.Api) in 5.9895ms
2026-03-06 17:28:06.981 +05:30 [INF] Executed endpoint 'BubbleApp.Api.Controllers.RemindersController.Get (BubbleApp.Api)'
2026-03-06 17:28:06.983 +05:30 [INF] HTTP GET /api/reminders responded 200 in 13.4895 ms
2026-03-06 17:28:06.985 +05:30 [INF] Request finished HTTP/1.1 GET http://localhost:5013/api/reminders?workspace=sample&key=I3UPoNYawpezx-OhSr2hs0DppN8hwow7MpnppypPP-c&userId=28 - 200 null application/json; charset=utf-8 21.0858ms
2026-03-06 17:28:28.105 +05:30 [INF] Executing StatusCodeResult, setting HTTP status code 204
2026-03-06 17:28:28.105 +05:30 [INF] Executing StatusCodeResult, setting HTTP status code 204
2026-03-06 17:28:28.108 +05:30 [INF] Executed action BubbleApp.Api.Controllers.WidgetConfigController.Long (BubbleApp.Api) in 25008.1488ms
2026-03-06 17:28:28.107 +05:30 [INF] Executed action BubbleApp.Api.Controllers.WidgetConfigController.Long (BubbleApp.Api) in 25004.6232ms
2026-03-06 17:28:28.109 +05:30 [INF] Executed endpoint 'BubbleApp.Api.Controllers.WidgetConfigController.Long (BubbleApp.Api)'
2026-03-06 17:28:28.111 +05:30 [INF] Executed endpoint 'BubbleApp.Api.Controllers.WidgetConfigController.Long (BubbleApp.Api)'
2026-03-06 17:28:28.112 +05:30 [INF] HTTP GET /api/widget/config/long responded 204 in 25020.2618 ms
2026-03-06 17:28:28.113 +05:30 [INF] HTTP GET /api/widget/config/long responded 204 in 25018.4482 ms
2026-03-06 17:28:28.116 +05:30 [INF] Request finished HTTP/1.1 GET http://localhost:5013/api/widget/config/long?workspace=sample&key=I3UPoNYawpezx-OhSr2hs0DppN8hwow7MpnppypPP-c&since=0 - 204 null null 25029.5395ms
2026-03-06 17:28:28.117 +05:30 [INF] Request finished HTTP/1.1 GET http://localhost:5013/api/widget/config/long?workspace=sample&key=I3UPoNYawpezx-OhSr2hs0DppN8hwow7MpnppypPP-c&since=0 - 204 null null 25028.3324ms
2026-03-06 17:28:28.121 +05:30 [INF] Request starting HTTP/1.1 GET http://localhost:5013/api/widget/config/long?workspace=sample&key=I3UPoNYawpezx-OhSr2hs0DppN8hwow7MpnppypPP-c&since=0 - null null
2026-03-06 17:28:28.124 +05:30 [INF] Request starting HTTP/1.1 GET http://localhost:5013/api/widget/config/long?workspace=sample&key=I3UPoNYawpezx-OhSr2hs0DppN8hwow7MpnppypPP-c&since=0 - null null
2026-03-06 17:28:28.127 +05:30 [INF] CORS policy execution successful.
2026-03-06 17:28:28.129 +05:30 [INF] CORS policy execution successful.
2026-03-06 17:28:28.130 +05:30 [INF] Executing endpoint 'BubbleApp.Api.Controllers.WidgetConfigController.Long (BubbleApp.Api)'
2026-03-06 17:28:28.130 +05:30 [INF] Executing endpoint 'BubbleApp.Api.Controllers.WidgetConfigController.Long (BubbleApp.Api)'
2026-03-06 17:28:28.131 +05:30 [INF] Route matched with {action = "Long", controller = "WidgetConfig"}. Executing controller action with signature System.Threading.Tasks.Task`1[Microsoft.AspNetCore.Mvc.IActionResult] Long(System.String, Int64, System.Threading.CancellationToken) on controller BubbleApp.Api.Controllers.WidgetConfigController (BubbleApp.Api).
2026-03-06 17:28:28.132 +05:30 [INF] Route matched with {action = "Long", controller = "WidgetConfig"}. Executing controller action with signature System.Threading.Tasks.Task`1[Microsoft.AspNetCore.Mvc.IActionResult] Long(System.String, Int64, System.Threading.CancellationToken) on controller BubbleApp.Api.Controllers.WidgetConfigController (BubbleApp.Api).
2026-03-06 17:28:29.655 +05:30 [INF] Executing StatusCodeResult, setting HTTP status code 204
2026-03-06 17:28:29.657 +05:30 [INF] Executed action BubbleApp.Api.Controllers.WidgetConfigController.Long (BubbleApp.Api) in 25009.3155ms
2026-03-06 17:28:29.659 +05:30 [INF] Executed endpoint 'BubbleApp.Api.Controllers.WidgetConfigController.Long (BubbleApp.Api)'
2026-03-06 17:28:29.660 +05:30 [INF] HTTP GET /api/widget/config/long responded 204 in 25018.3109 ms
2026-03-06 17:28:29.662 +05:30 [INF] Request finished HTTP/1.1 GET http://localhost:5013/api/widget/config/long?workspace=sample&key=I3UPoNYawpezx-OhSr2hs0DppN8hwow7MpnppypPP-c&since=0 - 204 null null 25024.4657ms
2026-03-06 17:28:29.666 +05:30 [INF] Request starting HTTP/1.1 GET http://localhost:5013/api/widget/config/long?workspace=sample&key=I3UPoNYawpezx-OhSr2hs0DppN8hwow7MpnppypPP-c&since=0 - null null
2026-03-06 17:28:29.669 +05:30 [INF] CORS policy execution successful.
2026-03-06 17:28:29.671 +05:30 [INF] Executing endpoint 'BubbleApp.Api.Controllers.WidgetConfigController.Long (BubbleApp.Api)'
2026-03-06 17:28:29.672 +05:30 [INF] Route matched with {action = "Long", controller = "WidgetConfig"}. Executing controller action with signature System.Threading.Tasks.Task`1[Microsoft.AspNetCore.Mvc.IActionResult] Long(System.String, Int64, System.Threading.CancellationToken) on controller BubbleApp.Api.Controllers.WidgetConfigController (BubbleApp.Api).
2026-03-06 17:28:33.758 +05:30 [INF] Request starting HTTP/1.1 GET http://localhost:5013/api/reminders?workspace=sample&key=I3UPoNYawpezx-OhSr2hs0DppN8hwow7MpnppypPP-c&userId=28 - null null
2026-03-06 17:28:33.762 +05:30 [INF] CORS policy execution successful.
2026-03-06 17:28:33.763 +05:30 [INF] Executing endpoint 'BubbleApp.Api.Controllers.RemindersController.Get (BubbleApp.Api)'
2026-03-06 17:28:33.764 +05:30 [INF] Route matched with {action = "Get", controller = "Reminders"}. Executing controller action with signature System.Threading.Tasks.Task`1[Microsoft.AspNetCore.Mvc.IActionResult] Get(System.String, System.String, System.Threading.CancellationToken) on controller BubbleApp.Api.Controllers.RemindersController (BubbleApp.Api).
2026-03-06 17:28:33.768 +05:30 [INF] Executing OkObjectResult, writing value of type 'System.Collections.Generic.List`1[[BubbleApp.Common.ViewModels.Reminder.ReminderDto, BubbleApp.Common, Version=1.0.0.0, Culture=neutral, PublicKeyToken=null]]'.
2026-03-06 17:28:33.769 +05:30 [INF] Executed action BubbleApp.Api.Controllers.RemindersController.Get (BubbleApp.Api) in 3.2471ms
2026-03-06 17:28:33.771 +05:30 [INF] Executed endpoint 'BubbleApp.Api.Controllers.RemindersController.Get (BubbleApp.Api)'
2026-03-06 17:28:33.772 +05:30 [INF] HTTP GET /api/reminders responded 200 in 10.2210 ms
2026-03-06 17:28:33.774 +05:30 [INF] Request finished HTTP/1.1 GET http://localhost:5013/api/reminders?workspace=sample&key=I3UPoNYawpezx-OhSr2hs0DppN8hwow7MpnppypPP-c&userId=28 - 200 null application/json; charset=utf-8 16.0215ms
2026-03-06 17:28:42.545 +05:30 [INF] Request starting HTTP/1.1 GET http://localhost:5013/api/reminders?workspace=sample&key=I3UPoNYawpezx-OhSr2hs0DppN8hwow7MpnppypPP-c&userId=4 - null null
2026-03-06 17:28:42.547 +05:30 [INF] Request starting HTTP/1.1 GET http://localhost:5013/api/reminders?workspace=sample&key=I3UPoNYawpezx-OhSr2hs0DppN8hwow7MpnppypPP-c&userId=4 - null null
2026-03-06 17:28:42.549 +05:30 [INF] CORS policy execution successful.
2026-03-06 17:28:42.552 +05:30 [INF] CORS policy execution successful.
2026-03-06 17:28:42.553 +05:30 [INF] Executing endpoint 'BubbleApp.Api.Controllers.RemindersController.Get (BubbleApp.Api)'
2026-03-06 17:28:42.554 +05:30 [INF] Executing endpoint 'BubbleApp.Api.Controllers.RemindersController.Get (BubbleApp.Api)'
2026-03-06 17:28:42.555 +05:30 [INF] Route matched with {action = "Get", controller = "Reminders"}. Executing controller action with signature System.Threading.Tasks.Task`1[Microsoft.AspNetCore.Mvc.IActionResult] Get(System.String, System.String, System.Threading.CancellationToken) on controller BubbleApp.Api.Controllers.RemindersController (BubbleApp.Api).
2026-03-06 17:28:42.556 +05:30 [INF] Route matched with {action = "Get", controller = "Reminders"}. Executing controller action with signature System.Threading.Tasks.Task`1[Microsoft.AspNetCore.Mvc.IActionResult] Get(System.String, System.String, System.Threading.CancellationToken) on controller BubbleApp.Api.Controllers.RemindersController (BubbleApp.Api).
2026-03-06 17:28:42.562 +05:30 [INF] Executing OkObjectResult, writing value of type 'System.Collections.Generic.List`1[[BubbleApp.Common.ViewModels.Reminder.ReminderDto, BubbleApp.Common, Version=1.0.0.0, Culture=neutral, PublicKeyToken=null]]'.
2026-03-06 17:28:42.564 +05:30 [INF] Executed action BubbleApp.Api.Controllers.RemindersController.Get (BubbleApp.Api) in 4.3944ms
2026-03-06 17:28:42.564 +05:30 [INF] Executing OkObjectResult, writing value of type 'System.Collections.Generic.List`1[[BubbleApp.Common.ViewModels.Reminder.ReminderDto, BubbleApp.Common, Version=1.0.0.0, Culture=neutral, PublicKeyToken=null]]'.
2026-03-06 17:28:42.566 +05:30 [INF] Executed endpoint 'BubbleApp.Api.Controllers.RemindersController.Get (BubbleApp.Api)'
2026-03-06 17:28:42.567 +05:30 [INF] Executed action BubbleApp.Api.Controllers.RemindersController.Get (BubbleApp.Api) in 5.3382ms
2026-03-06 17:28:42.569 +05:30 [INF] HTTP GET /api/reminders responded 200 in 19.4324 ms
2026-03-06 17:28:42.571 +05:30 [INF] Executed endpoint 'BubbleApp.Api.Controllers.RemindersController.Get (BubbleApp.Api)'
2026-03-06 17:28:42.573 +05:30 [INF] Request finished HTTP/1.1 GET http://localhost:5013/api/reminders?workspace=sample&key=I3UPoNYawpezx-OhSr2hs0DppN8hwow7MpnppypPP-c&userId=4 - 200 null application/json; charset=utf-8 27.8759ms
2026-03-06 17:28:42.574 +05:30 [INF] HTTP GET /api/reminders responded 200 in 22.4509 ms
2026-03-06 17:28:42.580 +05:30 [INF] Request finished HTTP/1.1 GET http://localhost:5013/api/reminders?workspace=sample&key=I3UPoNYawpezx-OhSr2hs0DppN8hwow7MpnppypPP-c&userId=4 - 200 null application/json; charset=utf-8 33.2717ms
2026-03-06 17:28:46.474 +05:30 [INF] Request starting HTTP/1.1 GET http://localhost:5013/api/reminders?workspace=sample&key=I3UPoNYawpezx-OhSr2hs0DppN8hwow7MpnppypPP-c&userId=28 - null null
2026-03-06 17:28:46.477 +05:30 [INF] CORS policy execution successful.
2026-03-06 17:28:46.478 +05:30 [INF] Executing endpoint 'BubbleApp.Api.Controllers.RemindersController.Get (BubbleApp.Api)'
2026-03-06 17:28:46.479 +05:30 [INF] Route matched with {action = "Get", controller = "Reminders"}. Executing controller action with signature System.Threading.Tasks.Task`1[Microsoft.AspNetCore.Mvc.IActionResult] Get(System.String, System.String, System.Threading.CancellationToken) on controller BubbleApp.Api.Controllers.RemindersController (BubbleApp.Api).
2026-03-06 17:28:46.482 +05:30 [INF] Executing OkObjectResult, writing value of type 'System.Collections.Generic.List`1[[BubbleApp.Common.ViewModels.Reminder.ReminderDto, BubbleApp.Common, Version=1.0.0.0, Culture=neutral, PublicKeyToken=null]]'.
2026-03-06 17:28:46.484 +05:30 [INF] Executed action BubbleApp.Api.Controllers.RemindersController.Get (BubbleApp.Api) in 2.9974ms
2026-03-06 17:28:46.485 +05:30 [INF] Executed endpoint 'BubbleApp.Api.Controllers.RemindersController.Get (BubbleApp.Api)'
2026-03-06 17:28:46.486 +05:30 [INF] HTTP GET /api/reminders responded 200 in 9.1815 ms
2026-03-06 17:28:46.488 +05:30 [INF] Request finished HTTP/1.1 GET http://localhost:5013/api/reminders?workspace=sample&key=I3UPoNYawpezx-OhSr2hs0DppN8hwow7MpnppypPP-c&userId=28 - 200 null application/json; charset=utf-8 13.8366ms
2026-03-06 17:28:48.286 +05:30 [INF] Request starting HTTP/1.1 GET http://localhost:5013/api/general?workspace=sample&key=I3UPoNYawpezx-OhSr2hs0DppN8hwow7MpnppypPP-c - null null
2026-03-06 17:28:48.289 +05:30 [INF] CORS policy execution successful.
2026-03-06 17:28:48.290 +05:30 [INF] Executing endpoint 'BubbleApp.Api.Controllers.GeneralController.Get (BubbleApp.Api)'
2026-03-06 17:28:48.291 +05:30 [INF] Route matched with {action = "Get", controller = "General"}. Executing controller action with signature System.Threading.Tasks.Task`1[Microsoft.AspNetCore.Mvc.IActionResult] Get(System.String, System.Threading.CancellationToken) on controller BubbleApp.Api.Controllers.GeneralController (BubbleApp.Api).
2026-03-06 17:28:48.296 +05:30 [INF] Executing OkObjectResult, writing value of type 'System.Collections.Generic.List`1[[BubbleApp.Common.ViewModels.General.GeneralMessageDto, BubbleApp.Common, Version=1.0.0.0, Culture=neutral, PublicKeyToken=null]]'.
2026-03-06 17:28:48.298 +05:30 [INF] Executed action BubbleApp.Api.Controllers.GeneralController.Get (BubbleApp.Api) in 4.2872ms
2026-03-06 17:28:48.300 +05:30 [INF] Executed endpoint 'BubbleApp.Api.Controllers.GeneralController.Get (BubbleApp.Api)'
2026-03-06 17:28:48.301 +05:30 [INF] HTTP GET /api/general responded 200 in 11.7234 ms
2026-03-06 17:28:48.303 +05:30 [INF] Request finished HTTP/1.1 GET http://localhost:5013/api/general?workspace=sample&key=I3UPoNYawpezx-OhSr2hs0DppN8hwow7MpnppypPP-c - 200 null application/json; charset=utf-8 16.5872ms
2026-03-06 17:28:49.763 +05:30 [INF] Request starting HTTP/1.1 GET http://localhost:5013/api/todos?workspace=sample&key=I3UPoNYawpezx-OhSr2hs0DppN8hwow7MpnppypPP-c&userId=28 - null null
2026-03-06 17:28:49.766 +05:30 [INF] CORS policy execution successful.
2026-03-06 17:28:49.767 +05:30 [INF] Executing endpoint 'BubbleApp.Api.Controllers.TodosController.Get (BubbleApp.Api)'
2026-03-06 17:28:49.768 +05:30 [INF] Route matched with {action = "Get", controller = "Todos"}. Executing controller action with signature System.Threading.Tasks.Task`1[Microsoft.AspNetCore.Mvc.IActionResult] Get(System.String, System.String, System.Threading.CancellationToken) on controller BubbleApp.Api.Controllers.TodosController (BubbleApp.Api).
2026-03-06 17:28:49.772 +05:30 [INF] Executing OkObjectResult, writing value of type 'System.Collections.Generic.List`1[[BubbleApp.Common.ViewModels.Todo.TodoDto, BubbleApp.Common, Version=1.0.0.0, Culture=neutral, PublicKeyToken=null]]'.
2026-03-06 17:28:49.773 +05:30 [INF] Executed action BubbleApp.Api.Controllers.TodosController.Get (BubbleApp.Api) in 2.9202ms
2026-03-06 17:28:49.775 +05:30 [INF] Executed endpoint 'BubbleApp.Api.Controllers.TodosController.Get (BubbleApp.Api)'
2026-03-06 17:28:49.777 +05:30 [INF] HTTP GET /api/todos responded 200 in 10.2167 ms
2026-03-06 17:28:49.779 +05:30 [INF] Request finished HTTP/1.1 GET http://localhost:5013/api/todos?workspace=sample&key=I3UPoNYawpezx-OhSr2hs0DppN8hwow7MpnppypPP-c&userId=28 - 200 null application/json; charset=utf-8 16.3636ms
2026-03-06 17:28:53.143 +05:30 [INF] Executing StatusCodeResult, setting HTTP status code 204
2026-03-06 17:28:53.143 +05:30 [INF] Executing StatusCodeResult, setting HTTP status code 204
2026-03-06 17:28:53.152 +05:30 [INF] Executed action BubbleApp.Api.Controllers.WidgetConfigController.Long (BubbleApp.Api) in 25017.5963ms
2026-03-06 17:28:53.148 +05:30 [INF] Executed action BubbleApp.Api.Controllers.WidgetConfigController.Long (BubbleApp.Api) in 25011.4732ms
2026-03-06 17:28:53.154 +05:30 [INF] Executed endpoint 'BubbleApp.Api.Controllers.WidgetConfigController.Long (BubbleApp.Api)'
2026-03-06 17:28:53.155 +05:30 [INF] Executed endpoint 'BubbleApp.Api.Controllers.WidgetConfigController.Long (BubbleApp.Api)'
2026-03-06 17:28:53.156 +05:30 [INF] HTTP GET /api/widget/config/long responded 204 in 25029.3771 ms
2026-03-06 17:28:53.157 +05:30 [INF] HTTP GET /api/widget/config/long responded 204 in 25028.1004 ms
2026-03-06 17:28:53.159 +05:30 [INF] Request finished HTTP/1.1 GET http://localhost:5013/api/widget/config/long?workspace=sample&key=I3UPoNYawpezx-OhSr2hs0DppN8hwow7MpnppypPP-c&since=0 - 204 null null 25037.3066ms
2026-03-06 17:28:53.161 +05:30 [INF] Request finished HTTP/1.1 GET http://localhost:5013/api/widget/config/long?workspace=sample&key=I3UPoNYawpezx-OhSr2hs0DppN8hwow7MpnppypPP-c&since=0 - 204 null null 25036.0812ms
2026-03-06 17:28:53.164 +05:30 [INF] Request starting HTTP/1.1 GET http://localhost:5013/api/widget/config/long?workspace=sample&key=I3UPoNYawpezx-OhSr2hs0DppN8hwow7MpnppypPP-c&since=0 - null null
2026-03-06 17:28:53.167 +05:30 [INF] Request starting HTTP/1.1 GET http://localhost:5013/api/widget/config/long?workspace=sample&key=I3UPoNYawpezx-OhSr2hs0DppN8hwow7MpnppypPP-c&since=0 - null null
2026-03-06 17:28:53.169 +05:30 [INF] CORS policy execution successful.
2026-03-06 17:28:53.172 +05:30 [INF] CORS policy execution successful.
2026-03-06 17:28:53.172 +05:30 [INF] Executing endpoint 'BubbleApp.Api.Controllers.WidgetConfigController.Long (BubbleApp.Api)'
2026-03-06 17:28:53.173 +05:30 [INF] Executing endpoint 'BubbleApp.Api.Controllers.WidgetConfigController.Long (BubbleApp.Api)'
2026-03-06 17:28:53.174 +05:30 [INF] Route matched with {action = "Long", controller = "WidgetConfig"}. Executing controller action with signature System.Threading.Tasks.Task`1[Microsoft.AspNetCore.Mvc.IActionResult] Long(System.String, Int64, System.Threading.CancellationToken) on controller BubbleApp.Api.Controllers.WidgetConfigController (BubbleApp.Api).
2026-03-06 17:28:53.175 +05:30 [INF] Route matched with {action = "Long", controller = "WidgetConfig"}. Executing controller action with signature System.Threading.Tasks.Task`1[Microsoft.AspNetCore.Mvc.IActionResult] Long(System.String, Int64, System.Threading.CancellationToken) on controller BubbleApp.Api.Controllers.WidgetConfigController (BubbleApp.Api).
2026-03-06 17:28:54.694 +05:30 [INF] Executing StatusCodeResult, setting HTTP status code 204
2026-03-06 17:28:54.702 +05:30 [INF] Executed action BubbleApp.Api.Controllers.WidgetConfigController.Long (BubbleApp.Api) in 25028.1268ms
2026-03-06 17:28:54.708 +05:30 [INF] Executed endpoint 'BubbleApp.Api.Controllers.WidgetConfigController.Long (BubbleApp.Api)'
2026-03-06 17:28:54.709 +05:30 [INF] HTTP GET /api/widget/config/long responded 204 in 25040.3384 ms
2026-03-06 17:28:54.711 +05:30 [INF] Request finished HTTP/1.1 GET http://localhost:5013/api/widget/config/long?workspace=sample&key=I3UPoNYawpezx-OhSr2hs0DppN8hwow7MpnppypPP-c&since=0 - 204 null null 25044.9004ms
2026-03-06 17:28:54.715 +05:30 [INF] Request starting HTTP/1.1 GET http://localhost:5013/api/widget/config/long?workspace=sample&key=I3UPoNYawpezx-OhSr2hs0DppN8hwow7MpnppypPP-c&since=0 - null null
2026-03-06 17:28:54.717 +05:30 [INF] CORS policy execution successful.
2026-03-06 17:28:54.718 +05:30 [INF] Executing endpoint 'BubbleApp.Api.Controllers.WidgetConfigController.Long (BubbleApp.Api)'
2026-03-06 17:28:54.719 +05:30 [INF] Route matched with {action = "Long", controller = "WidgetConfig"}. Executing controller action with signature System.Threading.Tasks.Task`1[Microsoft.AspNetCore.Mvc.IActionResult] Long(System.String, Int64, System.Threading.CancellationToken) on controller BubbleApp.Api.Controllers.WidgetConfigController (BubbleApp.Api).
2026-03-06 17:28:57.552 +05:30 [INF] Request starting HTTP/1.1 GET http://localhost:5013/api/reminders?workspace=sample&key=I3UPoNYawpezx-OhSr2hs0DppN8hwow7MpnppypPP-c&userId=28 - null null
2026-03-06 17:28:57.556 +05:30 [INF] CORS policy execution successful.
2026-03-06 17:28:57.557 +05:30 [INF] Executing endpoint 'BubbleApp.Api.Controllers.RemindersController.Get (BubbleApp.Api)'
2026-03-06 17:28:57.558 +05:30 [INF] Route matched with {action = "Get", controller = "Reminders"}. Executing controller action with signature System.Threading.Tasks.Task`1[Microsoft.AspNetCore.Mvc.IActionResult] Get(System.String, System.String, System.Threading.CancellationToken) on controller BubbleApp.Api.Controllers.RemindersController (BubbleApp.Api).
2026-03-06 17:28:57.565 +05:30 [INF] Executing OkObjectResult, writing value of type 'System.Collections.Generic.List`1[[BubbleApp.Common.ViewModels.Reminder.ReminderDto, BubbleApp.Common, Version=1.0.0.0, Culture=neutral, PublicKeyToken=null]]'.
2026-03-06 17:28:57.571 +05:30 [INF] Executed action BubbleApp.Api.Controllers.RemindersController.Get (BubbleApp.Api) in 9.8896ms
2026-03-06 17:28:57.573 +05:30 [INF] Executed endpoint 'BubbleApp.Api.Controllers.RemindersController.Get (BubbleApp.Api)'
2026-03-06 17:28:57.576 +05:30 [INF] HTTP GET /api/reminders responded 200 in 19.6518 ms
2026-03-06 17:28:57.579 +05:30 [INF] Request finished HTTP/1.1 GET http://localhost:5013/api/reminders?workspace=sample&key=I3UPoNYawpezx-OhSr2hs0DppN8hwow7MpnppypPP-c&userId=28 - 200 null application/json; charset=utf-8 27.1164ms
2026-03-06 17:28:58.253 +05:30 [INF] Request starting HTTP/1.1 OPTIONS http://localhost:5013/api/todos - null null
2026-03-06 17:28:58.256 +05:30 [INF] CORS policy execution successful.
2026-03-06 17:28:58.257 +05:30 [INF] HTTP OPTIONS /api/todos responded 204 in 0.8375 ms
2026-03-06 17:28:58.259 +05:30 [INF] Request finished HTTP/1.1 OPTIONS http://localhost:5013/api/todos - 204 null null 5.1792ms
2026-03-06 17:28:58.262 +05:30 [INF] Request starting HTTP/1.1 POST http://localhost:5013/api/todos - application/json 135
2026-03-06 17:28:58.264 +05:30 [INF] CORS policy execution successful.
2026-03-06 17:28:58.265 +05:30 [INF] Executing endpoint 'BubbleApp.Api.Controllers.TodosController.Create (BubbleApp.Api)'
2026-03-06 17:28:58.267 +05:30 [INF] Route matched with {action = "Create", controller = "Todos"}. Executing controller action with signature System.Threading.Tasks.Task`1[Microsoft.AspNetCore.Mvc.IActionResult] Create(CreateTodoDto, System.Threading.CancellationToken) on controller BubbleApp.Api.Controllers.TodosController (BubbleApp.Api).
2026-03-06 17:28:58.271 +05:30 [INF] Executing OkObjectResult, writing value of type 'BubbleApp.Common.ViewModels.Todo.TodoDto'.
2026-03-06 17:28:58.272 +05:30 [INF] Executed action BubbleApp.Api.Controllers.TodosController.Create (BubbleApp.Api) in 3.6368ms
2026-03-06 17:28:58.273 +05:30 [INF] Executed endpoint 'BubbleApp.Api.Controllers.TodosController.Create (BubbleApp.Api)'
2026-03-06 17:28:58.274 +05:30 [INF] HTTP POST /api/todos responded 200 in 10.1558 ms
2026-03-06 17:28:58.276 +05:30 [INF] Request finished HTTP/1.1 POST http://localhost:5013/api/todos - 200 null application/json; charset=utf-8 14.5511ms
2026-03-06 17:28:58.279 +05:30 [INF] Request starting HTTP/1.1 GET http://localhost:5013/api/todos?workspace=sample&key=I3UPoNYawpezx-OhSr2hs0DppN8hwow7MpnppypPP-c&userId=28 - null null
2026-03-06 17:28:58.283 +05:30 [INF] CORS policy execution successful.
2026-03-06 17:28:58.284 +05:30 [INF] Executing endpoint 'BubbleApp.Api.Controllers.TodosController.Get (BubbleApp.Api)'
2026-03-06 17:28:58.286 +05:30 [INF] Route matched with {action = "Get", controller = "Todos"}. Executing controller action with signature System.Threading.Tasks.Task`1[Microsoft.AspNetCore.Mvc.IActionResult] Get(System.String, System.String, System.Threading.CancellationToken) on controller BubbleApp.Api.Controllers.TodosController (BubbleApp.Api).
2026-03-06 17:28:58.289 +05:30 [INF] Executing OkObjectResult, writing value of type 'System.Collections.Generic.List`1[[BubbleApp.Common.ViewModels.Todo.TodoDto, BubbleApp.Common, Version=1.0.0.0, Culture=neutral, PublicKeyToken=null]]'.
2026-03-06 17:28:58.290 +05:30 [INF] Executed action BubbleApp.Api.Controllers.TodosController.Get (BubbleApp.Api) in 2.9613ms
2026-03-06 17:28:58.291 +05:30 [INF] Executed endpoint 'BubbleApp.Api.Controllers.TodosController.Get (BubbleApp.Api)'
2026-03-06 17:28:58.293 +05:30 [INF] HTTP GET /api/todos responded 200 in 9.1116 ms
2026-03-06 17:28:58.294 +05:30 [INF] Request finished HTTP/1.1 GET http://localhost:5013/api/todos?workspace=sample&key=I3UPoNYawpezx-OhSr2hs0DppN8hwow7MpnppypPP-c&userId=28 - 200 null application/json; charset=utf-8 14.8619ms
2026-03-06 17:29:02.022 +05:30 [INF] Request starting HTTP/1.1 OPTIONS http://localhost:5013/api/todos/32b8d7c2-2f62-4188-818f-01765671794e - null null
2026-03-06 17:29:02.025 +05:30 [INF] CORS policy execution successful.
2026-03-06 17:29:02.026 +05:30 [INF] HTTP OPTIONS /api/todos/32b8d7c2-2f62-4188-818f-01765671794e responded 204 in 0.9038 ms
2026-03-06 17:29:02.027 +05:30 [INF] Request finished HTTP/1.1 OPTIONS http://localhost:5013/api/todos/32b8d7c2-2f62-4188-818f-01765671794e - 204 null null 5.192ms
2026-03-06 17:29:02.031 +05:30 [INF] Request starting HTTP/1.1 PATCH http://localhost:5013/api/todos/32b8d7c2-2f62-4188-818f-01765671794e - application/json 100
2026-03-06 17:29:02.034 +05:30 [INF] CORS policy execution successful.
2026-03-06 17:29:02.034 +05:30 [INF] Executing endpoint 'BubbleApp.Api.Controllers.TodosController.PatchDone (BubbleApp.Api)'
2026-03-06 17:29:02.036 +05:30 [INF] Route matched with {action = "PatchDone", controller = "Todos"}. Executing controller action with signature System.Threading.Tasks.Task`1[Microsoft.AspNetCore.Mvc.IActionResult] PatchDone(System.String, PatchDoneDto, System.Threading.CancellationToken) on controller BubbleApp.Api.Controllers.TodosController (BubbleApp.Api).
2026-03-06 17:29:02.040 +05:30 [INF] Executing StatusCodeResult, setting HTTP status code 204
2026-03-06 17:29:02.041 +05:30 [INF] Executed action BubbleApp.Api.Controllers.TodosController.PatchDone (BubbleApp.Api) in 3.3142ms
2026-03-06 17:29:02.043 +05:30 [INF] Executed endpoint 'BubbleApp.Api.Controllers.TodosController.PatchDone (BubbleApp.Api)'
2026-03-06 17:29:02.044 +05:30 [INF] HTTP PATCH /api/todos/32b8d7c2-2f62-4188-818f-01765671794e responded 204 in 9.8836 ms
2026-03-06 17:29:02.045 +05:30 [INF] Request finished HTTP/1.1 PATCH http://localhost:5013/api/todos/32b8d7c2-2f62-4188-818f-01765671794e - 204 null null 14.357ms
2026-03-06 17:29:18.185 +05:30 [INF] Executing StatusCodeResult, setting HTTP status code 204
2026-03-06 17:29:18.185 +05:30 [INF] Executing StatusCodeResult, setting HTTP status code 204
2026-03-06 17:29:18.186 +05:30 [INF] Executed action BubbleApp.Api.Controllers.WidgetConfigController.Long (BubbleApp.Api) in 25009.6523ms
2026-03-06 17:29:18.187 +05:30 [INF] Executed action BubbleApp.Api.Controllers.WidgetConfigController.Long (BubbleApp.Api) in 25008.3388ms
2026-03-06 17:29:18.188 +05:30 [INF] Executed endpoint 'BubbleApp.Api.Controllers.WidgetConfigController.Long (BubbleApp.Api)'
2026-03-06 17:29:18.189 +05:30 [INF] Executed endpoint 'BubbleApp.Api.Controllers.WidgetConfigController.Long (BubbleApp.Api)'
2026-03-06 17:29:18.190 +05:30 [INF] HTTP GET /api/widget/config/long responded 204 in 25020.6356 ms
2026-03-06 17:29:18.191 +05:30 [INF] HTTP GET /api/widget/config/long responded 204 in 25019.1794 ms
2026-03-06 17:29:18.193 +05:30 [INF] Request finished HTTP/1.1 GET http://localhost:5013/api/widget/config/long?workspace=sample&key=I3UPoNYawpezx-OhSr2hs0DppN8hwow7MpnppypPP-c&since=0 - 204 null null 25029.0584ms
2026-03-06 17:29:18.194 +05:30 [INF] Request finished HTTP/1.1 GET http://localhost:5013/api/widget/config/long?workspace=sample&key=I3UPoNYawpezx-OhSr2hs0DppN8hwow7MpnppypPP-c&since=0 - 204 null null 25027.2591ms
2026-03-06 17:29:18.197 +05:30 [INF] Request starting HTTP/1.1 GET http://localhost:5013/api/widget/config/long?workspace=sample&key=I3UPoNYawpezx-OhSr2hs0DppN8hwow7MpnppypPP-c&since=0 - null null
2026-03-06 17:29:18.199 +05:30 [INF] Request starting HTTP/1.1 GET http://localhost:5013/api/widget/config/long?workspace=sample&key=I3UPoNYawpezx-OhSr2hs0DppN8hwow7MpnppypPP-c&since=0 - null null
2026-03-06 17:29:18.201 +05:30 [INF] CORS policy execution successful.
2026-03-06 17:29:18.203 +05:30 [INF] CORS policy execution successful.
2026-03-06 17:29:18.204 +05:30 [INF] Executing endpoint 'BubbleApp.Api.Controllers.WidgetConfigController.Long (BubbleApp.Api)'
2026-03-06 17:29:18.204 +05:30 [INF] Executing endpoint 'BubbleApp.Api.Controllers.WidgetConfigController.Long (BubbleApp.Api)'
2026-03-06 17:29:18.205 +05:30 [INF] Route matched with {action = "Long", controller = "WidgetConfig"}. Executing controller action with signature System.Threading.Tasks.Task`1[Microsoft.AspNetCore.Mvc.IActionResult] Long(System.String, Int64, System.Threading.CancellationToken) on controller BubbleApp.Api.Controllers.WidgetConfigController (BubbleApp.Api).
2026-03-06 17:29:18.206 +05:30 [INF] Route matched with {action = "Long", controller = "WidgetConfig"}. Executing controller action with signature System.Threading.Tasks.Task`1[Microsoft.AspNetCore.Mvc.IActionResult] Long(System.String, Int64, System.Threading.CancellationToken) on controller BubbleApp.Api.Controllers.WidgetConfigController (BubbleApp.Api).
2026-03-06 17:29:19.732 +05:30 [INF] Executing StatusCodeResult, setting HTTP status code 204
2026-03-06 17:29:19.734 +05:30 [INF] Executed action BubbleApp.Api.Controllers.WidgetConfigController.Long (BubbleApp.Api) in 25013.1645ms
2026-03-06 17:29:19.735 +05:30 [INF] Executed endpoint 'BubbleApp.Api.Controllers.WidgetConfigController.Long (BubbleApp.Api)'
2026-03-06 17:29:19.736 +05:30 [INF] HTTP GET /api/widget/config/long responded 204 in 25018.5931 ms
2026-03-06 17:29:19.737 +05:30 [INF] Request finished HTTP/1.1 GET http://localhost:5013/api/widget/config/long?workspace=sample&key=I3UPoNYawpezx-OhSr2hs0DppN8hwow7MpnppypPP-c&since=0 - 204 null null 25022.2794ms
2026-03-06 17:29:19.742 +05:30 [INF] Request starting HTTP/1.1 GET http://localhost:5013/api/widget/config/long?workspace=sample&key=I3UPoNYawpezx-OhSr2hs0DppN8hwow7MpnppypPP-c&since=0 - null null
2026-03-06 17:29:19.745 +05:30 [INF] CORS policy execution successful.
2026-03-06 17:29:19.745 +05:30 [INF] Executing endpoint 'BubbleApp.Api.Controllers.WidgetConfigController.Long (BubbleApp.Api)'
2026-03-06 17:29:19.747 +05:30 [INF] Route matched with {action = "Long", controller = "WidgetConfig"}. Executing controller action with signature System.Threading.Tasks.Task`1[Microsoft.AspNetCore.Mvc.IActionResult] Long(System.String, Int64, System.Threading.CancellationToken) on controller BubbleApp.Api.Controllers.WidgetConfigController (BubbleApp.Api).
2026-03-06 17:29:42.537 +05:30 [INF] Request starting HTTP/1.1 GET http://localhost:5013/api/reminders?workspace=sample&key=I3UPoNYawpezx-OhSr2hs0DppN8hwow7MpnppypPP-c&userId=4 - null null
2026-03-06 17:29:42.539 +05:30 [INF] Request starting HTTP/1.1 GET http://localhost:5013/api/reminders?workspace=sample&key=I3UPoNYawpezx-OhSr2hs0DppN8hwow7MpnppypPP-c&userId=4 - null null
2026-03-06 17:29:42.542 +05:30 [INF] CORS policy execution successful.
2026-03-06 17:29:42.546 +05:30 [INF] CORS policy execution successful.
2026-03-06 17:29:42.549 +05:30 [INF] Executing endpoint 'BubbleApp.Api.Controllers.RemindersController.Get (BubbleApp.Api)'
2026-03-06 17:29:42.550 +05:30 [INF] Executing endpoint 'BubbleApp.Api.Controllers.RemindersController.Get (BubbleApp.Api)'
2026-03-06 17:29:42.553 +05:30 [INF] Route matched with {action = "Get", controller = "Reminders"}. Executing controller action with signature System.Threading.Tasks.Task`1[Microsoft.AspNetCore.Mvc.IActionResult] Get(System.String, System.String, System.Threading.CancellationToken) on controller BubbleApp.Api.Controllers.RemindersController (BubbleApp.Api).
2026-03-06 17:29:42.555 +05:30 [INF] Route matched with {action = "Get", controller = "Reminders"}. Executing controller action with signature System.Threading.Tasks.Task`1[Microsoft.AspNetCore.Mvc.IActionResult] Get(System.String, System.String, System.Threading.CancellationToken) on controller BubbleApp.Api.Controllers.RemindersController (BubbleApp.Api).
2026-03-06 17:29:42.562 +05:30 [INF] Executing OkObjectResult, writing value of type 'System.Collections.Generic.List`1[[BubbleApp.Common.ViewModels.Reminder.ReminderDto, BubbleApp.Common, Version=1.0.0.0, Culture=neutral, PublicKeyToken=null]]'.
2026-03-06 17:29:42.566 +05:30 [INF] Executed action BubbleApp.Api.Controllers.RemindersController.Get (BubbleApp.Api) in 6.9563ms
2026-03-06 17:29:42.567 +05:30 [INF] Executing OkObjectResult, writing value of type 'System.Collections.Generic.List`1[[BubbleApp.Common.ViewModels.Reminder.ReminderDto, BubbleApp.Common, Version=1.0.0.0, Culture=neutral, PublicKeyToken=null]]'.
2026-03-06 17:29:42.570 +05:30 [INF] Executed endpoint 'BubbleApp.Api.Controllers.RemindersController.Get (BubbleApp.Api)'
2026-03-06 17:29:42.572 +05:30 [INF] Executed action BubbleApp.Api.Controllers.RemindersController.Get (BubbleApp.Api) in 9.5159ms
2026-03-06 17:29:42.573 +05:30 [INF] HTTP GET /api/reminders responded 200 in 31.0204 ms
2026-03-06 17:29:42.576 +05:30 [INF] Executed endpoint 'BubbleApp.Api.Controllers.RemindersController.Get (BubbleApp.Api)'
2026-03-06 17:29:42.578 +05:30 [INF] Request finished HTTP/1.1 GET http://localhost:5013/api/reminders?workspace=sample&key=I3UPoNYawpezx-OhSr2hs0DppN8hwow7MpnppypPP-c&userId=4 - 200 null application/json; charset=utf-8 41.2158ms
2026-03-06 17:29:42.580 +05:30 [INF] HTTP GET /api/reminders responded 200 in 33.5750 ms
2026-03-06 17:29:42.586 +05:30 [INF] Request finished HTTP/1.1 GET http://localhost:5013/api/reminders?workspace=sample&key=I3UPoNYawpezx-OhSr2hs0DppN8hwow7MpnppypPP-c&userId=4 - 200 null application/json; charset=utf-8 46.753ms
2026-03-06 17:29:43.221 +05:30 [INF] Executing StatusCodeResult, setting HTTP status code 204
2026-03-06 17:29:43.221 +05:30 [INF] Executing StatusCodeResult, setting HTTP status code 204
2026-03-06 17:29:43.222 +05:30 [INF] Executed action BubbleApp.Api.Controllers.WidgetConfigController.Long (BubbleApp.Api) in 25013.1948ms
2026-03-06 17:29:43.224 +05:30 [INF] Executed action BubbleApp.Api.Controllers.WidgetConfigController.Long (BubbleApp.Api) in 25016.4881ms
2026-03-06 17:29:43.226 +05:30 [INF] Executed endpoint 'BubbleApp.Api.Controllers.WidgetConfigController.Long (BubbleApp.Api)'
2026-03-06 17:29:43.227 +05:30 [INF] Executed endpoint 'BubbleApp.Api.Controllers.WidgetConfigController.Long (BubbleApp.Api)'
2026-03-06 17:29:43.228 +05:30 [INF] HTTP GET /api/widget/config/long responded 204 in 25025.1848 ms
2026-03-06 17:29:43.229 +05:30 [INF] HTTP GET /api/widget/config/long responded 204 in 25027.8386 ms
2026-03-06 17:29:43.231 +05:30 [INF] Request finished HTTP/1.1 GET http://localhost:5013/api/widget/config/long?workspace=sample&key=I3UPoNYawpezx-OhSr2hs0DppN8hwow7MpnppypPP-c&since=0 - 204 null null 25031.1705ms
2026-03-06 17:29:43.233 +05:30 [INF] Request finished HTTP/1.1 GET http://localhost:5013/api/widget/config/long?workspace=sample&key=I3UPoNYawpezx-OhSr2hs0DppN8hwow7MpnppypPP-c&since=0 - 204 null null 25035.591ms
2026-03-06 17:29:43.236 +05:30 [INF] Request starting HTTP/1.1 GET http://localhost:5013/api/widget/config/long?workspace=sample&key=I3UPoNYawpezx-OhSr2hs0DppN8hwow7MpnppypPP-c&since=0 - null null
2026-03-06 17:29:43.239 +05:30 [INF] Request starting HTTP/1.1 GET http://localhost:5013/api/widget/config/long?workspace=sample&key=I3UPoNYawpezx-OhSr2hs0DppN8hwow7MpnppypPP-c&since=0 - null null
2026-03-06 17:29:43.241 +05:30 [INF] CORS policy execution successful.
2026-03-06 17:29:43.243 +05:30 [INF] CORS policy execution successful.
2026-03-06 17:29:43.243 +05:30 [INF] Executing endpoint 'BubbleApp.Api.Controllers.WidgetConfigController.Long (BubbleApp.Api)'
2026-03-06 17:29:43.244 +05:30 [INF] Executing endpoint 'BubbleApp.Api.Controllers.WidgetConfigController.Long (BubbleApp.Api)'
2026-03-06 17:29:43.245 +05:30 [INF] Route matched with {action = "Long", controller = "WidgetConfig"}. Executing controller action with signature System.Threading.Tasks.Task`1[Microsoft.AspNetCore.Mvc.IActionResult] Long(System.String, Int64, System.Threading.CancellationToken) on controller BubbleApp.Api.Controllers.WidgetConfigController (BubbleApp.Api).
2026-03-06 17:29:43.246 +05:30 [INF] Route matched with {action = "Long", controller = "WidgetConfig"}. Executing controller action with signature System.Threading.Tasks.Task`1[Microsoft.AspNetCore.Mvc.IActionResult] Long(System.String, Int64, System.Threading.CancellationToken) on controller BubbleApp.Api.Controllers.WidgetConfigController (BubbleApp.Api).
2026-03-06 17:29:44.753 +05:30 [INF] Executing StatusCodeResult, setting HTTP status code 204
2026-03-06 17:29:44.754 +05:30 [INF] Executed action BubbleApp.Api.Controllers.WidgetConfigController.Long (BubbleApp.Api) in 25005.6112ms
2026-03-06 17:29:44.755 +05:30 [INF] Executed endpoint 'BubbleApp.Api.Controllers.WidgetConfigController.Long (BubbleApp.Api)'
2026-03-06 17:29:44.756 +05:30 [INF] HTTP GET /api/widget/config/long responded 204 in 25011.6366 ms
2026-03-06 17:29:44.758 +05:30 [INF] Request finished HTTP/1.1 GET http://localhost:5013/api/widget/config/long?workspace=sample&key=I3UPoNYawpezx-OhSr2hs0DppN8hwow7MpnppypPP-c&since=0 - 204 null null 25016.1619ms
2026-03-06 17:29:44.762 +05:30 [INF] Request starting HTTP/1.1 GET http://localhost:5013/api/widget/config/long?workspace=sample&key=I3UPoNYawpezx-OhSr2hs0DppN8hwow7MpnppypPP-c&since=0 - null null
2026-03-06 17:29:44.765 +05:30 [INF] CORS policy execution successful.
2026-03-06 17:29:44.766 +05:30 [INF] Executing endpoint 'BubbleApp.Api.Controllers.WidgetConfigController.Long (BubbleApp.Api)'
2026-03-06 17:29:44.767 +05:30 [INF] Route matched with {action = "Long", controller = "WidgetConfig"}. Executing controller action with signature System.Threading.Tasks.Task`1[Microsoft.AspNetCore.Mvc.IActionResult] Long(System.String, Int64, System.Threading.CancellationToken) on controller BubbleApp.Api.Controllers.WidgetConfigController (BubbleApp.Api).
2026-03-06 17:29:58.540 +05:30 [INF] Request starting HTTP/1.1 GET http://localhost:5013/api/reminders?workspace=sample&key=I3UPoNYawpezx-OhSr2hs0DppN8hwow7MpnppypPP-c&userId=28 - null null
2026-03-06 17:29:58.544 +05:30 [INF] CORS policy execution successful.
2026-03-06 17:29:58.545 +05:30 [INF] Executing endpoint 'BubbleApp.Api.Controllers.RemindersController.Get (BubbleApp.Api)'
2026-03-06 17:29:58.546 +05:30 [INF] Route matched with {action = "Get", controller = "Reminders"}. Executing controller action with signature System.Threading.Tasks.Task`1[Microsoft.AspNetCore.Mvc.IActionResult] Get(System.String, System.String, System.Threading.CancellationToken) on controller BubbleApp.Api.Controllers.RemindersController (BubbleApp.Api).
2026-03-06 17:29:58.552 +05:30 [INF] Executing OkObjectResult, writing value of type 'System.Collections.Generic.List`1[[BubbleApp.Common.ViewModels.Reminder.ReminderDto, BubbleApp.Common, Version=1.0.0.0, Culture=neutral, PublicKeyToken=null]]'.
2026-03-06 17:29:58.555 +05:30 [INF] Executed action BubbleApp.Api.Controllers.RemindersController.Get (BubbleApp.Api) in 6.876ms
2026-03-06 17:29:58.557 +05:30 [INF] Executed endpoint 'BubbleApp.Api.Controllers.RemindersController.Get (BubbleApp.Api)'
2026-03-06 17:29:58.558 +05:30 [INF] HTTP GET /api/reminders responded 200 in 14.0386 ms
2026-03-06 17:29:58.559 +05:30 [INF] Request finished HTTP/1.1 GET http://localhost:5013/api/reminders?workspace=sample&key=I3UPoNYawpezx-OhSr2hs0DppN8hwow7MpnppypPP-c&userId=28 - 200 null application/json; charset=utf-8 19.7175ms
2026-03-06 17:30:08.265 +05:30 [INF] Executing StatusCodeResult, setting HTTP status code 204
2026-03-06 17:30:08.265 +05:30 [INF] Executing StatusCodeResult, setting HTTP status code 204
2026-03-06 17:30:08.271 +05:30 [INF] Executed action BubbleApp.Api.Controllers.WidgetConfigController.Long (BubbleApp.Api) in 25023.831ms
2026-03-06 17:30:08.268 +05:30 [INF] Executed action BubbleApp.Api.Controllers.WidgetConfigController.Long (BubbleApp.Api) in 25019.4067ms
2026-03-06 17:30:08.273 +05:30 [INF] Executed endpoint 'BubbleApp.Api.Controllers.WidgetConfigController.Long (BubbleApp.Api)'
2026-03-06 17:30:08.275 +05:30 [INF] Executed endpoint 'BubbleApp.Api.Controllers.WidgetConfigController.Long (BubbleApp.Api)'
2026-03-06 17:30:08.276 +05:30 [INF] HTTP GET /api/widget/config/long responded 204 in 25034.6961 ms
2026-03-06 17:30:08.277 +05:30 [INF] HTTP GET /api/widget/config/long responded 204 in 25034.1775 ms
2026-03-06 17:30:08.279 +05:30 [INF] Request finished HTTP/1.1 GET http://localhost:5013/api/widget/config/long?workspace=sample&key=I3UPoNYawpezx-OhSr2hs0DppN8hwow7MpnppypPP-c&since=0 - 204 null null 25042.2156ms
2026-03-06 17:30:08.281 +05:30 [INF] Request finished HTTP/1.1 GET http://localhost:5013/api/widget/config/long?workspace=sample&key=I3UPoNYawpezx-OhSr2hs0DppN8hwow7MpnppypPP-c&since=0 - 204 null null 25041.8815ms
2026-03-06 17:30:08.284 +05:30 [INF] Request starting HTTP/1.1 GET http://localhost:5013/api/widget/config/long?workspace=sample&key=I3UPoNYawpezx-OhSr2hs0DppN8hwow7MpnppypPP-c&since=0 - null null
2026-03-06 17:30:08.287 +05:30 [INF] Request starting HTTP/1.1 GET http://localhost:5013/api/widget/config/long?workspace=sample&key=I3UPoNYawpezx-OhSr2hs0DppN8hwow7MpnppypPP-c&since=0 - null null
2026-03-06 17:30:08.289 +05:30 [INF] CORS policy execution successful.
2026-03-06 17:30:08.292 +05:30 [INF] CORS policy execution successful.
2026-03-06 17:30:08.293 +05:30 [INF] Executing endpoint 'BubbleApp.Api.Controllers.WidgetConfigController.Long (BubbleApp.Api)'
2026-03-06 17:30:08.293 +05:30 [INF] Executing endpoint 'BubbleApp.Api.Controllers.WidgetConfigController.Long (BubbleApp.Api)'
2026-03-06 17:30:08.294 +05:30 [INF] Route matched with {action = "Long", controller = "WidgetConfig"}. Executing controller action with signature System.Threading.Tasks.Task`1[Microsoft.AspNetCore.Mvc.IActionResult] Long(System.String, Int64, System.Threading.CancellationToken) on controller BubbleApp.Api.Controllers.WidgetConfigController (BubbleApp.Api).
2026-03-06 17:30:08.296 +05:30 [INF] Route matched with {action = "Long", controller = "WidgetConfig"}. Executing controller action with signature System.Threading.Tasks.Task`1[Microsoft.AspNetCore.Mvc.IActionResult] Long(System.String, Int64, System.Threading.CancellationToken) on controller BubbleApp.Api.Controllers.WidgetConfigController (BubbleApp.Api).
2026-03-06 17:30:09.785 +05:30 [INF] Executing StatusCodeResult, setting HTTP status code 204
2026-03-06 17:30:09.787 +05:30 [INF] Executed action BubbleApp.Api.Controllers.WidgetConfigController.Long (BubbleApp.Api) in 25017.8025ms
2026-03-06 17:30:09.788 +05:30 [INF] Executed endpoint 'BubbleApp.Api.Controllers.WidgetConfigController.Long (BubbleApp.Api)'
2026-03-06 17:30:09.789 +05:30 [INF] HTTP GET /api/widget/config/long responded 204 in 25023.7965 ms
2026-03-06 17:30:09.791 +05:30 [INF] Request finished HTTP/1.1 GET http://localhost:5013/api/widget/config/long?workspace=sample&key=I3UPoNYawpezx-OhSr2hs0DppN8hwow7MpnppypPP-c&since=0 - 204 null null 25028.3391ms
2026-03-06 17:30:09.794 +05:30 [INF] Request starting HTTP/1.1 GET http://localhost:5013/api/widget/config/long?workspace=sample&key=I3UPoNYawpezx-OhSr2hs0DppN8hwow7MpnppypPP-c&since=0 - null null
2026-03-06 17:30:09.796 +05:30 [INF] CORS policy execution successful.
2026-03-06 17:30:09.796 +05:30 [INF] Executing endpoint 'BubbleApp.Api.Controllers.WidgetConfigController.Long (BubbleApp.Api)'
2026-03-06 17:30:09.797 +05:30 [INF] Route matched with {action = "Long", controller = "WidgetConfig"}. Executing controller action with signature System.Threading.Tasks.Task`1[Microsoft.AspNetCore.Mvc.IActionResult] Long(System.String, Int64, System.Threading.CancellationToken) on controller BubbleApp.Api.Controllers.WidgetConfigController (BubbleApp.Api).
2026-03-06 17:30:33.311 +05:30 [INF] Executing StatusCodeResult, setting HTTP status code 204
2026-03-06 17:30:33.311 +05:30 [INF] Executing StatusCodeResult, setting HTTP status code 204
2026-03-06 17:30:33.317 +05:30 [INF] Executed action BubbleApp.Api.Controllers.WidgetConfigController.Long (BubbleApp.Api) in 25017.4626ms
2026-03-06 17:30:33.319 +05:30 [INF] Executed action BubbleApp.Api.Controllers.WidgetConfigController.Long (BubbleApp.Api) in 25021.5159ms
2026-03-06 17:30:33.322 +05:30 [INF] Executed endpoint 'BubbleApp.Api.Controllers.WidgetConfigController.Long (BubbleApp.Api)'
2026-03-06 17:30:33.323 +05:30 [INF] Executed endpoint 'BubbleApp.Api.Controllers.WidgetConfigController.Long (BubbleApp.Api)'
2026-03-06 17:30:33.324 +05:30 [INF] HTTP GET /api/widget/config/long responded 204 in 25032.3338 ms
2026-03-06 17:30:33.326 +05:30 [INF] HTTP GET /api/widget/config/long responded 204 in 25036.4426 ms
2026-03-06 17:30:33.329 +05:30 [INF] Request finished HTTP/1.1 GET http://localhost:5013/api/widget/config/long?workspace=sample&key=I3UPoNYawpezx-OhSr2hs0DppN8hwow7MpnppypPP-c&since=0 - 204 null null 25041.4469ms
2026-03-06 17:30:33.330 +05:30 [INF] Request finished HTTP/1.1 GET http://localhost:5013/api/widget/config/long?workspace=sample&key=I3UPoNYawpezx-OhSr2hs0DppN8hwow7MpnppypPP-c&since=0 - 204 null null 25046.0081ms
2026-03-06 17:30:33.335 +05:30 [INF] Request starting HTTP/1.1 GET http://localhost:5013/api/widget/config/long?workspace=sample&key=I3UPoNYawpezx-OhSr2hs0DppN8hwow7MpnppypPP-c&since=0 - null null
2026-03-06 17:30:33.340 +05:30 [INF] Request starting HTTP/1.1 GET http://localhost:5013/api/widget/config/long?workspace=sample&key=I3UPoNYawpezx-OhSr2hs0DppN8hwow7MpnppypPP-c&since=0 - null null
2026-03-06 17:30:33.342 +05:30 [INF] CORS policy execution successful.
2026-03-06 17:30:33.345 +05:30 [INF] CORS policy execution successful.
2026-03-06 17:30:33.346 +05:30 [INF] Executing endpoint 'BubbleApp.Api.Controllers.WidgetConfigController.Long (BubbleApp.Api)'
2026-03-06 17:30:33.346 +05:30 [INF] Executing endpoint 'BubbleApp.Api.Controllers.WidgetConfigController.Long (BubbleApp.Api)'
2026-03-06 17:30:33.347 +05:30 [INF] Route matched with {action = "Long", controller = "WidgetConfig"}. Executing controller action with signature System.Threading.Tasks.Task`1[Microsoft.AspNetCore.Mvc.IActionResult] Long(System.String, Int64, System.Threading.CancellationToken) on controller BubbleApp.Api.Controllers.WidgetConfigController (BubbleApp.Api).
2026-03-06 17:30:33.348 +05:30 [INF] Route matched with {action = "Long", controller = "WidgetConfig"}. Executing controller action with signature System.Threading.Tasks.Task`1[Microsoft.AspNetCore.Mvc.IActionResult] Long(System.String, Int64, System.Threading.CancellationToken) on controller BubbleApp.Api.Controllers.WidgetConfigController (BubbleApp.Api).
2026-03-06 17:30:34.808 +05:30 [INF] Executing StatusCodeResult, setting HTTP status code 204
2026-03-06 17:30:34.816 +05:30 [INF] Executed action BubbleApp.Api.Controllers.WidgetConfigController.Long (BubbleApp.Api) in 25016.6163ms
2026-03-06 17:30:34.821 +05:30 [INF] Executed endpoint 'BubbleApp.Api.Controllers.WidgetConfigController.Long (BubbleApp.Api)'
2026-03-06 17:30:34.822 +05:30 [INF] HTTP GET /api/widget/config/long responded 204 in 25026.2151 ms
2026-03-06 17:30:34.824 +05:30 [INF] Request finished HTTP/1.1 GET http://localhost:5013/api/widget/config/long?workspace=sample&key=I3UPoNYawpezx-OhSr2hs0DppN8hwow7MpnppypPP-c&since=0 - 204 null null 25029.8921ms
2026-03-06 17:30:34.828 +05:30 [INF] Request starting HTTP/1.1 GET http://localhost:5013/api/widget/config/long?workspace=sample&key=I3UPoNYawpezx-OhSr2hs0DppN8hwow7MpnppypPP-c&since=0 - null null
2026-03-06 17:30:34.830 +05:30 [INF] CORS policy execution successful.
2026-03-06 17:30:34.831 +05:30 [INF] Executing endpoint 'BubbleApp.Api.Controllers.WidgetConfigController.Long (BubbleApp.Api)'
2026-03-06 17:30:34.832 +05:30 [INF] Route matched with {action = "Long", controller = "WidgetConfig"}. Executing controller action with signature System.Threading.Tasks.Task`1[Microsoft.AspNetCore.Mvc.IActionResult] Long(System.String, Int64, System.Threading.CancellationToken) on controller BubbleApp.Api.Controllers.WidgetConfigController (BubbleApp.Api).
2026-03-06 17:30:42.531 +05:30 [INF] Request starting HTTP/1.1 GET http://localhost:5013/api/reminders?workspace=sample&key=I3UPoNYawpezx-OhSr2hs0DppN8hwow7MpnppypPP-c&userId=4 - null null
2026-03-06 17:30:42.535 +05:30 [INF] CORS policy execution successful.
2026-03-06 17:30:42.536 +05:30 [INF] Executing endpoint 'BubbleApp.Api.Controllers.RemindersController.Get (BubbleApp.Api)'
2026-03-06 17:30:42.537 +05:30 [INF] Route matched with {action = "Get", controller = "Reminders"}. Executing controller action with signature System.Threading.Tasks.Task`1[Microsoft.AspNetCore.Mvc.IActionResult] Get(System.String, System.String, System.Threading.CancellationToken) on controller BubbleApp.Api.Controllers.RemindersController (BubbleApp.Api).
2026-03-06 17:30:42.542 +05:30 [INF] Executing OkObjectResult, writing value of type 'System.Collections.Generic.List`1[[BubbleApp.Common.ViewModels.Reminder.ReminderDto, BubbleApp.Common, Version=1.0.0.0, Culture=neutral, PublicKeyToken=null]]'.
2026-03-06 17:30:42.543 +05:30 [INF] Executed action BubbleApp.Api.Controllers.RemindersController.Get (BubbleApp.Api) in 3.6213ms
2026-03-06 17:30:42.546 +05:30 [INF] Executed endpoint 'BubbleApp.Api.Controllers.RemindersController.Get (BubbleApp.Api)'
2026-03-06 17:30:42.546 +05:30 [INF] Request starting HTTP/1.1 GET http://localhost:5013/api/reminders?workspace=sample&key=I3UPoNYawpezx-OhSr2hs0DppN8hwow7MpnppypPP-c&userId=4 - null null
2026-03-06 17:30:42.548 +05:30 [INF] HTTP GET /api/reminders responded 200 in 12.2992 ms
2026-03-06 17:30:42.550 +05:30 [INF] CORS policy execution successful.
2026-03-06 17:30:42.552 +05:30 [INF] Request finished HTTP/1.1 GET http://localhost:5013/api/reminders?workspace=sample&key=I3UPoNYawpezx-OhSr2hs0DppN8hwow7MpnppypPP-c&userId=4 - 200 null application/json; charset=utf-8 21.2066ms
2026-03-06 17:30:42.554 +05:30 [INF] Executing endpoint 'BubbleApp.Api.Controllers.RemindersController.Get (BubbleApp.Api)'
2026-03-06 17:30:42.559 +05:30 [INF] Route matched with {action = "Get", controller = "Reminders"}. Executing controller action with signature System.Threading.Tasks.Task`1[Microsoft.AspNetCore.Mvc.IActionResult] Get(System.String, System.String, System.Threading.CancellationToken) on controller BubbleApp.Api.Controllers.RemindersController (BubbleApp.Api).
2026-03-06 17:30:42.563 +05:30 [INF] Executing OkObjectResult, writing value of type 'System.Collections.Generic.List`1[[BubbleApp.Common.ViewModels.Reminder.ReminderDto, BubbleApp.Common, Version=1.0.0.0, Culture=neutral, PublicKeyToken=null]]'.
2026-03-06 17:30:42.565 +05:30 [INF] Executed action BubbleApp.Api.Controllers.RemindersController.Get (BubbleApp.Api) in 2.882ms
2026-03-06 17:30:42.566 +05:30 [INF] Executed endpoint 'BubbleApp.Api.Controllers.RemindersController.Get (BubbleApp.Api)'
2026-03-06 17:30:42.567 +05:30 [INF] HTTP GET /api/reminders responded 200 in 17.3494 ms
2026-03-06 17:30:42.569 +05:30 [INF] Request finished HTTP/1.1 GET http://localhost:5013/api/reminders?workspace=sample&key=I3UPoNYawpezx-OhSr2hs0DppN8hwow7MpnppypPP-c&userId=4 - 200 null application/json; charset=utf-8 22.5611ms
2026-03-06 17:30:58.359 +05:30 [INF] Executing StatusCodeResult, setting HTTP status code 204
2026-03-06 17:30:58.361 +05:30 [INF] Executed action BubbleApp.Api.Controllers.WidgetConfigController.Long (BubbleApp.Api) in 25010.2456ms
2026-03-06 17:30:58.362 +05:30 [INF] Executed endpoint 'BubbleApp.Api.Controllers.WidgetConfigController.Long (BubbleApp.Api)'
2026-03-06 17:30:58.362 +05:30 [INF] HTTP GET /api/widget/config/long responded 204 in 25020.2381 ms
2026-03-06 17:30:58.359 +05:30 [INF] Executing StatusCodeResult, setting HTTP status code 204
2026-03-06 17:30:58.365 +05:30 [INF] Request finished HTTP/1.1 GET http://localhost:5013/api/widget/config/long?workspace=sample&key=I3UPoNYawpezx-OhSr2hs0DppN8hwow7MpnppypPP-c&since=0 - 204 null null 25030.495ms
2026-03-06 17:30:58.367 +05:30 [INF] Executed action BubbleApp.Api.Controllers.WidgetConfigController.Long (BubbleApp.Api) in 25014.5101ms
2026-03-06 17:30:58.371 +05:30 [INF] Request starting HTTP/1.1 GET http://localhost:5013/api/widget/config/long?workspace=sample&key=I3UPoNYawpezx-OhSr2hs0DppN8hwow7MpnppypPP-c&since=0 - null null
2026-03-06 17:30:58.372 +05:30 [INF] Executed endpoint 'BubbleApp.Api.Controllers.WidgetConfigController.Long (BubbleApp.Api)'
2026-03-06 17:30:58.375 +05:30 [INF] CORS policy execution successful.
2026-03-06 17:30:58.376 +05:30 [INF] HTTP GET /api/widget/config/long responded 204 in 25031.0007 ms
2026-03-06 17:30:58.377 +05:30 [INF] Executing endpoint 'BubbleApp.Api.Controllers.WidgetConfigController.Long (BubbleApp.Api)'
2026-03-06 17:30:58.378 +05:30 [INF] Request finished HTTP/1.1 GET http://localhost:5013/api/widget/config/long?workspace=sample&key=I3UPoNYawpezx-OhSr2hs0DppN8hwow7MpnppypPP-c&since=0 - 204 null null 25038.8197ms
2026-03-06 17:30:58.379 +05:30 [INF] Route matched with {action = "Long", controller = "WidgetConfig"}. Executing controller action with signature System.Threading.Tasks.Task`1[Microsoft.AspNetCore.Mvc.IActionResult] Long(System.String, Int64, System.Threading.CancellationToken) on controller BubbleApp.Api.Controllers.WidgetConfigController (BubbleApp.Api).
2026-03-06 17:30:58.382 +05:30 [INF] Request starting HTTP/1.1 GET http://localhost:5013/api/widget/config/long?workspace=sample&key=I3UPoNYawpezx-OhSr2hs0DppN8hwow7MpnppypPP-c&since=0 - null null
2026-03-06 17:30:58.386 +05:30 [INF] CORS policy execution successful.
2026-03-06 17:30:58.387 +05:30 [INF] Executing endpoint 'BubbleApp.Api.Controllers.WidgetConfigController.Long (BubbleApp.Api)'
2026-03-06 17:30:58.388 +05:30 [INF] Route matched with {action = "Long", controller = "WidgetConfig"}. Executing controller action with signature System.Threading.Tasks.Task`1[Microsoft.AspNetCore.Mvc.IActionResult] Long(System.String, Int64, System.Threading.CancellationToken) on controller BubbleApp.Api.Controllers.WidgetConfigController (BubbleApp.Api).
2026-03-06 17:30:59.840 +05:30 [INF] Executing StatusCodeResult, setting HTTP status code 204
2026-03-06 17:30:59.842 +05:30 [INF] Executed action BubbleApp.Api.Controllers.WidgetConfigController.Long (BubbleApp.Api) in 25008.6024ms
2026-03-06 17:30:59.843 +05:30 [INF] Executed endpoint 'BubbleApp.Api.Controllers.WidgetConfigController.Long (BubbleApp.Api)'
2026-03-06 17:30:59.844 +05:30 [INF] HTTP GET /api/widget/config/long responded 204 in 25014.1731 ms
2026-03-06 17:30:59.846 +05:30 [INF] Request finished HTTP/1.1 GET http://localhost:5013/api/widget/config/long?workspace=sample&key=I3UPoNYawpezx-OhSr2hs0DppN8hwow7MpnppypPP-c&since=0 - 204 null null 25017.8838ms
2026-03-06 17:30:59.849 +05:30 [INF] Request starting HTTP/1.1 GET http://localhost:5013/api/widget/config/long?workspace=sample&key=I3UPoNYawpezx-OhSr2hs0DppN8hwow7MpnppypPP-c&since=0 - null null
2026-03-06 17:30:59.851 +05:30 [INF] CORS policy execution successful.
2026-03-06 17:30:59.851 +05:30 [INF] Executing endpoint 'BubbleApp.Api.Controllers.WidgetConfigController.Long (BubbleApp.Api)'
2026-03-06 17:30:59.852 +05:30 [INF] Route matched with {action = "Long", controller = "WidgetConfig"}. Executing controller action with signature System.Threading.Tasks.Task`1[Microsoft.AspNetCore.Mvc.IActionResult] Long(System.String, Int64, System.Threading.CancellationToken) on controller BubbleApp.Api.Controllers.WidgetConfigController (BubbleApp.Api).
2026-03-06 17:31:23.387 +05:30 [INF] Executing StatusCodeResult, setting HTTP status code 204
2026-03-06 17:31:23.388 +05:30 [INF] Executed action BubbleApp.Api.Controllers.WidgetConfigController.Long (BubbleApp.Api) in 25004.9026ms
2026-03-06 17:31:23.389 +05:30 [INF] Executed endpoint 'BubbleApp.Api.Controllers.WidgetConfigController.Long (BubbleApp.Api)'
2026-03-06 17:31:23.390 +05:30 [INF] HTTP GET /api/widget/config/long responded 204 in 25015.4919 ms
2026-03-06 17:31:23.392 +05:30 [INF] Request finished HTTP/1.1 GET http://localhost:5013/api/widget/config/long?workspace=sample&key=I3UPoNYawpezx-OhSr2hs0DppN8hwow7MpnppypPP-c&since=0 - 204 null null 25020.9654ms
2026-03-06 17:31:23.395 +05:30 [INF] Request starting HTTP/1.1 GET http://localhost:5013/api/widget/config/long?workspace=sample&key=I3UPoNYawpezx-OhSr2hs0DppN8hwow7MpnppypPP-c&since=0 - null null
2026-03-06 17:31:23.398 +05:30 [INF] CORS policy execution successful.
2026-03-06 17:31:23.399 +05:30 [INF] Executing endpoint 'BubbleApp.Api.Controllers.WidgetConfigController.Long (BubbleApp.Api)'
2026-03-06 17:31:23.400 +05:30 [INF] Route matched with {action = "Long", controller = "WidgetConfig"}. Executing controller action with signature System.Threading.Tasks.Task`1[Microsoft.AspNetCore.Mvc.IActionResult] Long(System.String, Int64, System.Threading.CancellationToken) on controller BubbleApp.Api.Controllers.WidgetConfigController (BubbleApp.Api).
2026-03-06 17:31:23.403 +05:30 [INF] Executing StatusCodeResult, setting HTTP status code 204
2026-03-06 17:31:23.404 +05:30 [INF] Executed action BubbleApp.Api.Controllers.WidgetConfigController.Long (BubbleApp.Api) in 25014.1721ms
2026-03-06 17:31:23.405 +05:30 [INF] Executed endpoint 'BubbleApp.Api.Controllers.WidgetConfigController.Long (BubbleApp.Api)'
2026-03-06 17:31:23.406 +05:30 [INF] HTTP GET /api/widget/config/long responded 204 in 25020.3954 ms
2026-03-06 17:31:23.408 +05:30 [INF] Request finished HTTP/1.1 GET http://localhost:5013/api/widget/config/long?workspace=sample&key=I3UPoNYawpezx-OhSr2hs0DppN8hwow7MpnppypPP-c&since=0 - 204 null null 25025.7508ms
2026-03-06 17:31:23.410 +05:30 [INF] Request starting HTTP/1.1 GET http://localhost:5013/api/widget/config/long?workspace=sample&key=I3UPoNYawpezx-OhSr2hs0DppN8hwow7MpnppypPP-c&since=0 - null null
2026-03-06 17:31:23.412 +05:30 [INF] CORS policy execution successful.
2026-03-06 17:31:23.413 +05:30 [INF] Executing endpoint 'BubbleApp.Api.Controllers.WidgetConfigController.Long (BubbleApp.Api)'
2026-03-06 17:31:23.414 +05:30 [INF] Route matched with {action = "Long", controller = "WidgetConfig"}. Executing controller action with signature System.Threading.Tasks.Task`1[Microsoft.AspNetCore.Mvc.IActionResult] Long(System.String, Int64, System.Threading.CancellationToken) on controller BubbleApp.Api.Controllers.WidgetConfigController (BubbleApp.Api).
2026-03-06 17:31:24.865 +05:30 [INF] Executing StatusCodeResult, setting HTTP status code 204
2026-03-06 17:31:24.867 +05:30 [INF] Executed action BubbleApp.Api.Controllers.WidgetConfigController.Long (BubbleApp.Api) in 25013.2763ms
2026-03-06 17:31:24.869 +05:30 [INF] Executed endpoint 'BubbleApp.Api.Controllers.WidgetConfigController.Long (BubbleApp.Api)'
2026-03-06 17:31:24.870 +05:30 [INF] HTTP GET /api/widget/config/long responded 204 in 25019.4690 ms
2026-03-06 17:31:24.872 +05:30 [INF] Request finished HTTP/1.1 GET http://localhost:5013/api/widget/config/long?workspace=sample&key=I3UPoNYawpezx-OhSr2hs0DppN8hwow7MpnppypPP-c&since=0 - 204 null null 25022.9181ms
2026-03-06 17:31:24.875 +05:30 [INF] Request starting HTTP/1.1 GET http://localhost:5013/api/widget/config/long?workspace=sample&key=I3UPoNYawpezx-OhSr2hs0DppN8hwow7MpnppypPP-c&since=0 - null null
2026-03-06 17:31:24.877 +05:30 [INF] CORS policy execution successful.
2026-03-06 17:31:24.878 +05:30 [INF] Executing endpoint 'BubbleApp.Api.Controllers.WidgetConfigController.Long (BubbleApp.Api)'
2026-03-06 17:31:24.879 +05:30 [INF] Route matched with {action = "Long", controller = "WidgetConfig"}. Executing controller action with signature System.Threading.Tasks.Task`1[Microsoft.AspNetCore.Mvc.IActionResult] Long(System.String, Int64, System.Threading.CancellationToken) on controller BubbleApp.Api.Controllers.WidgetConfigController (BubbleApp.Api).
2026-03-06 17:31:42.533 +05:30 [INF] Request starting HTTP/1.1 GET http://localhost:5013/api/reminders?workspace=sample&key=I3UPoNYawpezx-OhSr2hs0DppN8hwow7MpnppypPP-c&userId=4 - null null
2026-03-06 17:31:42.533 +05:30 [INF] Request starting HTTP/1.1 GET http://localhost:5013/api/reminders?workspace=sample&key=I3UPoNYawpezx-OhSr2hs0DppN8hwow7MpnppypPP-c&userId=28 - null null
2026-03-06 17:31:42.533 +05:30 [INF] Request starting HTTP/1.1 GET http://localhost:5013/api/reminders?workspace=sample&key=I3UPoNYawpezx-OhSr2hs0DppN8hwow7MpnppypPP-c&userId=4 - null null
2026-03-06 17:31:42.536 +05:30 [INF] CORS policy execution successful.
2026-03-06 17:31:42.539 +05:30 [INF] CORS policy execution successful.
2026-03-06 17:31:42.542 +05:30 [INF] CORS policy execution successful.
2026-03-06 17:31:42.542 +05:30 [INF] Executing endpoint 'BubbleApp.Api.Controllers.RemindersController.Get (BubbleApp.Api)'
2026-03-06 17:31:42.543 +05:30 [INF] Executing endpoint 'BubbleApp.Api.Controllers.RemindersController.Get (BubbleApp.Api)'
2026-03-06 17:31:42.544 +05:30 [INF] Executing endpoint 'BubbleApp.Api.Controllers.RemindersController.Get (BubbleApp.Api)'
2026-03-06 17:31:42.545 +05:30 [INF] Route matched with {action = "Get", controller = "Reminders"}. Executing controller action with signature System.Threading.Tasks.Task`1[Microsoft.AspNetCore.Mvc.IActionResult] Get(System.String, System.String, System.Threading.CancellationToken) on controller BubbleApp.Api.Controllers.RemindersController (BubbleApp.Api).
2026-03-06 17:31:42.547 +05:30 [INF] Route matched with {action = "Get", controller = "Reminders"}. Executing controller action with signature System.Threading.Tasks.Task`1[Microsoft.AspNetCore.Mvc.IActionResult] Get(System.String, System.String, System.Threading.CancellationToken) on controller BubbleApp.Api.Controllers.RemindersController (BubbleApp.Api).
2026-03-06 17:31:42.548 +05:30 [INF] Route matched with {action = "Get", controller = "Reminders"}. Executing controller action with signature System.Threading.Tasks.Task`1[Microsoft.AspNetCore.Mvc.IActionResult] Get(System.String, System.String, System.Threading.CancellationToken) on controller BubbleApp.Api.Controllers.RemindersController (BubbleApp.Api).
2026-03-06 17:31:42.552 +05:30 [INF] Executing OkObjectResult, writing value of type 'System.Collections.Generic.List`1[[BubbleApp.Common.ViewModels.Reminder.ReminderDto, BubbleApp.Common, Version=1.0.0.0, Culture=neutral, PublicKeyToken=null]]'.
2026-03-06 17:31:42.554 +05:30 [INF] Executing OkObjectResult, writing value of type 'System.Collections.Generic.List`1[[BubbleApp.Common.ViewModels.Reminder.ReminderDto, BubbleApp.Common, Version=1.0.0.0, Culture=neutral, PublicKeyToken=null]]'.
2026-03-06 17:31:42.556 +05:30 [INF] Executed action BubbleApp.Api.Controllers.RemindersController.Get (BubbleApp.Api) in 5.847ms
2026-03-06 17:31:42.556 +05:30 [INF] Executing OkObjectResult, writing value of type 'System.Collections.Generic.List`1[[BubbleApp.Common.ViewModels.Reminder.ReminderDto, BubbleApp.Common, Version=1.0.0.0, Culture=neutral, PublicKeyToken=null]]'.
2026-03-06 17:31:42.557 +05:30 [INF] Executed action BubbleApp.Api.Controllers.RemindersController.Get (BubbleApp.Api) in 4.7544ms
2026-03-06 17:31:42.558 +05:30 [INF] Executed endpoint 'BubbleApp.Api.Controllers.RemindersController.Get (BubbleApp.Api)'
2026-03-06 17:31:42.560 +05:30 [INF] Executed action BubbleApp.Api.Controllers.RemindersController.Get (BubbleApp.Api) in 5.4417ms
2026-03-06 17:31:42.561 +05:30 [INF] Executed endpoint 'BubbleApp.Api.Controllers.RemindersController.Get (BubbleApp.Api)'
2026-03-06 17:31:42.562 +05:30 [INF] HTTP GET /api/reminders responded 200 in 26.0123 ms
2026-03-06 17:31:42.564 +05:30 [INF] Executed endpoint 'BubbleApp.Api.Controllers.RemindersController.Get (BubbleApp.Api)'
2026-03-06 17:31:42.565 +05:30 [INF] HTTP GET /api/reminders responded 200 in 26.4237 ms
2026-03-06 17:31:42.567 +05:30 [INF] Request finished HTTP/1.1 GET http://localhost:5013/api/reminders?workspace=sample&key=I3UPoNYawpezx-OhSr2hs0DppN8hwow7MpnppypPP-c&userId=4 - 200 null application/json; charset=utf-8 34.6611ms
2026-03-06 17:31:42.568 +05:30 [INF] HTTP GET /api/reminders responded 200 in 26.8380 ms
2026-03-06 17:31:42.570 +05:30 [INF] Request finished HTTP/1.1 GET http://localhost:5013/api/reminders?workspace=sample&key=I3UPoNYawpezx-OhSr2hs0DppN8hwow7MpnppypPP-c&userId=28 - 200 null application/json; charset=utf-8 36.7106ms
2026-03-06 17:31:42.574 +05:30 [INF] Request finished HTTP/1.1 GET http://localhost:5013/api/reminders?workspace=sample&key=I3UPoNYawpezx-OhSr2hs0DppN8hwow7MpnppypPP-c&userId=4 - 200 null application/json; charset=utf-8 41.0612ms
2026-03-06 17:31:48.409 +05:30 [INF] Executing StatusCodeResult, setting HTTP status code 204
2026-03-06 17:31:48.410 +05:30 [INF] Executed action BubbleApp.Api.Controllers.WidgetConfigController.Long (BubbleApp.Api) in 25008.374ms
2026-03-06 17:31:48.411 +05:30 [INF] Executed endpoint 'BubbleApp.Api.Controllers.WidgetConfigController.Long (BubbleApp.Api)'
2026-03-06 17:31:48.412 +05:30 [INF] HTTP GET /api/widget/config/long responded 204 in 25014.0917 ms
2026-03-06 17:31:48.413 +05:30 [INF] Request finished HTTP/1.1 GET http://localhost:5013/api/widget/config/long?workspace=sample&key=I3UPoNYawpezx-OhSr2hs0DppN8hwow7MpnppypPP-c&since=0 - 204 null null 25018.2819ms
2026-03-06 17:31:48.416 +05:30 [INF] Request starting HTTP/1.1 GET http://localhost:5013/api/widget/config/long?workspace=sample&key=I3UPoNYawpezx-OhSr2hs0DppN8hwow7MpnppypPP-c&since=0 - null null
2026-03-06 17:31:48.419 +05:30 [INF] CORS policy execution successful.
2026-03-06 17:31:48.419 +05:30 [INF] Executing endpoint 'BubbleApp.Api.Controllers.WidgetConfigController.Long (BubbleApp.Api)'
2026-03-06 17:31:48.420 +05:30 [INF] Route matched with {action = "Long", controller = "WidgetConfig"}. Executing controller action with signature System.Threading.Tasks.Task`1[Microsoft.AspNetCore.Mvc.IActionResult] Long(System.String, Int64, System.Threading.CancellationToken) on controller BubbleApp.Api.Controllers.WidgetConfigController (BubbleApp.Api).
2026-03-06 17:31:48.424 +05:30 [INF] Executing StatusCodeResult, setting HTTP status code 204
2026-03-06 17:31:48.425 +05:30 [INF] Executed action BubbleApp.Api.Controllers.WidgetConfigController.Long (BubbleApp.Api) in 25009.2242ms
2026-03-06 17:31:48.427 +05:30 [INF] Executed endpoint 'BubbleApp.Api.Controllers.WidgetConfigController.Long (BubbleApp.Api)'
2026-03-06 17:31:48.428 +05:30 [INF] HTTP GET /api/widget/config/long responded 204 in 25016.0109 ms
2026-03-06 17:31:48.431 +05:30 [INF] Request finished HTTP/1.1 GET http://localhost:5013/api/widget/config/long?workspace=sample&key=I3UPoNYawpezx-OhSr2hs0DppN8hwow7MpnppypPP-c&since=0 - 204 null null 25020.1739ms
2026-03-06 17:31:48.434 +05:30 [INF] Request starting HTTP/1.1 GET http://localhost:5013/api/widget/config/long?workspace=sample&key=I3UPoNYawpezx-OhSr2hs0DppN8hwow7MpnppypPP-c&since=0 - null null
2026-03-06 17:31:48.436 +05:30 [INF] CORS policy execution successful.
2026-03-06 17:31:48.437 +05:30 [INF] Executing endpoint 'BubbleApp.Api.Controllers.WidgetConfigController.Long (BubbleApp.Api)'
2026-03-06 17:31:48.438 +05:30 [INF] Route matched with {action = "Long", controller = "WidgetConfig"}. Executing controller action with signature System.Threading.Tasks.Task`1[Microsoft.AspNetCore.Mvc.IActionResult] Long(System.String, Int64, System.Threading.CancellationToken) on controller BubbleApp.Api.Controllers.WidgetConfigController (BubbleApp.Api).
2026-03-06 17:31:49.899 +05:30 [INF] Executing StatusCodeResult, setting HTTP status code 204
2026-03-06 17:31:49.901 +05:30 [INF] Executed action BubbleApp.Api.Controllers.WidgetConfigController.Long (BubbleApp.Api) in 25019.5831ms
2026-03-06 17:31:49.902 +05:30 [INF] Executed endpoint 'BubbleApp.Api.Controllers.WidgetConfigController.Long (BubbleApp.Api)'
2026-03-06 17:31:49.903 +05:30 [INF] HTTP GET /api/widget/config/long responded 204 in 25026.1672 ms
2026-03-06 17:31:49.905 +05:30 [INF] Request finished HTTP/1.1 GET http://localhost:5013/api/widget/config/long?workspace=sample&key=I3UPoNYawpezx-OhSr2hs0DppN8hwow7MpnppypPP-c&since=0 - 204 null null 25029.8885ms
2026-03-06 17:31:49.908 +05:30 [INF] Request starting HTTP/1.1 GET http://localhost:5013/api/widget/config/long?workspace=sample&key=I3UPoNYawpezx-OhSr2hs0DppN8hwow7MpnppypPP-c&since=0 - null null
2026-03-06 17:31:49.911 +05:30 [INF] CORS policy execution successful.
2026-03-06 17:31:49.911 +05:30 [INF] Executing endpoint 'BubbleApp.Api.Controllers.WidgetConfigController.Long (BubbleApp.Api)'
2026-03-06 17:31:49.913 +05:30 [INF] Route matched with {action = "Long", controller = "WidgetConfig"}. Executing controller action with signature System.Threading.Tasks.Task`1[Microsoft.AspNetCore.Mvc.IActionResult] Long(System.String, Int64, System.Threading.CancellationToken) on controller BubbleApp.Api.Controllers.WidgetConfigController (BubbleApp.Api).
2026-03-06 17:32:13.436 +05:30 [INF] Executing StatusCodeResult, setting HTTP status code 204
2026-03-06 17:32:13.437 +05:30 [INF] Executed action BubbleApp.Api.Controllers.WidgetConfigController.Long (BubbleApp.Api) in 25015.2497ms
2026-03-06 17:32:13.439 +05:30 [INF] Executed endpoint 'BubbleApp.Api.Controllers.WidgetConfigController.Long (BubbleApp.Api)'
2026-03-06 17:32:13.440 +05:30 [INF] HTTP GET /api/widget/config/long responded 204 in 25020.7892 ms
2026-03-06 17:32:13.442 +05:30 [INF] Request finished HTTP/1.1 GET http://localhost:5013/api/widget/config/long?workspace=sample&key=I3UPoNYawpezx-OhSr2hs0DppN8hwow7MpnppypPP-c&since=0 - 204 null null 25025.1028ms
2026-03-06 17:32:13.446 +05:30 [INF] Request starting HTTP/1.1 GET http://localhost:5013/api/widget/config/long?workspace=sample&key=I3UPoNYawpezx-OhSr2hs0DppN8hwow7MpnppypPP-c&since=0 - null null
2026-03-06 17:32:13.448 +05:30 [INF] CORS policy execution successful.
2026-03-06 17:32:13.449 +05:30 [INF] Executing endpoint 'BubbleApp.Api.Controllers.WidgetConfigController.Long (BubbleApp.Api)'
2026-03-06 17:32:13.451 +05:30 [INF] Route matched with {action = "Long", controller = "WidgetConfig"}. Executing controller action with signature System.Threading.Tasks.Task`1[Microsoft.AspNetCore.Mvc.IActionResult] Long(System.String, Int64, System.Threading.CancellationToken) on controller BubbleApp.Api.Controllers.WidgetConfigController (BubbleApp.Api).
2026-03-06 17:32:13.451 +05:30 [INF] Executing StatusCodeResult, setting HTTP status code 204
2026-03-06 17:32:13.454 +05:30 [INF] Executed action BubbleApp.Api.Controllers.WidgetConfigController.Long (BubbleApp.Api) in 25013.5151ms
2026-03-06 17:32:13.455 +05:30 [INF] Executed endpoint 'BubbleApp.Api.Controllers.WidgetConfigController.Long (BubbleApp.Api)'
2026-03-06 17:32:13.456 +05:30 [INF] HTTP GET /api/widget/config/long responded 204 in 25019.3498 ms
2026-03-06 17:32:13.457 +05:30 [INF] Request finished HTTP/1.1 GET http://localhost:5013/api/widget/config/long?workspace=sample&key=I3UPoNYawpezx-OhSr2hs0DppN8hwow7MpnppypPP-c&since=0 - 204 null null 25023.4183ms
2026-03-06 17:32:13.461 +05:30 [INF] Request starting HTTP/1.1 GET http://localhost:5013/api/widget/config/long?workspace=sample&key=I3UPoNYawpezx-OhSr2hs0DppN8hwow7MpnppypPP-c&since=0 - null null
2026-03-06 17:32:13.464 +05:30 [INF] CORS policy execution successful.
2026-03-06 17:32:13.465 +05:30 [INF] Executing endpoint 'BubbleApp.Api.Controllers.WidgetConfigController.Long (BubbleApp.Api)'
2026-03-06 17:32:13.466 +05:30 [INF] Route matched with {action = "Long", controller = "WidgetConfig"}. Executing controller action with signature System.Threading.Tasks.Task`1[Microsoft.AspNetCore.Mvc.IActionResult] Long(System.String, Int64, System.Threading.CancellationToken) on controller BubbleApp.Api.Controllers.WidgetConfigController (BubbleApp.Api).
2026-03-06 17:32:14.929 +05:30 [INF] Executing StatusCodeResult, setting HTTP status code 204
2026-03-06 17:32:14.934 +05:30 [INF] Executed action BubbleApp.Api.Controllers.WidgetConfigController.Long (BubbleApp.Api) in 25019.6342ms
2026-03-06 17:32:14.935 +05:30 [INF] Executed endpoint 'BubbleApp.Api.Controllers.WidgetConfigController.Long (BubbleApp.Api)'
2026-03-06 17:32:14.937 +05:30 [INF] HTTP GET /api/widget/config/long responded 204 in 25026.1274 ms
2026-03-06 17:32:14.938 +05:30 [INF] Request finished HTTP/1.1 GET http://localhost:5013/api/widget/config/long?workspace=sample&key=I3UPoNYawpezx-OhSr2hs0DppN8hwow7MpnppypPP-c&since=0 - 204 null null 25030.1344ms
2026-03-06 17:32:14.942 +05:30 [INF] Request starting HTTP/1.1 GET http://localhost:5013/api/widget/config/long?workspace=sample&key=I3UPoNYawpezx-OhSr2hs0DppN8hwow7MpnppypPP-c&since=0 - null null
2026-03-06 17:32:14.946 +05:30 [INF] CORS policy execution successful.
2026-03-06 17:32:14.947 +05:30 [INF] Executing endpoint 'BubbleApp.Api.Controllers.WidgetConfigController.Long (BubbleApp.Api)'
2026-03-06 17:32:14.948 +05:30 [INF] Route matched with {action = "Long", controller = "WidgetConfig"}. Executing controller action with signature System.Threading.Tasks.Task`1[Microsoft.AspNetCore.Mvc.IActionResult] Long(System.String, Int64, System.Threading.CancellationToken) on controller BubbleApp.Api.Controllers.WidgetConfigController (BubbleApp.Api).
2026-03-06 17:32:38.469 +05:30 [INF] Executing StatusCodeResult, setting HTTP status code 204
2026-03-06 17:32:38.471 +05:30 [INF] Executed action BubbleApp.Api.Controllers.WidgetConfigController.Long (BubbleApp.Api) in 25018.5007ms
2026-03-06 17:32:38.472 +05:30 [INF] Executing StatusCodeResult, setting HTTP status code 204
2026-03-06 17:32:38.472 +05:30 [INF] Executed endpoint 'BubbleApp.Api.Controllers.WidgetConfigController.Long (BubbleApp.Api)'
2026-03-06 17:32:38.473 +05:30 [INF] Executed action BubbleApp.Api.Controllers.WidgetConfigController.Long (BubbleApp.Api) in 25005.6347ms
2026-03-06 17:32:38.474 +05:30 [INF] HTTP GET /api/widget/config/long responded 204 in 25025.5447 ms
2026-03-06 17:32:38.475 +05:30 [INF] Executed endpoint 'BubbleApp.Api.Controllers.WidgetConfigController.Long (BubbleApp.Api)'
2026-03-06 17:32:38.477 +05:30 [INF] Request finished HTTP/1.1 GET http://localhost:5013/api/widget/config/long?workspace=sample&key=I3UPoNYawpezx-OhSr2hs0DppN8hwow7MpnppypPP-c&since=0 - 204 null null 25030.9088ms
2026-03-06 17:32:38.478 +05:30 [INF] HTTP GET /api/widget/config/long responded 204 in 25013.8259 ms
2026-03-06 17:32:38.481 +05:30 [INF] Request starting HTTP/1.1 GET http://localhost:5013/api/widget/config/long?workspace=sample&key=I3UPoNYawpezx-OhSr2hs0DppN8hwow7MpnppypPP-c&since=0 - null null
2026-03-06 17:32:38.482 +05:30 [INF] Request finished HTTP/1.1 GET http://localhost:5013/api/widget/config/long?workspace=sample&key=I3UPoNYawpezx-OhSr2hs0DppN8hwow7MpnppypPP-c&since=0 - 204 null null 25020.9803ms
2026-03-06 17:32:38.485 +05:30 [INF] CORS policy execution successful.
2026-03-06 17:32:38.488 +05:30 [INF] Request starting HTTP/1.1 GET http://localhost:5013/api/widget/config/long?workspace=sample&key=I3UPoNYawpezx-OhSr2hs0DppN8hwow7MpnppypPP-c&since=0 - null null
2026-03-06 17:32:38.488 +05:30 [INF] Executing endpoint 'BubbleApp.Api.Controllers.WidgetConfigController.Long (BubbleApp.Api)'
2026-03-06 17:32:38.490 +05:30 [INF] CORS policy execution successful.
2026-03-06 17:32:38.491 +05:30 [INF] Route matched with {action = "Long", controller = "WidgetConfig"}. Executing controller action with signature System.Threading.Tasks.Task`1[Microsoft.AspNetCore.Mvc.IActionResult] Long(System.String, Int64, System.Threading.CancellationToken) on controller BubbleApp.Api.Controllers.WidgetConfigController (BubbleApp.Api).
2026-03-06 17:32:38.492 +05:30 [INF] Executing endpoint 'BubbleApp.Api.Controllers.WidgetConfigController.Long (BubbleApp.Api)'
2026-03-06 17:32:38.495 +05:30 [INF] Route matched with {action = "Long", controller = "WidgetConfig"}. Executing controller action with signature System.Threading.Tasks.Task`1[Microsoft.AspNetCore.Mvc.IActionResult] Long(System.String, Int64, System.Threading.CancellationToken) on controller BubbleApp.Api.Controllers.WidgetConfigController (BubbleApp.Api).
2026-03-06 17:32:39.965 +05:30 [INF] Executing StatusCodeResult, setting HTTP status code 204
2026-03-06 17:32:39.971 +05:30 [INF] Executed action BubbleApp.Api.Controllers.WidgetConfigController.Long (BubbleApp.Api) in 25021.5368ms
2026-03-06 17:32:39.972 +05:30 [INF] Executed endpoint 'BubbleApp.Api.Controllers.WidgetConfigController.Long (BubbleApp.Api)'
2026-03-06 17:32:39.973 +05:30 [INF] HTTP GET /api/widget/config/long responded 204 in 25027.6563 ms
2026-03-06 17:32:39.975 +05:30 [INF] Request finished HTTP/1.1 GET http://localhost:5013/api/widget/config/long?workspace=sample&key=I3UPoNYawpezx-OhSr2hs0DppN8hwow7MpnppypPP-c&since=0 - 204 null null 25032.9542ms
2026-03-06 17:32:39.979 +05:30 [INF] Request starting HTTP/1.1 GET http://localhost:5013/api/widget/config/long?workspace=sample&key=I3UPoNYawpezx-OhSr2hs0DppN8hwow7MpnppypPP-c&since=0 - null null
2026-03-06 17:32:39.982 +05:30 [INF] CORS policy execution successful.
2026-03-06 17:32:39.983 +05:30 [INF] Executing endpoint 'BubbleApp.Api.Controllers.WidgetConfigController.Long (BubbleApp.Api)'
2026-03-06 17:32:39.983 +05:30 [INF] Route matched with {action = "Long", controller = "WidgetConfig"}. Executing controller action with signature System.Threading.Tasks.Task`1[Microsoft.AspNetCore.Mvc.IActionResult] Long(System.String, Int64, System.Threading.CancellationToken) on controller BubbleApp.Api.Controllers.WidgetConfigController (BubbleApp.Api).
2026-03-06 17:32:42.545 +05:30 [INF] Request starting HTTP/1.1 GET http://localhost:5013/api/reminders?workspace=sample&key=I3UPoNYawpezx-OhSr2hs0DppN8hwow7MpnppypPP-c&userId=4 - null null
2026-03-06 17:32:42.546 +05:30 [INF] Request starting HTTP/1.1 GET http://localhost:5013/api/reminders?workspace=sample&key=I3UPoNYawpezx-OhSr2hs0DppN8hwow7MpnppypPP-c&userId=4 - null null
2026-03-06 17:32:42.549 +05:30 [INF] Request starting HTTP/1.1 GET http://localhost:5013/api/reminders?workspace=sample&key=I3UPoNYawpezx-OhSr2hs0DppN8hwow7MpnppypPP-c&userId=28 - null null
2026-03-06 17:32:42.552 +05:30 [INF] CORS policy execution successful.
2026-03-06 17:32:42.555 +05:30 [INF] CORS policy execution successful.
2026-03-06 17:32:42.559 +05:30 [INF] CORS policy execution successful.
2026-03-06 17:32:42.561 +05:30 [INF] Executing endpoint 'BubbleApp.Api.Controllers.RemindersController.Get (BubbleApp.Api)'
2026-03-06 17:32:42.561 +05:30 [INF] Executing endpoint 'BubbleApp.Api.Controllers.RemindersController.Get (BubbleApp.Api)'
2026-03-06 17:32:42.562 +05:30 [INF] Executing endpoint 'BubbleApp.Api.Controllers.RemindersController.Get (BubbleApp.Api)'
2026-03-06 17:32:42.563 +05:30 [INF] Route matched with {action = "Get", controller = "Reminders"}. Executing controller action with signature System.Threading.Tasks.Task`1[Microsoft.AspNetCore.Mvc.IActionResult] Get(System.String, System.String, System.Threading.CancellationToken) on controller BubbleApp.Api.Controllers.RemindersController (BubbleApp.Api).
2026-03-06 17:32:42.564 +05:30 [INF] Route matched with {action = "Get", controller = "Reminders"}. Executing controller action with signature System.Threading.Tasks.Task`1[Microsoft.AspNetCore.Mvc.IActionResult] Get(System.String, System.String, System.Threading.CancellationToken) on controller BubbleApp.Api.Controllers.RemindersController (BubbleApp.Api).
2026-03-06 17:32:42.565 +05:30 [INF] Route matched with {action = "Get", controller = "Reminders"}. Executing controller action with signature System.Threading.Tasks.Task`1[Microsoft.AspNetCore.Mvc.IActionResult] Get(System.String, System.String, System.Threading.CancellationToken) on controller BubbleApp.Api.Controllers.RemindersController (BubbleApp.Api).
2026-03-06 17:32:42.569 +05:30 [INF] Executing OkObjectResult, writing value of type 'System.Collections.Generic.List`1[[BubbleApp.Common.ViewModels.Reminder.ReminderDto, BubbleApp.Common, Version=1.0.0.0, Culture=neutral, PublicKeyToken=null]]'.
2026-03-06 17:32:42.571 +05:30 [INF] Executing OkObjectResult, writing value of type 'System.Collections.Generic.List`1[[BubbleApp.Common.ViewModels.Reminder.ReminderDto, BubbleApp.Common, Version=1.0.0.0, Culture=neutral, PublicKeyToken=null]]'.
2026-03-06 17:32:42.573 +05:30 [INF] Executing OkObjectResult, writing value of type 'System.Collections.Generic.List`1[[BubbleApp.Common.ViewModels.Reminder.ReminderDto, BubbleApp.Common, Version=1.0.0.0, Culture=neutral, PublicKeyToken=null]]'.
2026-03-06 17:32:42.573 +05:30 [INF] Executed action BubbleApp.Api.Controllers.RemindersController.Get (BubbleApp.Api) in 5.7015ms
2026-03-06 17:32:42.574 +05:30 [INF] Executed action BubbleApp.Api.Controllers.RemindersController.Get (BubbleApp.Api) in 4.6487ms
2026-03-06 17:32:42.576 +05:30 [INF] Executed action BubbleApp.Api.Controllers.RemindersController.Get (BubbleApp.Api) in 4.5111ms
2026-03-06 17:32:42.577 +05:30 [INF] Executed endpoint 'BubbleApp.Api.Controllers.RemindersController.Get (BubbleApp.Api)'
2026-03-06 17:32:42.578 +05:30 [INF] Executed endpoint 'BubbleApp.Api.Controllers.RemindersController.Get (BubbleApp.Api)'
2026-03-06 17:32:42.579 +05:30 [INF] Executed endpoint 'BubbleApp.Api.Controllers.RemindersController.Get (BubbleApp.Api)'
2026-03-06 17:32:42.580 +05:30 [INF] HTTP GET /api/reminders responded 200 in 28.6392 ms
2026-03-06 17:32:42.581 +05:30 [INF] HTTP GET /api/reminders responded 200 in 25.9499 ms
2026-03-06 17:32:42.586 +05:30 [INF] Request finished HTTP/1.1 GET http://localhost:5013/api/reminders?workspace=sample&key=I3UPoNYawpezx-OhSr2hs0DppN8hwow7MpnppypPP-c&userId=4 - 200 null application/json; charset=utf-8 39.9025ms
2026-03-06 17:32:42.584 +05:30 [INF] Request finished HTTP/1.1 GET http://localhost:5013/api/reminders?workspace=sample&key=I3UPoNYawpezx-OhSr2hs0DppN8hwow7MpnppypPP-c&userId=4 - 200 null application/json; charset=utf-8 39.0063ms
2026-03-06 17:32:42.582 +05:30 [INF] HTTP GET /api/reminders responded 200 in 23.0516 ms
2026-03-06 17:32:42.595 +05:30 [INF] Request finished HTTP/1.1 GET http://localhost:5013/api/reminders?workspace=sample&key=I3UPoNYawpezx-OhSr2hs0DppN8hwow7MpnppypPP-c&userId=28 - 200 null application/json; charset=utf-8 45.4295ms
2026-03-06 17:33:03.510 +05:30 [INF] Executing StatusCodeResult, setting HTTP status code 204
2026-03-06 17:33:03.510 +05:30 [INF] Executing StatusCodeResult, setting HTTP status code 204
2026-03-06 17:33:03.516 +05:30 [INF] Executed action BubbleApp.Api.Controllers.WidgetConfigController.Long (BubbleApp.Api) in 25022.2722ms
2026-03-06 17:33:03.518 +05:30 [INF] Executed endpoint 'BubbleApp.Api.Controllers.WidgetConfigController.Long (BubbleApp.Api)'
2026-03-06 17:33:03.519 +05:30 [INF] HTTP GET /api/widget/config/long responded 204 in 25033.6979 ms
2026-03-06 17:33:03.515 +05:30 [INF] Executed action BubbleApp.Api.Controllers.WidgetConfigController.Long (BubbleApp.Api) in 25018.5092ms
2026-03-06 17:33:03.521 +05:30 [INF] Request finished HTTP/1.1 GET http://localhost:5013/api/widget/config/long?workspace=sample&key=I3UPoNYawpezx-OhSr2hs0DppN8hwow7MpnppypPP-c&since=0 - 204 null null 25039.8159ms
2026-03-06 17:33:03.522 +05:30 [INF] Executed endpoint 'BubbleApp.Api.Controllers.WidgetConfigController.Long (BubbleApp.Api)'
2026-03-06 17:33:03.526 +05:30 [INF] Request starting HTTP/1.1 GET http://localhost:5013/api/widget/config/long?workspace=sample&key=I3UPoNYawpezx-OhSr2hs0DppN8hwow7MpnppypPP-c&since=0 - null null
2026-03-06 17:33:03.527 +05:30 [INF] HTTP GET /api/widget/config/long responded 204 in 25036.3700 ms
2026-03-06 17:33:03.530 +05:30 [INF] CORS policy execution successful.
2026-03-06 17:33:03.531 +05:30 [INF] Request finished HTTP/1.1 GET http://localhost:5013/api/widget/config/long?workspace=sample&key=I3UPoNYawpezx-OhSr2hs0DppN8hwow7MpnppypPP-c&since=0 - 204 null null 25043.8617ms
2026-03-06 17:33:03.532 +05:30 [INF] Executing endpoint 'BubbleApp.Api.Controllers.WidgetConfigController.Long (BubbleApp.Api)'
2026-03-06 17:33:03.535 +05:30 [INF] Request starting HTTP/1.1 GET http://localhost:5013/api/widget/config/long?workspace=sample&key=I3UPoNYawpezx-OhSr2hs0DppN8hwow7MpnppypPP-c&since=0 - null null
2026-03-06 17:33:03.537 +05:30 [INF] Route matched with {action = "Long", controller = "WidgetConfig"}. Executing controller action with signature System.Threading.Tasks.Task`1[Microsoft.AspNetCore.Mvc.IActionResult] Long(System.String, Int64, System.Threading.CancellationToken) on controller BubbleApp.Api.Controllers.WidgetConfigController (BubbleApp.Api).
2026-03-06 17:33:03.540 +05:30 [INF] CORS policy execution successful.
2026-03-06 17:33:03.543 +05:30 [INF] Executing endpoint 'BubbleApp.Api.Controllers.WidgetConfigController.Long (BubbleApp.Api)'
2026-03-06 17:33:03.544 +05:30 [INF] Route matched with {action = "Long", controller = "WidgetConfig"}. Executing controller action with signature System.Threading.Tasks.Task`1[Microsoft.AspNetCore.Mvc.IActionResult] Long(System.String, Int64, System.Threading.CancellationToken) on controller BubbleApp.Api.Controllers.WidgetConfigController (BubbleApp.Api).
2026-03-06 17:33:05.000 +05:30 [INF] Executing StatusCodeResult, setting HTTP status code 204
2026-03-06 17:33:05.003 +05:30 [INF] Executed action BubbleApp.Api.Controllers.WidgetConfigController.Long (BubbleApp.Api) in 25017.5832ms
2026-03-06 17:33:05.006 +05:30 [INF] Executed endpoint 'BubbleApp.Api.Controllers.WidgetConfigController.Long (BubbleApp.Api)'
2026-03-06 17:33:05.008 +05:30 [INF] HTTP GET /api/widget/config/long responded 204 in 25026.3422 ms
2026-03-06 17:33:05.010 +05:30 [INF] Request finished HTTP/1.1 GET http://localhost:5013/api/widget/config/long?workspace=sample&key=I3UPoNYawpezx-OhSr2hs0DppN8hwow7MpnppypPP-c&since=0 - 204 null null 25030.4249ms
2026-03-06 17:33:05.014 +05:30 [INF] Request starting HTTP/1.1 GET http://localhost:5013/api/widget/config/long?workspace=sample&key=I3UPoNYawpezx-OhSr2hs0DppN8hwow7MpnppypPP-c&since=0 - null null
2026-03-06 17:33:05.017 +05:30 [INF] CORS policy execution successful.
2026-03-06 17:33:05.018 +05:30 [INF] Executing endpoint 'BubbleApp.Api.Controllers.WidgetConfigController.Long (BubbleApp.Api)'
2026-03-06 17:33:05.019 +05:30 [INF] Route matched with {action = "Long", controller = "WidgetConfig"}. Executing controller action with signature System.Threading.Tasks.Task`1[Microsoft.AspNetCore.Mvc.IActionResult] Long(System.String, Int64, System.Threading.CancellationToken) on controller BubbleApp.Api.Controllers.WidgetConfigController (BubbleApp.Api).
2026-03-06 17:33:28.554 +05:30 [INF] Executing StatusCodeResult, setting HTTP status code 204
2026-03-06 17:33:28.554 +05:30 [INF] Executing StatusCodeResult, setting HTTP status code 204
2026-03-06 17:33:28.556 +05:30 [INF] Executed action BubbleApp.Api.Controllers.WidgetConfigController.Long (BubbleApp.Api) in 25014.7182ms
2026-03-06 17:33:28.559 +05:30 [INF] Executed action BubbleApp.Api.Controllers.WidgetConfigController.Long (BubbleApp.Api) in 25013.7132ms
2026-03-06 17:33:28.562 +05:30 [INF] Executed endpoint 'BubbleApp.Api.Controllers.WidgetConfigController.Long (BubbleApp.Api)'
2026-03-06 17:33:28.561 +05:30 [INF] Executed endpoint 'BubbleApp.Api.Controllers.WidgetConfigController.Long (BubbleApp.Api)'
2026-03-06 17:33:28.564 +05:30 [INF] HTTP GET /api/widget/config/long responded 204 in 25024.2395 ms
2026-03-06 17:33:28.565 +05:30 [INF] HTTP GET /api/widget/config/long responded 204 in 25034.9827 ms
2026-03-06 17:33:28.567 +05:30 [INF] Request finished HTTP/1.1 GET http://localhost:5013/api/widget/config/long?workspace=sample&key=I3UPoNYawpezx-OhSr2hs0DppN8hwow7MpnppypPP-c&since=0 - 204 null null 25031.7619ms
2026-03-06 17:33:28.569 +05:30 [INF] Request finished HTTP/1.1 GET http://localhost:5013/api/widget/config/long?workspace=sample&key=I3UPoNYawpezx-OhSr2hs0DppN8hwow7MpnppypPP-c&since=0 - 204 null null 25043.1129ms
2026-03-06 17:33:28.572 +05:30 [INF] Request starting HTTP/1.1 GET http://localhost:5013/api/widget/config/long?workspace=sample&key=I3UPoNYawpezx-OhSr2hs0DppN8hwow7MpnppypPP-c&since=0 - null null
2026-03-06 17:33:28.575 +05:30 [INF] Request starting HTTP/1.1 GET http://localhost:5013/api/widget/config/long?workspace=sample&key=I3UPoNYawpezx-OhSr2hs0DppN8hwow7MpnppypPP-c&since=0 - null null
2026-03-06 17:33:28.578 +05:30 [INF] CORS policy execution successful.
2026-03-06 17:33:28.580 +05:30 [INF] CORS policy execution successful.
2026-03-06 17:33:28.581 +05:30 [INF] Executing endpoint 'BubbleApp.Api.Controllers.WidgetConfigController.Long (BubbleApp.Api)'
2026-03-06 17:33:28.581 +05:30 [INF] Executing endpoint 'BubbleApp.Api.Controllers.WidgetConfigController.Long (BubbleApp.Api)'
2026-03-06 17:33:28.583 +05:30 [INF] Route matched with {action = "Long", controller = "WidgetConfig"}. Executing controller action with signature System.Threading.Tasks.Task`1[Microsoft.AspNetCore.Mvc.IActionResult] Long(System.String, Int64, System.Threading.CancellationToken) on controller BubbleApp.Api.Controllers.WidgetConfigController (BubbleApp.Api).
2026-03-06 17:33:28.584 +05:30 [INF] Route matched with {action = "Long", controller = "WidgetConfig"}. Executing controller action with signature System.Threading.Tasks.Task`1[Microsoft.AspNetCore.Mvc.IActionResult] Long(System.String, Int64, System.Threading.CancellationToken) on controller BubbleApp.Api.Controllers.WidgetConfigController (BubbleApp.Api).
2026-03-06 17:33:30.027 +05:30 [INF] Executing StatusCodeResult, setting HTTP status code 204
2026-03-06 17:33:30.030 +05:30 [INF] Executed action BubbleApp.Api.Controllers.WidgetConfigController.Long (BubbleApp.Api) in 25009.3919ms
2026-03-06 17:33:30.031 +05:30 [INF] Executed endpoint 'BubbleApp.Api.Controllers.WidgetConfigController.Long (BubbleApp.Api)'
2026-03-06 17:33:30.033 +05:30 [INF] HTTP GET /api/widget/config/long responded 204 in 25015.4329 ms
2026-03-06 17:33:30.035 +05:30 [INF] Request finished HTTP/1.1 GET http://localhost:5013/api/widget/config/long?workspace=sample&key=I3UPoNYawpezx-OhSr2hs0DppN8hwow7MpnppypPP-c&since=0 - 204 null null 25020.3302ms
2026-03-06 17:33:30.038 +05:30 [INF] Request starting HTTP/1.1 GET http://localhost:5013/api/widget/config/long?workspace=sample&key=I3UPoNYawpezx-OhSr2hs0DppN8hwow7MpnppypPP-c&since=0 - null null
2026-03-06 17:33:30.041 +05:30 [INF] CORS policy execution successful.
2026-03-06 17:33:30.042 +05:30 [INF] Executing endpoint 'BubbleApp.Api.Controllers.WidgetConfigController.Long (BubbleApp.Api)'
2026-03-06 17:33:30.043 +05:30 [INF] Route matched with {action = "Long", controller = "WidgetConfig"}. Executing controller action with signature System.Threading.Tasks.Task`1[Microsoft.AspNetCore.Mvc.IActionResult] Long(System.String, Int64, System.Threading.CancellationToken) on controller BubbleApp.Api.Controllers.WidgetConfigController (BubbleApp.Api).
2026-03-06 17:33:42.542 +05:30 [INF] Request starting HTTP/1.1 GET http://localhost:5013/api/reminders?workspace=sample&key=I3UPoNYawpezx-OhSr2hs0DppN8hwow7MpnppypPP-c&userId=4 - null null
2026-03-06 17:33:42.544 +05:30 [INF] Request starting HTTP/1.1 GET http://localhost:5013/api/reminders?workspace=sample&key=I3UPoNYawpezx-OhSr2hs0DppN8hwow7MpnppypPP-c&userId=4 - null null
2026-03-06 17:33:42.545 +05:30 [INF] Request starting HTTP/1.1 GET http://localhost:5013/api/reminders?workspace=sample&key=I3UPoNYawpezx-OhSr2hs0DppN8hwow7MpnppypPP-c&userId=28 - null null
2026-03-06 17:33:42.545 +05:30 [INF] CORS policy execution successful.
2026-03-06 17:33:42.548 +05:30 [INF] CORS policy execution successful.
2026-03-06 17:33:42.550 +05:30 [INF] CORS policy execution successful.
2026-03-06 17:33:42.551 +05:30 [INF] Executing endpoint 'BubbleApp.Api.Controllers.RemindersController.Get (BubbleApp.Api)'
2026-03-06 17:33:42.552 +05:30 [INF] Executing endpoint 'BubbleApp.Api.Controllers.RemindersController.Get (BubbleApp.Api)'
2026-03-06 17:33:42.553 +05:30 [INF] Executing endpoint 'BubbleApp.Api.Controllers.RemindersController.Get (BubbleApp.Api)'
2026-03-06 17:33:42.554 +05:30 [INF] Route matched with {action = "Get", controller = "Reminders"}. Executing controller action with signature System.Threading.Tasks.Task`1[Microsoft.AspNetCore.Mvc.IActionResult] Get(System.String, System.String, System.Threading.CancellationToken) on controller BubbleApp.Api.Controllers.RemindersController (BubbleApp.Api).
2026-03-06 17:33:42.556 +05:30 [INF] Route matched with {action = "Get", controller = "Reminders"}. Executing controller action with signature System.Threading.Tasks.Task`1[Microsoft.AspNetCore.Mvc.IActionResult] Get(System.String, System.String, System.Threading.CancellationToken) on controller BubbleApp.Api.Controllers.RemindersController (BubbleApp.Api).
2026-03-06 17:33:42.560 +05:30 [INF] Route matched with {action = "Get", controller = "Reminders"}. Executing controller action with signature System.Threading.Tasks.Task`1[Microsoft.AspNetCore.Mvc.IActionResult] Get(System.String, System.String, System.Threading.CancellationToken) on controller BubbleApp.Api.Controllers.RemindersController (BubbleApp.Api).
2026-03-06 17:33:42.564 +05:30 [INF] Executing OkObjectResult, writing value of type 'System.Collections.Generic.List`1[[BubbleApp.Common.ViewModels.Reminder.ReminderDto, BubbleApp.Common, Version=1.0.0.0, Culture=neutral, PublicKeyToken=null]]'.
2026-03-06 17:33:42.566 +05:30 [INF] Executing OkObjectResult, writing value of type 'System.Collections.Generic.List`1[[BubbleApp.Common.ViewModels.Reminder.ReminderDto, BubbleApp.Common, Version=1.0.0.0, Culture=neutral, PublicKeyToken=null]]'.
2026-03-06 17:33:42.568 +05:30 [INF] Executing OkObjectResult, writing value of type 'System.Collections.Generic.List`1[[BubbleApp.Common.ViewModels.Reminder.ReminderDto, BubbleApp.Common, Version=1.0.0.0, Culture=neutral, PublicKeyToken=null]]'.
2026-03-06 17:33:42.568 +05:30 [INF] Executed action BubbleApp.Api.Controllers.RemindersController.Get (BubbleApp.Api) in 6.3855ms
2026-03-06 17:33:42.570 +05:30 [INF] Executed action BubbleApp.Api.Controllers.RemindersController.Get (BubbleApp.Api) in 5.8712ms
2026-03-06 17:33:42.572 +05:30 [INF] Executed action BubbleApp.Api.Controllers.RemindersController.Get (BubbleApp.Api) in 4.8887ms
2026-03-06 17:33:42.574 +05:30 [INF] Executed endpoint 'BubbleApp.Api.Controllers.RemindersController.Get (BubbleApp.Api)'
2026-03-06 17:33:42.575 +05:30 [INF] Executed endpoint 'BubbleApp.Api.Controllers.RemindersController.Get (BubbleApp.Api)'
2026-03-06 17:33:42.576 +05:30 [INF] Executed endpoint 'BubbleApp.Api.Controllers.RemindersController.Get (BubbleApp.Api)'
2026-03-06 17:33:42.577 +05:30 [INF] HTTP GET /api/reminders responded 200 in 31.9507 ms
2026-03-06 17:33:42.578 +05:30 [INF] HTTP GET /api/reminders responded 200 in 30.5045 ms
2026-03-06 17:33:42.579 +05:30 [INF] HTTP GET /api/reminders responded 200 in 28.9782 ms
2026-03-06 17:33:42.581 +05:30 [INF] Request finished HTTP/1.1 GET http://localhost:5013/api/reminders?workspace=sample&key=I3UPoNYawpezx-OhSr2hs0DppN8hwow7MpnppypPP-c&userId=4 - 200 null application/json; charset=utf-8 38.9935ms
2026-03-06 17:33:42.583 +05:30 [INF] Request finished HTTP/1.1 GET http://localhost:5013/api/reminders?workspace=sample&key=I3UPoNYawpezx-OhSr2hs0DppN8hwow7MpnppypPP-c&userId=4 - 200 null application/json; charset=utf-8 38.5121ms
2026-03-06 17:33:42.585 +05:30 [INF] Request finished HTTP/1.1 GET http://localhost:5013/api/reminders?workspace=sample&key=I3UPoNYawpezx-OhSr2hs0DppN8hwow7MpnppypPP-c&userId=28 - 200 null application/json; charset=utf-8 39.6864ms
2026-03-06 17:33:53.602 +05:30 [INF] Executing StatusCodeResult, setting HTTP status code 204
2026-03-06 17:33:53.602 +05:30 [INF] Executing StatusCodeResult, setting HTTP status code 204
2026-03-06 17:33:53.610 +05:30 [INF] Executed action BubbleApp.Api.Controllers.WidgetConfigController.Long (BubbleApp.Api) in 25023.2521ms
2026-03-06 17:33:53.616 +05:30 [INF] Executed action BubbleApp.Api.Controllers.WidgetConfigController.Long (BubbleApp.Api) in 25027.0448ms
2026-03-06 17:33:53.618 +05:30 [INF] Executed endpoint 'BubbleApp.Api.Controllers.WidgetConfigController.Long (BubbleApp.Api)'
2026-03-06 17:33:53.619 +05:30 [INF] Executed endpoint 'BubbleApp.Api.Controllers.WidgetConfigController.Long (BubbleApp.Api)'
2026-03-06 17:33:53.621 +05:30 [INF] HTTP GET /api/widget/config/long responded 204 in 25043.1673 ms
2026-03-06 17:33:53.622 +05:30 [INF] HTTP GET /api/widget/config/long responded 204 in 25041.8342 ms
2026-03-06 17:33:53.623 +05:30 [INF] Request finished HTTP/1.1 GET http://localhost:5013/api/widget/config/long?workspace=sample&key=I3UPoNYawpezx-OhSr2hs0DppN8hwow7MpnppypPP-c&since=0 - 204 null null 25051.0044ms
2026-03-06 17:33:53.625 +05:30 [INF] Request finished HTTP/1.1 GET http://localhost:5013/api/widget/config/long?workspace=sample&key=I3UPoNYawpezx-OhSr2hs0DppN8hwow7MpnppypPP-c&since=0 - 204 null null 25049.9359ms
2026-03-06 17:33:53.629 +05:30 [INF] Request starting HTTP/1.1 GET http://localhost:5013/api/widget/config/long?workspace=sample&key=I3UPoNYawpezx-OhSr2hs0DppN8hwow7MpnppypPP-c&since=0 - null null
2026-03-06 17:33:53.632 +05:30 [INF] Request starting HTTP/1.1 GET http://localhost:5013/api/widget/config/long?workspace=sample&key=I3UPoNYawpezx-OhSr2hs0DppN8hwow7MpnppypPP-c&since=0 - null null
2026-03-06 17:33:53.635 +05:30 [INF] CORS policy execution successful.
2026-03-06 17:33:53.637 +05:30 [INF] CORS policy execution successful.
2026-03-06 17:33:53.638 +05:30 [INF] Executing endpoint 'BubbleApp.Api.Controllers.WidgetConfigController.Long (BubbleApp.Api)'
2026-03-06 17:33:53.638 +05:30 [INF] Executing endpoint 'BubbleApp.Api.Controllers.WidgetConfigController.Long (BubbleApp.Api)'
2026-03-06 17:33:53.639 +05:30 [INF] Route matched with {action = "Long", controller = "WidgetConfig"}. Executing controller action with signature System.Threading.Tasks.Task`1[Microsoft.AspNetCore.Mvc.IActionResult] Long(System.String, Int64, System.Threading.CancellationToken) on controller BubbleApp.Api.Controllers.WidgetConfigController (BubbleApp.Api).
2026-03-06 17:33:53.640 +05:30 [INF] Route matched with {action = "Long", controller = "WidgetConfig"}. Executing controller action with signature System.Threading.Tasks.Task`1[Microsoft.AspNetCore.Mvc.IActionResult] Long(System.String, Int64, System.Threading.CancellationToken) on controller BubbleApp.Api.Controllers.WidgetConfigController (BubbleApp.Api).
2026-03-06 17:33:55.062 +05:30 [INF] Executing StatusCodeResult, setting HTTP status code 204
2026-03-06 17:33:55.063 +05:30 [INF] Executed action BubbleApp.Api.Controllers.WidgetConfigController.Long (BubbleApp.Api) in 25018.5273ms
2026-03-06 17:33:55.064 +05:30 [INF] Executed endpoint 'BubbleApp.Api.Controllers.WidgetConfigController.Long (BubbleApp.Api)'
2026-03-06 17:33:55.065 +05:30 [INF] HTTP GET /api/widget/config/long responded 204 in 25024.0036 ms
2026-03-06 17:33:55.066 +05:30 [INF] Request finished HTTP/1.1 GET http://localhost:5013/api/widget/config/long?workspace=sample&key=I3UPoNYawpezx-OhSr2hs0DppN8hwow7MpnppypPP-c&since=0 - 204 null null 25027.9733ms
2026-03-06 17:33:55.069 +05:30 [INF] Request starting HTTP/1.1 GET http://localhost:5013/api/widget/config/long?workspace=sample&key=I3UPoNYawpezx-OhSr2hs0DppN8hwow7MpnppypPP-c&since=0 - null null
2026-03-06 17:33:55.071 +05:30 [INF] CORS policy execution successful.
2026-03-06 17:33:55.072 +05:30 [INF] Executing endpoint 'BubbleApp.Api.Controllers.WidgetConfigController.Long (BubbleApp.Api)'
2026-03-06 17:33:55.073 +05:30 [INF] Route matched with {action = "Long", controller = "WidgetConfig"}. Executing controller action with signature System.Threading.Tasks.Task`1[Microsoft.AspNetCore.Mvc.IActionResult] Long(System.String, Int64, System.Threading.CancellationToken) on controller BubbleApp.Api.Controllers.WidgetConfigController (BubbleApp.Api).
2026-03-06 17:34:18.658 +05:30 [INF] Executing StatusCodeResult, setting HTTP status code 204
2026-03-06 17:34:18.658 +05:30 [INF] Executing StatusCodeResult, setting HTTP status code 204
2026-03-06 17:34:18.662 +05:30 [INF] Executed action BubbleApp.Api.Controllers.WidgetConfigController.Long (BubbleApp.Api) in 25019.8874ms
2026-03-06 17:34:18.664 +05:30 [INF] Executed endpoint 'BubbleApp.Api.Controllers.WidgetConfigController.Long (BubbleApp.Api)'
2026-03-06 17:34:18.663 +05:30 [INF] Executed action BubbleApp.Api.Controllers.WidgetConfigController.Long (BubbleApp.Api) in 25019.273ms
2026-03-06 17:34:18.665 +05:30 [INF] HTTP GET /api/widget/config/long responded 204 in 25030.8472 ms
2026-03-06 17:34:18.667 +05:30 [INF] Executed endpoint 'BubbleApp.Api.Controllers.WidgetConfigController.Long (BubbleApp.Api)'
2026-03-06 17:34:18.669 +05:30 [INF] Request finished HTTP/1.1 GET http://localhost:5013/api/widget/config/long?workspace=sample&key=I3UPoNYawpezx-OhSr2hs0DppN8hwow7MpnppypPP-c&since=0 - 204 null null 25039.7708ms
2026-03-06 17:34:18.670 +05:30 [INF] HTTP GET /api/widget/config/long responded 204 in 25032.8929 ms
2026-03-06 17:34:18.673 +05:30 [INF] Request starting HTTP/1.1 GET http://localhost:5013/api/widget/config/long?workspace=sample&key=I3UPoNYawpezx-OhSr2hs0DppN8hwow7MpnppypPP-c&since=0 - null null
2026-03-06 17:34:18.675 +05:30 [INF] Request finished HTTP/1.1 GET http://localhost:5013/api/widget/config/long?workspace=sample&key=I3UPoNYawpezx-OhSr2hs0DppN8hwow7MpnppypPP-c&since=0 - 204 null null 25042.7199ms
2026-03-06 17:34:18.678 +05:30 [INF] CORS policy execution successful.
2026-03-06 17:34:18.681 +05:30 [INF] Request starting HTTP/1.1 GET http://localhost:5013/api/widget/config/long?workspace=sample&key=I3UPoNYawpezx-OhSr2hs0DppN8hwow7MpnppypPP-c&since=0 - null null
2026-03-06 17:34:18.682 +05:30 [INF] Executing endpoint 'BubbleApp.Api.Controllers.WidgetConfigController.Long (BubbleApp.Api)'
2026-03-06 17:34:18.685 +05:30 [INF] CORS policy execution successful.
2026-03-06 17:34:18.687 +05:30 [INF] Route matched with {action = "Long", controller = "WidgetConfig"}. Executing controller action with signature System.Threading.Tasks.Task`1[Microsoft.AspNetCore.Mvc.IActionResult] Long(System.String, Int64, System.Threading.CancellationToken) on controller BubbleApp.Api.Controllers.WidgetConfigController (BubbleApp.Api).
2026-03-06 17:34:18.687 +05:30 [INF] Executing endpoint 'BubbleApp.Api.Controllers.WidgetConfigController.Long (BubbleApp.Api)'
2026-03-06 17:34:18.690 +05:30 [INF] Route matched with {action = "Long", controller = "WidgetConfig"}. Executing controller action with signature System.Threading.Tasks.Task`1[Microsoft.AspNetCore.Mvc.IActionResult] Long(System.String, Int64, System.Threading.CancellationToken) on controller BubbleApp.Api.Controllers.WidgetConfigController (BubbleApp.Api).
2026-03-06 17:34:20.082 +05:30 [INF] Executing StatusCodeResult, setting HTTP status code 204
2026-03-06 17:34:20.084 +05:30 [INF] Executed action BubbleApp.Api.Controllers.WidgetConfigController.Long (BubbleApp.Api) in 25009.6635ms
2026-03-06 17:34:20.086 +05:30 [INF] Executed endpoint 'BubbleApp.Api.Controllers.WidgetConfigController.Long (BubbleApp.Api)'
2026-03-06 17:34:20.087 +05:30 [INF] HTTP GET /api/widget/config/long responded 204 in 25015.8141 ms
2026-03-06 17:34:20.089 +05:30 [INF] Request finished HTTP/1.1 GET http://localhost:5013/api/widget/config/long?workspace=sample&key=I3UPoNYawpezx-OhSr2hs0DppN8hwow7MpnppypPP-c&since=0 - 204 null null 25019.7202ms
2026-03-06 17:34:20.093 +05:30 [INF] Request starting HTTP/1.1 GET http://localhost:5013/api/widget/config/long?workspace=sample&key=I3UPoNYawpezx-OhSr2hs0DppN8hwow7MpnppypPP-c&since=0 - null null
2026-03-06 17:34:20.096 +05:30 [INF] CORS policy execution successful.
2026-03-06 17:34:20.096 +05:30 [INF] Executing endpoint 'BubbleApp.Api.Controllers.WidgetConfigController.Long (BubbleApp.Api)'
2026-03-06 17:34:20.097 +05:30 [INF] Route matched with {action = "Long", controller = "WidgetConfig"}. Executing controller action with signature System.Threading.Tasks.Task`1[Microsoft.AspNetCore.Mvc.IActionResult] Long(System.String, Int64, System.Threading.CancellationToken) on controller BubbleApp.Api.Controllers.WidgetConfigController (BubbleApp.Api).
2026-03-06 17:34:42.545 +05:30 [INF] Request starting HTTP/1.1 GET http://localhost:5013/api/reminders?workspace=sample&key=I3UPoNYawpezx-OhSr2hs0DppN8hwow7MpnppypPP-c&userId=4 - null null
2026-03-06 17:34:42.548 +05:30 [INF] Request starting HTTP/1.1 GET http://localhost:5013/api/reminders?workspace=sample&key=I3UPoNYawpezx-OhSr2hs0DppN8hwow7MpnppypPP-c&userId=4 - null null
2026-03-06 17:34:42.549 +05:30 [INF] Request starting HTTP/1.1 GET http://localhost:5013/api/reminders?workspace=sample&key=I3UPoNYawpezx-OhSr2hs0DppN8hwow7MpnppypPP-c&userId=28 - null null
2026-03-06 17:34:42.549 +05:30 [INF] CORS policy execution successful.
2026-03-06 17:34:42.552 +05:30 [INF] CORS policy execution successful.
2026-03-06 17:34:42.554 +05:30 [INF] CORS policy execution successful.
2026-03-06 17:34:42.555 +05:30 [INF] Executing endpoint 'BubbleApp.Api.Controllers.RemindersController.Get (BubbleApp.Api)'
2026-03-06 17:34:42.556 +05:30 [INF] Executing endpoint 'BubbleApp.Api.Controllers.RemindersController.Get (BubbleApp.Api)'
2026-03-06 17:34:42.557 +05:30 [INF] Executing endpoint 'BubbleApp.Api.Controllers.RemindersController.Get (BubbleApp.Api)'
2026-03-06 17:34:42.559 +05:30 [INF] Route matched with {action = "Get", controller = "Reminders"}. Executing controller action with signature System.Threading.Tasks.Task`1[Microsoft.AspNetCore.Mvc.IActionResult] Get(System.String, System.String, System.Threading.CancellationToken) on controller BubbleApp.Api.Controllers.RemindersController (BubbleApp.Api).
2026-03-06 17:34:42.561 +05:30 [INF] Route matched with {action = "Get", controller = "Reminders"}. Executing controller action with signature System.Threading.Tasks.Task`1[Microsoft.AspNetCore.Mvc.IActionResult] Get(System.String, System.String, System.Threading.CancellationToken) on controller BubbleApp.Api.Controllers.RemindersController (BubbleApp.Api).
2026-03-06 17:34:42.562 +05:30 [INF] Route matched with {action = "Get", controller = "Reminders"}. Executing controller action with signature System.Threading.Tasks.Task`1[Microsoft.AspNetCore.Mvc.IActionResult] Get(System.String, System.String, System.Threading.CancellationToken) on controller BubbleApp.Api.Controllers.RemindersController (BubbleApp.Api).
2026-03-06 17:34:42.567 +05:30 [INF] Executing OkObjectResult, writing value of type 'System.Collections.Generic.List`1[[BubbleApp.Common.ViewModels.Reminder.ReminderDto, BubbleApp.Common, Version=1.0.0.0, Culture=neutral, PublicKeyToken=null]]'.
2026-03-06 17:34:42.571 +05:30 [INF] Executing OkObjectResult, writing value of type 'System.Collections.Generic.List`1[[BubbleApp.Common.ViewModels.Reminder.ReminderDto, BubbleApp.Common, Version=1.0.0.0, Culture=neutral, PublicKeyToken=null]]'.
2026-03-06 17:34:42.573 +05:30 [INF] Executed action BubbleApp.Api.Controllers.RemindersController.Get (BubbleApp.Api) in 8.8024ms
2026-03-06 17:34:42.574 +05:30 [INF] Executing OkObjectResult, writing value of type 'System.Collections.Generic.List`1[[BubbleApp.Common.ViewModels.Reminder.ReminderDto, BubbleApp.Common, Version=1.0.0.0, Culture=neutral, PublicKeyToken=null]]'.
2026-03-06 17:34:42.576 +05:30 [INF] Executed action BubbleApp.Api.Controllers.RemindersController.Get (BubbleApp.Api) in 7.8404ms
2026-03-06 17:34:42.577 +05:30 [INF] Executed endpoint 'BubbleApp.Api.Controllers.RemindersController.Get (BubbleApp.Api)'
2026-03-06 17:34:42.579 +05:30 [INF] Executed action BubbleApp.Api.Controllers.RemindersController.Get (BubbleApp.Api) in 7.9696ms
2026-03-06 17:34:42.581 +05:30 [INF] Executed endpoint 'BubbleApp.Api.Controllers.RemindersController.Get (BubbleApp.Api)'
2026-03-06 17:34:42.582 +05:30 [INF] HTTP GET /api/reminders responded 200 in 33.3301 ms
2026-03-06 17:34:42.584 +05:30 [INF] Executed endpoint 'BubbleApp.Api.Controllers.RemindersController.Get (BubbleApp.Api)'
2026-03-06 17:34:42.585 +05:30 [INF] HTTP GET /api/reminders responded 200 in 33.6184 ms
2026-03-06 17:34:42.588 +05:30 [INF] Request finished HTTP/1.1 GET http://localhost:5013/api/reminders?workspace=sample&key=I3UPoNYawpezx-OhSr2hs0DppN8hwow7MpnppypPP-c&userId=4 - 200 null application/json; charset=utf-8 43.1306ms
2026-03-06 17:34:42.590 +05:30 [INF] HTTP GET /api/reminders responded 200 in 35.5261 ms
2026-03-06 17:34:42.593 +05:30 [INF] Request finished HTTP/1.1 GET http://localhost:5013/api/reminders?workspace=sample&key=I3UPoNYawpezx-OhSr2hs0DppN8hwow7MpnppypPP-c&userId=4 - 200 null application/json; charset=utf-8 45.2704ms
2026-03-06 17:34:42.598 +05:30 [INF] Request finished HTTP/1.1 GET http://localhost:5013/api/reminders?workspace=sample&key=I3UPoNYawpezx-OhSr2hs0DppN8hwow7MpnppypPP-c&userId=28 - 200 null application/json; charset=utf-8 49.4025ms
2026-03-06 17:34:43.706 +05:30 [INF] Executing StatusCodeResult, setting HTTP status code 204
2026-03-06 17:34:43.706 +05:30 [INF] Executing StatusCodeResult, setting HTTP status code 204
2026-03-06 17:34:43.708 +05:30 [INF] Executed action BubbleApp.Api.Controllers.WidgetConfigController.Long (BubbleApp.Api) in 25018.4395ms
2026-03-06 17:34:43.709 +05:30 [INF] Executed action BubbleApp.Api.Controllers.WidgetConfigController.Long (BubbleApp.Api) in 25016.755ms
2026-03-06 17:34:43.711 +05:30 [INF] Executed endpoint 'BubbleApp.Api.Controllers.WidgetConfigController.Long (BubbleApp.Api)'
2026-03-06 17:34:43.713 +05:30 [INF] Executed endpoint 'BubbleApp.Api.Controllers.WidgetConfigController.Long (BubbleApp.Api)'
2026-03-06 17:34:43.714 +05:30 [INF] HTTP GET /api/widget/config/long responded 204 in 25036.0715 ms
2026-03-06 17:34:43.715 +05:30 [INF] HTTP GET /api/widget/config/long responded 204 in 25029.6867 ms
2026-03-06 17:34:43.717 +05:30 [INF] Request finished HTTP/1.1 GET http://localhost:5013/api/widget/config/long?workspace=sample&key=I3UPoNYawpezx-OhSr2hs0DppN8hwow7MpnppypPP-c&since=0 - 204 null null 25043.2422ms
2026-03-06 17:34:43.718 +05:30 [INF] Request finished HTTP/1.1 GET http://localhost:5013/api/widget/config/long?workspace=sample&key=I3UPoNYawpezx-OhSr2hs0DppN8hwow7MpnppypPP-c&since=0 - 204 null null 25037.0254ms
2026-03-06 17:34:43.721 +05:30 [INF] Request starting HTTP/1.1 GET http://localhost:5013/api/widget/config/long?workspace=sample&key=I3UPoNYawpezx-OhSr2hs0DppN8hwow7MpnppypPP-c&since=0 - null null
2026-03-06 17:34:43.724 +05:30 [INF] Request starting HTTP/1.1 GET http://localhost:5013/api/widget/config/long?workspace=sample&key=I3UPoNYawpezx-OhSr2hs0DppN8hwow7MpnppypPP-c&since=0 - null null
2026-03-06 17:34:43.726 +05:30 [INF] CORS policy execution successful.
2026-03-06 17:34:43.728 +05:30 [INF] CORS policy execution successful.
2026-03-06 17:34:43.729 +05:30 [INF] Executing endpoint 'BubbleApp.Api.Controllers.WidgetConfigController.Long (BubbleApp.Api)'
2026-03-06 17:34:43.729 +05:30 [INF] Executing endpoint 'BubbleApp.Api.Controllers.WidgetConfigController.Long (BubbleApp.Api)'
2026-03-06 17:34:43.730 +05:30 [INF] Route matched with {action = "Long", controller = "WidgetConfig"}. Executing controller action with signature System.Threading.Tasks.Task`1[Microsoft.AspNetCore.Mvc.IActionResult] Long(System.String, Int64, System.Threading.CancellationToken) on controller BubbleApp.Api.Controllers.WidgetConfigController (BubbleApp.Api).
2026-03-06 17:34:43.731 +05:30 [INF] Route matched with {action = "Long", controller = "WidgetConfig"}. Executing controller action with signature System.Threading.Tasks.Task`1[Microsoft.AspNetCore.Mvc.IActionResult] Long(System.String, Int64, System.Threading.CancellationToken) on controller BubbleApp.Api.Controllers.WidgetConfigController (BubbleApp.Api).
2026-03-06 17:34:45.112 +05:30 [INF] Executing StatusCodeResult, setting HTTP status code 204
2026-03-06 17:34:45.114 +05:30 [INF] Executed action BubbleApp.Api.Controllers.WidgetConfigController.Long (BubbleApp.Api) in 25014.9917ms
2026-03-06 17:34:45.115 +05:30 [INF] Executed endpoint 'BubbleApp.Api.Controllers.WidgetConfigController.Long (BubbleApp.Api)'
2026-03-06 17:34:45.117 +05:30 [INF] HTTP GET /api/widget/config/long responded 204 in 25021.2064 ms
2026-03-06 17:34:45.119 +05:30 [INF] Request finished HTTP/1.1 GET http://localhost:5013/api/widget/config/long?workspace=sample&key=I3UPoNYawpezx-OhSr2hs0DppN8hwow7MpnppypPP-c&since=0 - 204 null null 25025.3174ms
2026-03-06 17:34:45.123 +05:30 [INF] Request starting HTTP/1.1 GET http://localhost:5013/api/widget/config/long?workspace=sample&key=I3UPoNYawpezx-OhSr2hs0DppN8hwow7MpnppypPP-c&since=0 - null null
2026-03-06 17:34:45.125 +05:30 [INF] CORS policy execution successful.
2026-03-06 17:34:45.126 +05:30 [INF] Executing endpoint 'BubbleApp.Api.Controllers.WidgetConfigController.Long (BubbleApp.Api)'
2026-03-06 17:34:45.127 +05:30 [INF] Route matched with {action = "Long", controller = "WidgetConfig"}. Executing controller action with signature System.Threading.Tasks.Task`1[Microsoft.AspNetCore.Mvc.IActionResult] Long(System.String, Int64, System.Threading.CancellationToken) on controller BubbleApp.Api.Controllers.WidgetConfigController (BubbleApp.Api).
2026-03-06 17:35:08.744 +05:30 [INF] Executing StatusCodeResult, setting HTTP status code 204
2026-03-06 17:35:08.744 +05:30 [INF] Executing StatusCodeResult, setting HTTP status code 204
2026-03-06 17:35:08.746 +05:30 [INF] Executed action BubbleApp.Api.Controllers.WidgetConfigController.Long (BubbleApp.Api) in 25013.703ms
2026-03-06 17:35:08.748 +05:30 [INF] Executed action BubbleApp.Api.Controllers.WidgetConfigController.Long (BubbleApp.Api) in 25013.6972ms
2026-03-06 17:35:08.749 +05:30 [INF] Executed endpoint 'BubbleApp.Api.Controllers.WidgetConfigController.Long (BubbleApp.Api)'
2026-03-06 17:35:08.751 +05:30 [INF] Executed endpoint 'BubbleApp.Api.Controllers.WidgetConfigController.Long (BubbleApp.Api)'
2026-03-06 17:35:08.752 +05:30 [INF] HTTP GET /api/widget/config/long responded 204 in 25025.6633 ms
2026-03-06 17:35:08.753 +05:30 [INF] HTTP GET /api/widget/config/long responded 204 in 25024.5197 ms
2026-03-06 17:35:08.755 +05:30 [INF] Request finished HTTP/1.1 GET http://localhost:5013/api/widget/config/long?workspace=sample&key=I3UPoNYawpezx-OhSr2hs0DppN8hwow7MpnppypPP-c&since=0 - 204 null null 25033.0595ms
2026-03-06 17:35:08.756 +05:30 [INF] Request finished HTTP/1.1 GET http://localhost:5013/api/widget/config/long?workspace=sample&key=I3UPoNYawpezx-OhSr2hs0DppN8hwow7MpnppypPP-c&since=0 - 204 null null 25031.7939ms
2026-03-06 17:35:08.761 +05:30 [INF] Request starting HTTP/1.1 GET http://localhost:5013/api/widget/config/long?workspace=sample&key=I3UPoNYawpezx-OhSr2hs0DppN8hwow7MpnppypPP-c&since=0 - null null
2026-03-06 17:35:08.765 +05:30 [INF] Request starting HTTP/1.1 GET http://localhost:5013/api/widget/config/long?workspace=sample&key=I3UPoNYawpezx-OhSr2hs0DppN8hwow7MpnppypPP-c&since=0 - null null
2026-03-06 17:35:08.768 +05:30 [INF] CORS policy execution successful.
2026-03-06 17:35:08.770 +05:30 [INF] CORS policy execution successful.
2026-03-06 17:35:08.771 +05:30 [INF] Executing endpoint 'BubbleApp.Api.Controllers.WidgetConfigController.Long (BubbleApp.Api)'
2026-03-06 17:35:08.772 +05:30 [INF] Executing endpoint 'BubbleApp.Api.Controllers.WidgetConfigController.Long (BubbleApp.Api)'
2026-03-06 17:35:08.773 +05:30 [INF] Route matched with {action = "Long", controller = "WidgetConfig"}. Executing controller action with signature System.Threading.Tasks.Task`1[Microsoft.AspNetCore.Mvc.IActionResult] Long(System.String, Int64, System.Threading.CancellationToken) on controller BubbleApp.Api.Controllers.WidgetConfigController (BubbleApp.Api).
2026-03-06 17:35:08.774 +05:30 [INF] Route matched with {action = "Long", controller = "WidgetConfig"}. Executing controller action with signature System.Threading.Tasks.Task`1[Microsoft.AspNetCore.Mvc.IActionResult] Long(System.String, Int64, System.Threading.CancellationToken) on controller BubbleApp.Api.Controllers.WidgetConfigController (BubbleApp.Api).
2026-03-06 17:35:10.148 +05:30 [INF] Executing StatusCodeResult, setting HTTP status code 204
2026-03-06 17:35:10.151 +05:30 [INF] Executed action BubbleApp.Api.Controllers.WidgetConfigController.Long (BubbleApp.Api) in 25020.8407ms
2026-03-06 17:35:10.152 +05:30 [INF] Executed endpoint 'BubbleApp.Api.Controllers.WidgetConfigController.Long (BubbleApp.Api)'
2026-03-06 17:35:10.153 +05:30 [INF] HTTP GET /api/widget/config/long responded 204 in 25027.8334 ms
2026-03-06 17:35:10.156 +05:30 [INF] Request finished HTTP/1.1 GET http://localhost:5013/api/widget/config/long?workspace=sample&key=I3UPoNYawpezx-OhSr2hs0DppN8hwow7MpnppypPP-c&since=0 - 204 null null 25032.7825ms
2026-03-06 17:35:10.160 +05:30 [INF] Request starting HTTP/1.1 GET http://localhost:5013/api/widget/config/long?workspace=sample&key=I3UPoNYawpezx-OhSr2hs0DppN8hwow7MpnppypPP-c&since=0 - null null
2026-03-06 17:35:10.163 +05:30 [INF] CORS policy execution successful.
2026-03-06 17:35:10.164 +05:30 [INF] Executing endpoint 'BubbleApp.Api.Controllers.WidgetConfigController.Long (BubbleApp.Api)'
2026-03-06 17:35:10.165 +05:30 [INF] Route matched with {action = "Long", controller = "WidgetConfig"}. Executing controller action with signature System.Threading.Tasks.Task`1[Microsoft.AspNetCore.Mvc.IActionResult] Long(System.String, Int64, System.Threading.CancellationToken) on controller BubbleApp.Api.Controllers.WidgetConfigController (BubbleApp.Api).
2026-03-06 17:35:33.787 +05:30 [INF] Executing StatusCodeResult, setting HTTP status code 204
2026-03-06 17:35:33.787 +05:30 [INF] Executing StatusCodeResult, setting HTTP status code 204
2026-03-06 17:35:33.790 +05:30 [INF] Executed action BubbleApp.Api.Controllers.WidgetConfigController.Long (BubbleApp.Api) in 25014.2641ms
2026-03-06 17:35:33.791 +05:30 [INF] Executed endpoint 'BubbleApp.Api.Controllers.WidgetConfigController.Long (BubbleApp.Api)'
2026-03-06 17:35:33.789 +05:30 [INF] Executed action BubbleApp.Api.Controllers.WidgetConfigController.Long (BubbleApp.Api) in 25011.327ms
2026-03-06 17:35:33.792 +05:30 [INF] HTTP GET /api/widget/config/long responded 204 in 25024.1765 ms
2026-03-06 17:35:33.794 +05:30 [INF] Executed endpoint 'BubbleApp.Api.Controllers.WidgetConfigController.Long (BubbleApp.Api)'
2026-03-06 17:35:33.796 +05:30 [INF] Request finished HTTP/1.1 GET http://localhost:5013/api/widget/config/long?workspace=sample&key=I3UPoNYawpezx-OhSr2hs0DppN8hwow7MpnppypPP-c&since=0 - 204 null null 25034.3767ms
2026-03-06 17:35:33.796 +05:30 [INF] HTTP GET /api/widget/config/long responded 204 in 25026.3034 ms
2026-03-06 17:35:33.800 +05:30 [INF] Request starting HTTP/1.1 GET http://localhost:5013/api/widget/config/long?workspace=sample&key=I3UPoNYawpezx-OhSr2hs0DppN8hwow7MpnppypPP-c&since=0 - null null
2026-03-06 17:35:33.802 +05:30 [INF] Request finished HTTP/1.1 GET http://localhost:5013/api/widget/config/long?workspace=sample&key=I3UPoNYawpezx-OhSr2hs0DppN8hwow7MpnppypPP-c&since=0 - 204 null null 25036.7524ms
2026-03-06 17:35:33.806 +05:30 [INF] CORS policy execution successful.
2026-03-06 17:35:33.809 +05:30 [INF] Request starting HTTP/1.1 GET http://localhost:5013/api/widget/config/long?workspace=sample&key=I3UPoNYawpezx-OhSr2hs0DppN8hwow7MpnppypPP-c&since=0 - null null
2026-03-06 17:35:33.810 +05:30 [INF] Executing endpoint 'BubbleApp.Api.Controllers.WidgetConfigController.Long (BubbleApp.Api)'
2026-03-06 17:35:33.812 +05:30 [INF] CORS policy execution successful.
2026-03-06 17:35:33.813 +05:30 [INF] Route matched with {action = "Long", controller = "WidgetConfig"}. Executing controller action with signature System.Threading.Tasks.Task`1[Microsoft.AspNetCore.Mvc.IActionResult] Long(System.String, Int64, System.Threading.CancellationToken) on controller BubbleApp.Api.Controllers.WidgetConfigController (BubbleApp.Api).
2026-03-06 17:35:33.814 +05:30 [INF] Executing endpoint 'BubbleApp.Api.Controllers.WidgetConfigController.Long (BubbleApp.Api)'
2026-03-06 17:35:33.818 +05:30 [INF] Route matched with {action = "Long", controller = "WidgetConfig"}. Executing controller action with signature System.Threading.Tasks.Task`1[Microsoft.AspNetCore.Mvc.IActionResult] Long(System.String, Int64, System.Threading.CancellationToken) on controller BubbleApp.Api.Controllers.WidgetConfigController (BubbleApp.Api).
2026-03-06 17:35:35.178 +05:30 [INF] Executing StatusCodeResult, setting HTTP status code 204
2026-03-06 17:35:35.179 +05:30 [INF] Executed action BubbleApp.Api.Controllers.WidgetConfigController.Long (BubbleApp.Api) in 25012.6423ms
2026-03-06 17:35:35.180 +05:30 [INF] Executed endpoint 'BubbleApp.Api.Controllers.WidgetConfigController.Long (BubbleApp.Api)'
2026-03-06 17:35:35.182 +05:30 [INF] HTTP GET /api/widget/config/long responded 204 in 25018.9365 ms
2026-03-06 17:35:35.184 +05:30 [INF] Request finished HTTP/1.1 GET http://localhost:5013/api/widget/config/long?workspace=sample&key=I3UPoNYawpezx-OhSr2hs0DppN8hwow7MpnppypPP-c&since=0 - 204 null null 25023.8294ms
2026-03-06 17:35:35.187 +05:30 [INF] Request starting HTTP/1.1 GET http://localhost:5013/api/widget/config/long?workspace=sample&key=I3UPoNYawpezx-OhSr2hs0DppN8hwow7MpnppypPP-c&since=0 - null null
2026-03-06 17:35:35.192 +05:30 [INF] Executing endpoint 'BubbleApp.Api.Controllers.WidgetConfigController.Long (BubbleApp.Api)'
2026-03-06 17:35:35.193 +05:30 [INF] Route matched with {action = "Long", controller = "WidgetConfig"}. Executing controller action with signature System.Threading.Tasks.Task`1[Microsoft.AspNetCore.Mvc.IActionResult] Long(System.String, Int64, System.Threading.CancellationToken) on controller BubbleApp.Api.Controllers.WidgetConfigController (BubbleApp.Api).
2026-03-06 17:35:42.535 +05:30 [INF] Request starting HTTP/1.1 GET http://localhost:5013/api/reminders?workspace=sample&key=I3UPoNYawpezx-OhSr2hs0DppN8hwow7MpnppypPP-c&userId=4 - null null
2026-03-06 17:35:42.535 +05:30 [INF] Request starting HTTP/1.1 GET http://localhost:5013/api/reminders?workspace=sample&key=I3UPoNYawpezx-OhSr2hs0DppN8hwow7MpnppypPP-c&userId=28 - null null
2026-03-06 17:35:42.537 +05:30 [INF] Request starting HTTP/1.1 GET http://localhost:5013/api/reminders?workspace=sample&key=I3UPoNYawpezx-OhSr2hs0DppN8hwow7MpnppypPP-c&userId=4 - null null
2026-03-06 17:35:42.538 +05:30 [INF] CORS policy execution successful.
2026-03-06 17:35:42.541 +05:30 [INF] CORS policy execution successful.
2026-03-06 17:35:42.543 +05:30 [INF] CORS policy execution successful.
2026-03-06 17:35:42.544 +05:30 [INF] Executing endpoint 'BubbleApp.Api.Controllers.RemindersController.Get (BubbleApp.Api)'
2026-03-06 17:35:42.545 +05:30 [INF] Executing endpoint 'BubbleApp.Api.Controllers.RemindersController.Get (BubbleApp.Api)'
2026-03-06 17:35:42.546 +05:30 [INF] Executing endpoint 'BubbleApp.Api.Controllers.RemindersController.Get (BubbleApp.Api)'
2026-03-06 17:35:42.547 +05:30 [INF] Route matched with {action = "Get", controller = "Reminders"}. Executing controller action with signature System.Threading.Tasks.Task`1[Microsoft.AspNetCore.Mvc.IActionResult] Get(System.String, System.String, System.Threading.CancellationToken) on controller BubbleApp.Api.Controllers.RemindersController (BubbleApp.Api).
2026-03-06 17:35:42.547 +05:30 [INF] Route matched with {action = "Get", controller = "Reminders"}. Executing controller action with signature System.Threading.Tasks.Task`1[Microsoft.AspNetCore.Mvc.IActionResult] Get(System.String, System.String, System.Threading.CancellationToken) on controller BubbleApp.Api.Controllers.RemindersController (BubbleApp.Api).
2026-03-06 17:35:42.549 +05:30 [INF] Route matched with {action = "Get", controller = "Reminders"}. Executing controller action with signature System.Threading.Tasks.Task`1[Microsoft.AspNetCore.Mvc.IActionResult] Get(System.String, System.String, System.Threading.CancellationToken) on controller BubbleApp.Api.Controllers.RemindersController (BubbleApp.Api).
2026-03-06 17:35:42.553 +05:30 [INF] Executing OkObjectResult, writing value of type 'System.Collections.Generic.List`1[[BubbleApp.Common.ViewModels.Reminder.ReminderDto, BubbleApp.Common, Version=1.0.0.0, Culture=neutral, PublicKeyToken=null]]'.
2026-03-06 17:35:42.554 +05:30 [INF] Executing OkObjectResult, writing value of type 'System.Collections.Generic.List`1[[BubbleApp.Common.ViewModels.Reminder.ReminderDto, BubbleApp.Common, Version=1.0.0.0, Culture=neutral, PublicKeyToken=null]]'.
2026-03-06 17:35:42.556 +05:30 [INF] Executed action BubbleApp.Api.Controllers.RemindersController.Get (BubbleApp.Api) in 4.798ms
2026-03-06 17:35:42.556 +05:30 [INF] Executing OkObjectResult, writing value of type 'System.Collections.Generic.List`1[[BubbleApp.Common.ViewModels.Reminder.ReminderDto, BubbleApp.Common, Version=1.0.0.0, Culture=neutral, PublicKeyToken=null]]'.
2026-03-06 17:35:42.557 +05:30 [INF] Executed action BubbleApp.Api.Controllers.RemindersController.Get (BubbleApp.Api) in 4.4199ms
2026-03-06 17:35:42.558 +05:30 [INF] Executed endpoint 'BubbleApp.Api.Controllers.RemindersController.Get (BubbleApp.Api)'
2026-03-06 17:35:42.560 +05:30 [INF] Executed action BubbleApp.Api.Controllers.RemindersController.Get (BubbleApp.Api) in 5.1145ms
2026-03-06 17:35:42.561 +05:30 [INF] Executed endpoint 'BubbleApp.Api.Controllers.RemindersController.Get (BubbleApp.Api)'
2026-03-06 17:35:42.562 +05:30 [INF] HTTP GET /api/reminders responded 200 in 23.3977 ms
2026-03-06 17:35:42.563 +05:30 [INF] Executed endpoint 'BubbleApp.Api.Controllers.RemindersController.Get (BubbleApp.Api)'
2026-03-06 17:35:42.564 +05:30 [INF] HTTP GET /api/reminders responded 200 in 23.0053 ms
2026-03-06 17:35:42.565 +05:30 [INF] Request finished HTTP/1.1 GET http://localhost:5013/api/reminders?workspace=sample&key=I3UPoNYawpezx-OhSr2hs0DppN8hwow7MpnppypPP-c&userId=4 - 200 null application/json; charset=utf-8 30.6239ms
2026-03-06 17:35:42.567 +05:30 [INF] HTTP GET /api/reminders responded 200 in 23.2430 ms
2026-03-06 17:35:42.568 +05:30 [INF] Request finished HTTP/1.1 GET http://localhost:5013/api/reminders?workspace=sample&key=I3UPoNYawpezx-OhSr2hs0DppN8hwow7MpnppypPP-c&userId=28 - 200 null application/json; charset=utf-8 33.3214ms
2026-03-06 17:35:42.572 +05:30 [INF] Request finished HTTP/1.1 GET http://localhost:5013/api/reminders?workspace=sample&key=I3UPoNYawpezx-OhSr2hs0DppN8hwow7MpnppypPP-c&userId=4 - 200 null application/json; charset=utf-8 35.6263ms
2026-03-06 17:35:55.197 +05:30 [INF] Request starting HTTP/1.1 GET http://localhost:5013/api/widget/config/long?workspace=sample&key=I3UPoNYawpezx-OhSr2hs0DppN8hwow7MpnppypPP-c&since=0 - null null
2026-03-06 17:35:55.200 +05:30 [INF] CORS policy execution successful.
2026-03-06 17:35:55.201 +05:30 [INF] Executing endpoint 'BubbleApp.Api.Controllers.WidgetConfigController.Long (BubbleApp.Api)'
2026-03-06 17:35:55.202 +05:30 [INF] Route matched with {action = "Long", controller = "WidgetConfig"}. Executing controller action with signature System.Threading.Tasks.Task`1[Microsoft.AspNetCore.Mvc.IActionResult] Long(System.String, Int64, System.Threading.CancellationToken) on controller BubbleApp.Api.Controllers.WidgetConfigController (BubbleApp.Api).
2026-03-06 17:35:58.821 +05:30 [INF] Executing StatusCodeResult, setting HTTP status code 204
2026-03-06 17:35:58.821 +05:30 [INF] Executing StatusCodeResult, setting HTTP status code 204
2026-03-06 17:35:58.822 +05:30 [INF] Executed action BubbleApp.Api.Controllers.WidgetConfigController.Long (BubbleApp.Api) in 25002.5648ms
2026-03-06 17:35:58.824 +05:30 [INF] Executed action BubbleApp.Api.Controllers.WidgetConfigController.Long (BubbleApp.Api) in 25007.0148ms
2026-03-06 17:35:58.825 +05:30 [INF] Executed endpoint 'BubbleApp.Api.Controllers.WidgetConfigController.Long (BubbleApp.Api)'
2026-03-06 17:35:58.826 +05:30 [INF] Executed endpoint 'BubbleApp.Api.Controllers.WidgetConfigController.Long (BubbleApp.Api)'
2026-03-06 17:35:58.828 +05:30 [INF] HTTP GET /api/widget/config/long responded 204 in 25016.1084 ms
2026-03-06 17:35:58.830 +05:30 [INF] HTTP GET /api/widget/config/long responded 204 in 25024.0055 ms
2026-03-06 17:35:58.832 +05:30 [INF] Request finished HTTP/1.1 GET http://localhost:5013/api/widget/config/long?workspace=sample&key=I3UPoNYawpezx-OhSr2hs0DppN8hwow7MpnppypPP-c&since=0 - 204 null null 25022.779ms
2026-03-06 17:35:58.833 +05:30 [INF] Request finished HTTP/1.1 GET http://localhost:5013/api/widget/config/long?workspace=sample&key=I3UPoNYawpezx-OhSr2hs0DppN8hwow7MpnppypPP-c&since=0 - 204 null null 25033.099ms
2026-03-06 17:35:58.837 +05:30 [INF] Request starting HTTP/1.1 GET http://localhost:5013/api/widget/config/long?workspace=sample&key=I3UPoNYawpezx-OhSr2hs0DppN8hwow7MpnppypPP-c&since=0 - null null
2026-03-06 17:35:58.840 +05:30 [INF] Request starting HTTP/1.1 GET http://localhost:5013/api/widget/config/long?workspace=sample&key=I3UPoNYawpezx-OhSr2hs0DppN8hwow7MpnppypPP-c&since=0 - null null
2026-03-06 17:35:58.843 +05:30 [INF] CORS policy execution successful.
2026-03-06 17:35:58.844 +05:30 [INF] CORS policy execution successful.
2026-03-06 17:35:58.845 +05:30 [INF] Executing endpoint 'BubbleApp.Api.Controllers.WidgetConfigController.Long (BubbleApp.Api)'
2026-03-06 17:35:58.846 +05:30 [INF] Executing endpoint 'BubbleApp.Api.Controllers.WidgetConfigController.Long (BubbleApp.Api)'
2026-03-06 17:35:58.847 +05:30 [INF] Route matched with {action = "Long", controller = "WidgetConfig"}. Executing controller action with signature System.Threading.Tasks.Task`1[Microsoft.AspNetCore.Mvc.IActionResult] Long(System.String, Int64, System.Threading.CancellationToken) on controller BubbleApp.Api.Controllers.WidgetConfigController (BubbleApp.Api).
2026-03-06 17:35:58.847 +05:30 [INF] Route matched with {action = "Long", controller = "WidgetConfig"}. Executing controller action with signature System.Threading.Tasks.Task`1[Microsoft.AspNetCore.Mvc.IActionResult] Long(System.String, Int64, System.Threading.CancellationToken) on controller BubbleApp.Api.Controllers.WidgetConfigController (BubbleApp.Api).
2026-03-06 17:36:00.199 +05:30 [INF] Executing StatusCodeResult, setting HTTP status code 204
2026-03-06 17:36:00.201 +05:30 [INF] Executed action BubbleApp.Api.Controllers.WidgetConfigController.Long (BubbleApp.Api) in 25004.9153ms
2026-03-06 17:36:00.202 +05:30 [INF] Executed endpoint 'BubbleApp.Api.Controllers.WidgetConfigController.Long (BubbleApp.Api)'
2026-03-06 17:36:00.203 +05:30 [INF] HTTP GET /api/widget/config/long responded 204 in 25011.0794 ms
2026-03-06 17:36:00.204 +05:30 [INF] Request finished HTTP/1.1 GET http://localhost:5013/api/widget/config/long?workspace=sample&key=I3UPoNYawpezx-OhSr2hs0DppN8hwow7MpnppypPP-c&since=0 - 204 null null 25017.3013ms
2026-03-06 17:36:20.213 +05:30 [INF] Executing StatusCodeResult, setting HTTP status code 204
2026-03-06 17:36:20.214 +05:30 [INF] Executed action BubbleApp.Api.Controllers.WidgetConfigController.Long (BubbleApp.Api) in 25009.7963ms
2026-03-06 17:36:20.215 +05:30 [INF] Executed endpoint 'BubbleApp.Api.Controllers.WidgetConfigController.Long (BubbleApp.Api)'
2026-03-06 17:36:20.216 +05:30 [INF] HTTP GET /api/widget/config/long responded 204 in 25015.8652 ms
2026-03-06 17:36:20.217 +05:30 [INF] Request finished HTTP/1.1 GET http://localhost:5013/api/widget/config/long?workspace=sample&key=I3UPoNYawpezx-OhSr2hs0DppN8hwow7MpnppypPP-c&since=0 - 204 null null 25020.3861ms
2026-03-06 17:36:20.221 +05:30 [INF] Request starting HTTP/1.1 GET http://localhost:5013/api/widget/config/long?workspace=sample&key=I3UPoNYawpezx-OhSr2hs0DppN8hwow7MpnppypPP-c&since=0 - null null
2026-03-06 17:36:20.223 +05:30 [INF] CORS policy execution successful.
2026-03-06 17:36:20.223 +05:30 [INF] Executing endpoint 'BubbleApp.Api.Controllers.WidgetConfigController.Long (BubbleApp.Api)'
2026-03-06 17:36:20.224 +05:30 [INF] Route matched with {action = "Long", controller = "WidgetConfig"}. Executing controller action with signature System.Threading.Tasks.Task`1[Microsoft.AspNetCore.Mvc.IActionResult] Long(System.String, Int64, System.Threading.CancellationToken) on controller BubbleApp.Api.Controllers.WidgetConfigController (BubbleApp.Api).
2026-03-06 17:36:23.866 +05:30 [INF] Executing StatusCodeResult, setting HTTP status code 204
2026-03-06 17:36:23.866 +05:30 [INF] Executing StatusCodeResult, setting HTTP status code 204
2026-03-06 17:36:23.870 +05:30 [INF] Executed action BubbleApp.Api.Controllers.WidgetConfigController.Long (BubbleApp.Api) in 25021.0969ms
2026-03-06 17:36:23.872 +05:30 [INF] Executed action BubbleApp.Api.Controllers.WidgetConfigController.Long (BubbleApp.Api) in 25020.8628ms
2026-03-06 17:36:23.873 +05:30 [INF] Executed endpoint 'BubbleApp.Api.Controllers.WidgetConfigController.Long (BubbleApp.Api)'
2026-03-06 17:36:23.875 +05:30 [INF] Executed endpoint 'BubbleApp.Api.Controllers.WidgetConfigController.Long (BubbleApp.Api)'
2026-03-06 17:36:23.876 +05:30 [INF] HTTP GET /api/widget/config/long responded 204 in 25033.0219 ms
2026-03-06 17:36:23.877 +05:30 [INF] HTTP GET /api/widget/config/long responded 204 in 25032.1108 ms
2026-03-06 17:36:23.879 +05:30 [INF] Request finished HTTP/1.1 GET http://localhost:5013/api/widget/config/long?workspace=sample&key=I3UPoNYawpezx-OhSr2hs0DppN8hwow7MpnppypPP-c&since=0 - 204 null null 25041.9402ms
2026-03-06 17:36:23.881 +05:30 [INF] Request finished HTTP/1.1 GET http://localhost:5013/api/widget/config/long?workspace=sample&key=I3UPoNYawpezx-OhSr2hs0DppN8hwow7MpnppypPP-c&since=0 - 204 null null 25041.0427ms
2026-03-06 17:36:23.886 +05:30 [INF] Request starting HTTP/1.1 GET http://localhost:5013/api/widget/config/long?workspace=sample&key=I3UPoNYawpezx-OhSr2hs0DppN8hwow7MpnppypPP-c&since=0 - null null
2026-03-06 17:36:23.889 +05:30 [INF] Request starting HTTP/1.1 GET http://localhost:5013/api/widget/config/long?workspace=sample&key=I3UPoNYawpezx-OhSr2hs0DppN8hwow7MpnppypPP-c&since=0 - null null
2026-03-06 17:36:23.891 +05:30 [INF] CORS policy execution successful.
2026-03-06 17:36:23.893 +05:30 [INF] CORS policy execution successful.
2026-03-06 17:36:23.894 +05:30 [INF] Executing endpoint 'BubbleApp.Api.Controllers.WidgetConfigController.Long (BubbleApp.Api)'
2026-03-06 17:36:23.895 +05:30 [INF] Executing endpoint 'BubbleApp.Api.Controllers.WidgetConfigController.Long (BubbleApp.Api)'
2026-03-06 17:36:23.896 +05:30 [INF] Route matched with {action = "Long", controller = "WidgetConfig"}. Executing controller action with signature System.Threading.Tasks.Task`1[Microsoft.AspNetCore.Mvc.IActionResult] Long(System.String, Int64, System.Threading.CancellationToken) on controller BubbleApp.Api.Controllers.WidgetConfigController (BubbleApp.Api).
2026-03-06 17:36:23.897 +05:30 [INF] Route matched with {action = "Long", controller = "WidgetConfig"}. Executing controller action with signature System.Threading.Tasks.Task`1[Microsoft.AspNetCore.Mvc.IActionResult] Long(System.String, Int64, System.Threading.CancellationToken) on controller BubbleApp.Api.Controllers.WidgetConfigController (BubbleApp.Api).
2026-03-06 17:36:42.542 +05:30 [INF] Request starting HTTP/1.1 GET http://localhost:5013/api/reminders?workspace=sample&key=I3UPoNYawpezx-OhSr2hs0DppN8hwow7MpnppypPP-c&userId=4 - null null
2026-03-06 17:36:42.544 +05:30 [INF] Request starting HTTP/1.1 GET http://localhost:5013/api/reminders?workspace=sample&key=I3UPoNYawpezx-OhSr2hs0DppN8hwow7MpnppypPP-c&userId=28 - null null
2026-03-06 17:36:42.544 +05:30 [INF] Request starting HTTP/1.1 GET http://localhost:5013/api/reminders?workspace=sample&key=I3UPoNYawpezx-OhSr2hs0DppN8hwow7MpnppypPP-c&userId=4 - null null
2026-03-06 17:36:42.547 +05:30 [INF] CORS policy execution successful.
2026-03-06 17:36:42.550 +05:30 [INF] CORS policy execution successful.
2026-03-06 17:36:42.553 +05:30 [INF] CORS policy execution successful.
2026-03-06 17:36:42.554 +05:30 [INF] Executing endpoint 'BubbleApp.Api.Controllers.RemindersController.Get (BubbleApp.Api)'
2026-03-06 17:36:42.556 +05:30 [INF] Executing endpoint 'BubbleApp.Api.Controllers.RemindersController.Get (BubbleApp.Api)'
2026-03-06 17:36:42.557 +05:30 [INF] Executing endpoint 'BubbleApp.Api.Controllers.RemindersController.Get (BubbleApp.Api)'
2026-03-06 17:36:42.558 +05:30 [INF] Route matched with {action = "Get", controller = "Reminders"}. Executing controller action with signature System.Threading.Tasks.Task`1[Microsoft.AspNetCore.Mvc.IActionResult] Get(System.String, System.String, System.Threading.CancellationToken) on controller BubbleApp.Api.Controllers.RemindersController (BubbleApp.Api).
2026-03-06 17:36:42.560 +05:30 [INF] Route matched with {action = "Get", controller = "Reminders"}. Executing controller action with signature System.Threading.Tasks.Task`1[Microsoft.AspNetCore.Mvc.IActionResult] Get(System.String, System.String, System.Threading.CancellationToken) on controller BubbleApp.Api.Controllers.RemindersController (BubbleApp.Api).
2026-03-06 17:36:42.561 +05:30 [INF] Route matched with {action = "Get", controller = "Reminders"}. Executing controller action with signature System.Threading.Tasks.Task`1[Microsoft.AspNetCore.Mvc.IActionResult] Get(System.String, System.String, System.Threading.CancellationToken) on controller BubbleApp.Api.Controllers.RemindersController (BubbleApp.Api).
2026-03-06 17:36:42.564 +05:30 [INF] Executing OkObjectResult, writing value of type 'System.Collections.Generic.List`1[[BubbleApp.Common.ViewModels.Reminder.ReminderDto, BubbleApp.Common, Version=1.0.0.0, Culture=neutral, PublicKeyToken=null]]'.
2026-03-06 17:36:42.566 +05:30 [INF] Executing OkObjectResult, writing value of type 'System.Collections.Generic.List`1[[BubbleApp.Common.ViewModels.Reminder.ReminderDto, BubbleApp.Common, Version=1.0.0.0, Culture=neutral, PublicKeyToken=null]]'.
2026-03-06 17:36:42.568 +05:30 [INF] Executing OkObjectResult, writing value of type 'System.Collections.Generic.List`1[[BubbleApp.Common.ViewModels.Reminder.ReminderDto, BubbleApp.Common, Version=1.0.0.0, Culture=neutral, PublicKeyToken=null]]'.
2026-03-06 17:36:42.568 +05:30 [INF] Executed action BubbleApp.Api.Controllers.RemindersController.Get (BubbleApp.Api) in 5.3916ms
2026-03-06 17:36:42.570 +05:30 [INF] Executed action BubbleApp.Api.Controllers.RemindersController.Get (BubbleApp.Api) in 4.9159ms
2026-03-06 17:36:42.571 +05:30 [INF] Executed action BubbleApp.Api.Controllers.RemindersController.Get (BubbleApp.Api) in 4.4068ms
2026-03-06 17:36:42.572 +05:30 [INF] Executed endpoint 'BubbleApp.Api.Controllers.RemindersController.Get (BubbleApp.Api)'
2026-03-06 17:36:42.574 +05:30 [INF] Executed endpoint 'BubbleApp.Api.Controllers.RemindersController.Get (BubbleApp.Api)'
2026-03-06 17:36:42.575 +05:30 [INF] Executed endpoint 'BubbleApp.Api.Controllers.RemindersController.Get (BubbleApp.Api)'
2026-03-06 17:36:42.576 +05:30 [INF] HTTP GET /api/reminders responded 200 in 28.6804 ms
2026-03-06 17:36:42.577 +05:30 [INF] HTTP GET /api/reminders responded 200 in 26.7175 ms
2026-03-06 17:36:42.578 +05:30 [INF] HTTP GET /api/reminders responded 200 in 24.8491 ms
2026-03-06 17:36:42.579 +05:30 [INF] Request finished HTTP/1.1 GET http://localhost:5013/api/reminders?workspace=sample&key=I3UPoNYawpezx-OhSr2hs0DppN8hwow7MpnppypPP-c&userId=4 - 200 null application/json; charset=utf-8 36.723ms
2026-03-06 17:36:42.581 +05:30 [INF] Request finished HTTP/1.1 GET http://localhost:5013/api/reminders?workspace=sample&key=I3UPoNYawpezx-OhSr2hs0DppN8hwow7MpnppypPP-c&userId=28 - 200 null application/json; charset=utf-8 37.0374ms
2026-03-06 17:36:42.582 +05:30 [INF] Request finished HTTP/1.1 GET http://localhost:5013/api/reminders?workspace=sample&key=I3UPoNYawpezx-OhSr2hs0DppN8hwow7MpnppypPP-c&userId=4 - 200 null application/json; charset=utf-8 37.8748ms
2026-03-06 17:36:45.230 +05:30 [INF] Executing StatusCodeResult, setting HTTP status code 204
2026-03-06 17:36:45.236 +05:30 [INF] Executed action BubbleApp.Api.Controllers.WidgetConfigController.Long (BubbleApp.Api) in 25009.9264ms
2026-03-06 17:36:45.237 +05:30 [INF] Executed endpoint 'BubbleApp.Api.Controllers.WidgetConfigController.Long (BubbleApp.Api)'
2026-03-06 17:36:45.238 +05:30 [INF] HTTP GET /api/widget/config/long responded 204 in 25015.5826 ms
2026-03-06 17:36:45.240 +05:30 [INF] Request finished HTTP/1.1 GET http://localhost:5013/api/widget/config/long?workspace=sample&key=I3UPoNYawpezx-OhSr2hs0DppN8hwow7MpnppypPP-c&since=0 - 204 null null 25019.327ms
2026-03-06 17:36:45.244 +05:30 [INF] Request starting HTTP/1.1 GET http://localhost:5013/api/widget/config/long?workspace=sample&key=I3UPoNYawpezx-OhSr2hs0DppN8hwow7MpnppypPP-c&since=0 - null null
2026-03-06 17:36:45.246 +05:30 [INF] CORS policy execution successful.
2026-03-06 17:36:45.247 +05:30 [INF] Executing endpoint 'BubbleApp.Api.Controllers.WidgetConfigController.Long (BubbleApp.Api)'
2026-03-06 17:36:45.248 +05:30 [INF] Route matched with {action = "Long", controller = "WidgetConfig"}. Executing controller action with signature System.Threading.Tasks.Task`1[Microsoft.AspNetCore.Mvc.IActionResult] Long(System.String, Int64, System.Threading.CancellationToken) on controller BubbleApp.Api.Controllers.WidgetConfigController (BubbleApp.Api).
2026-03-06 17:36:48.909 +05:30 [INF] Executing StatusCodeResult, setting HTTP status code 204
2026-03-06 17:36:48.909 +05:30 [INF] Executing StatusCodeResult, setting HTTP status code 204
2026-03-06 17:36:48.911 +05:30 [INF] Executed action BubbleApp.Api.Controllers.WidgetConfigController.Long (BubbleApp.Api) in 25012.5228ms
2026-03-06 17:36:48.912 +05:30 [INF] Executed action BubbleApp.Api.Controllers.WidgetConfigController.Long (BubbleApp.Api) in 25011.8553ms
2026-03-06 17:36:48.913 +05:30 [INF] Executed endpoint 'BubbleApp.Api.Controllers.WidgetConfigController.Long (BubbleApp.Api)'
2026-03-06 17:36:48.916 +05:30 [INF] HTTP GET /api/widget/config/long responded 204 in 25024.9292 ms
2026-03-06 17:36:48.915 +05:30 [INF] Executed endpoint 'BubbleApp.Api.Controllers.WidgetConfigController.Long (BubbleApp.Api)'
2026-03-06 17:36:48.917 +05:30 [INF] Request finished HTTP/1.1 GET http://localhost:5013/api/widget/config/long?workspace=sample&key=I3UPoNYawpezx-OhSr2hs0DppN8hwow7MpnppypPP-c&since=0 - 204 null null 25031.7561ms
2026-03-06 17:36:48.919 +05:30 [INF] HTTP GET /api/widget/config/long responded 204 in 25025.6774 ms
2026-03-06 17:36:48.921 +05:30 [INF] Request starting HTTP/1.1 GET http://localhost:5013/api/widget/config/long?workspace=sample&key=I3UPoNYawpezx-OhSr2hs0DppN8hwow7MpnppypPP-c&since=0 - null null
2026-03-06 17:36:48.923 +05:30 [INF] Request finished HTTP/1.1 GET http://localhost:5013/api/widget/config/long?workspace=sample&key=I3UPoNYawpezx-OhSr2hs0DppN8hwow7MpnppypPP-c&since=0 - 204 null null 25034.3396ms
2026-03-06 17:36:48.925 +05:30 [INF] CORS policy execution successful.
2026-03-06 17:36:48.928 +05:30 [INF] Request starting HTTP/1.1 GET http://localhost:5013/api/widget/config/long?workspace=sample&key=I3UPoNYawpezx-OhSr2hs0DppN8hwow7MpnppypPP-c&since=0 - null null
2026-03-06 17:36:48.929 +05:30 [INF] Executing endpoint 'BubbleApp.Api.Controllers.WidgetConfigController.Long (BubbleApp.Api)'
2026-03-06 17:36:48.930 +05:30 [INF] CORS policy execution successful.
2026-03-06 17:36:48.931 +05:30 [INF] Route matched with {action = "Long", controller = "WidgetConfig"}. Executing controller action with signature System.Threading.Tasks.Task`1[Microsoft.AspNetCore.Mvc.IActionResult] Long(System.String, Int64, System.Threading.CancellationToken) on controller BubbleApp.Api.Controllers.WidgetConfigController (BubbleApp.Api).
2026-03-06 17:36:48.932 +05:30 [INF] Executing endpoint 'BubbleApp.Api.Controllers.WidgetConfigController.Long (BubbleApp.Api)'
2026-03-06 17:36:48.934 +05:30 [INF] Route matched with {action = "Long", controller = "WidgetConfig"}. Executing controller action with signature System.Threading.Tasks.Task`1[Microsoft.AspNetCore.Mvc.IActionResult] Long(System.String, Int64, System.Threading.CancellationToken) on controller BubbleApp.Api.Controllers.WidgetConfigController (BubbleApp.Api).
2026-03-06 17:37:10.274 +05:30 [INF] Executing StatusCodeResult, setting HTTP status code 204
2026-03-06 17:37:10.277 +05:30 [INF] Executed action BubbleApp.Api.Controllers.WidgetConfigController.Long (BubbleApp.Api) in 25016.5616ms
2026-03-06 17:37:10.278 +05:30 [INF] Executed endpoint 'BubbleApp.Api.Controllers.WidgetConfigController.Long (BubbleApp.Api)'
2026-03-06 17:37:10.279 +05:30 [INF] HTTP GET /api/widget/config/long responded 204 in 25032.5381 ms
2026-03-06 17:37:10.280 +05:30 [INF] Request finished HTTP/1.1 GET http://localhost:5013/api/widget/config/long?workspace=sample&key=I3UPoNYawpezx-OhSr2hs0DppN8hwow7MpnppypPP-c&since=0 - 204 null null 25036.4706ms
2026-03-06 17:37:10.284 +05:30 [INF] Request starting HTTP/1.1 GET http://localhost:5013/api/widget/config/long?workspace=sample&key=I3UPoNYawpezx-OhSr2hs0DppN8hwow7MpnppypPP-c&since=0 - null null
2026-03-06 17:37:10.286 +05:30 [INF] CORS policy execution successful.
2026-03-06 17:37:10.287 +05:30 [INF] Executing endpoint 'BubbleApp.Api.Controllers.WidgetConfigController.Long (BubbleApp.Api)'
2026-03-06 17:37:10.289 +05:30 [INF] Route matched with {action = "Long", controller = "WidgetConfig"}. Executing controller action with signature System.Threading.Tasks.Task`1[Microsoft.AspNetCore.Mvc.IActionResult] Long(System.String, Int64, System.Threading.CancellationToken) on controller BubbleApp.Api.Controllers.WidgetConfigController (BubbleApp.Api).
2026-03-06 17:37:13.937 +05:30 [INF] Executing StatusCodeResult, setting HTTP status code 204
2026-03-06 17:37:13.940 +05:30 [INF] Executing StatusCodeResult, setting HTTP status code 204
2026-03-06 17:37:13.947 +05:30 [INF] Executed action BubbleApp.Api.Controllers.WidgetConfigController.Long (BubbleApp.Api) in 25011.2789ms
2026-03-06 17:37:13.949 +05:30 [INF] Executed endpoint 'BubbleApp.Api.Controllers.WidgetConfigController.Long (BubbleApp.Api)'
2026-03-06 17:37:13.950 +05:30 [INF] HTTP GET /api/widget/config/long responded 204 in 25019.0614 ms
2026-03-06 17:37:13.945 +05:30 [INF] Executed action BubbleApp.Api.Controllers.WidgetConfigController.Long (BubbleApp.Api) in 25011.9104ms
2026-03-06 17:37:13.952 +05:30 [INF] Request finished HTTP/1.1 GET http://localhost:5013/api/widget/config/long?workspace=sample&key=I3UPoNYawpezx-OhSr2hs0DppN8hwow7MpnppypPP-c&since=0 - 204 null null 25024.156ms
2026-03-06 17:37:13.953 +05:30 [INF] Executed endpoint 'BubbleApp.Api.Controllers.WidgetConfigController.Long (BubbleApp.Api)'
2026-03-06 17:37:13.956 +05:30 [INF] Request starting HTTP/1.1 GET http://localhost:5013/api/widget/config/long?workspace=sample&key=I3UPoNYawpezx-OhSr2hs0DppN8hwow7MpnppypPP-c&since=0 - null null
2026-03-06 17:37:13.957 +05:30 [INF] HTTP GET /api/widget/config/long responded 204 in 25031.7795 ms
2026-03-06 17:37:13.959 +05:30 [INF] CORS policy execution successful.
2026-03-06 17:37:13.961 +05:30 [INF] Request finished HTTP/1.1 GET http://localhost:5013/api/widget/config/long?workspace=sample&key=I3UPoNYawpezx-OhSr2hs0DppN8hwow7MpnppypPP-c&since=0 - 204 null null 25039.3777ms
2026-03-06 17:37:13.962 +05:30 [INF] Executing endpoint 'BubbleApp.Api.Controllers.WidgetConfigController.Long (BubbleApp.Api)'
2026-03-06 17:37:13.964 +05:30 [INF] Request starting HTTP/1.1 GET http://localhost:5013/api/widget/config/long?workspace=sample&key=I3UPoNYawpezx-OhSr2hs0DppN8hwow7MpnppypPP-c&since=0 - null null
2026-03-06 17:37:13.965 +05:30 [INF] Route matched with {action = "Long", controller = "WidgetConfig"}. Executing controller action with signature System.Threading.Tasks.Task`1[Microsoft.AspNetCore.Mvc.IActionResult] Long(System.String, Int64, System.Threading.CancellationToken) on controller BubbleApp.Api.Controllers.WidgetConfigController (BubbleApp.Api).
2026-03-06 17:37:13.967 +05:30 [INF] CORS policy execution successful.
2026-03-06 17:37:13.970 +05:30 [INF] Executing endpoint 'BubbleApp.Api.Controllers.WidgetConfigController.Long (BubbleApp.Api)'
2026-03-06 17:37:13.971 +05:30 [INF] Route matched with {action = "Long", controller = "WidgetConfig"}. Executing controller action with signature System.Threading.Tasks.Task`1[Microsoft.AspNetCore.Mvc.IActionResult] Long(System.String, Int64, System.Threading.CancellationToken) on controller BubbleApp.Api.Controllers.WidgetConfigController (BubbleApp.Api).
2026-03-06 17:37:35.295 +05:30 [INF] Executing StatusCodeResult, setting HTTP status code 204
2026-03-06 17:37:35.296 +05:30 [INF] Executed action BubbleApp.Api.Controllers.WidgetConfigController.Long (BubbleApp.Api) in 25005.1291ms
2026-03-06 17:37:35.297 +05:30 [INF] Executed endpoint 'BubbleApp.Api.Controllers.WidgetConfigController.Long (BubbleApp.Api)'
2026-03-06 17:37:35.298 +05:30 [INF] HTTP GET /api/widget/config/long responded 204 in 25011.5977 ms
2026-03-06 17:37:35.299 +05:30 [INF] Request finished HTTP/1.1 GET http://localhost:5013/api/widget/config/long?workspace=sample&key=I3UPoNYawpezx-OhSr2hs0DppN8hwow7MpnppypPP-c&since=0 - 204 null null 25015.2769ms
2026-03-06 17:37:35.303 +05:30 [INF] Request starting HTTP/1.1 GET http://localhost:5013/api/widget/config/long?workspace=sample&key=I3UPoNYawpezx-OhSr2hs0DppN8hwow7MpnppypPP-c&since=0 - null null
2026-03-06 17:37:35.305 +05:30 [INF] CORS policy execution successful.
2026-03-06 17:37:35.305 +05:30 [INF] Executing endpoint 'BubbleApp.Api.Controllers.WidgetConfigController.Long (BubbleApp.Api)'
2026-03-06 17:37:35.306 +05:30 [INF] Route matched with {action = "Long", controller = "WidgetConfig"}. Executing controller action with signature System.Threading.Tasks.Task`1[Microsoft.AspNetCore.Mvc.IActionResult] Long(System.String, Int64, System.Threading.CancellationToken) on controller BubbleApp.Api.Controllers.WidgetConfigController (BubbleApp.Api).
2026-03-06 17:37:38.975 +05:30 [INF] Executing StatusCodeResult, setting HTTP status code 204
2026-03-06 17:37:38.981 +05:30 [INF] Executed action BubbleApp.Api.Controllers.WidgetConfigController.Long (BubbleApp.Api) in 25011.6306ms
2026-03-06 17:37:38.982 +05:30 [INF] Executed endpoint 'BubbleApp.Api.Controllers.WidgetConfigController.Long (BubbleApp.Api)'
2026-03-06 17:37:38.983 +05:30 [INF] HTTP GET /api/widget/config/long responded 204 in 25023.5216 ms
2026-03-06 17:37:38.984 +05:30 [INF] Request finished HTTP/1.1 GET http://localhost:5013/api/widget/config/long?workspace=sample&key=I3UPoNYawpezx-OhSr2hs0DppN8hwow7MpnppypPP-c&since=0 - 204 null null 25028.1115ms
2026-03-06 17:37:38.988 +05:30 [INF] Request starting HTTP/1.1 GET http://localhost:5013/api/widget/config/long?workspace=sample&key=I3UPoNYawpezx-OhSr2hs0DppN8hwow7MpnppypPP-c&since=0 - null null
2026-03-06 17:37:38.988 +05:30 [INF] Executing StatusCodeResult, setting HTTP status code 204
2026-03-06 17:37:38.990 +05:30 [INF] CORS policy execution successful.
2026-03-06 17:37:38.991 +05:30 [INF] Executed action BubbleApp.Api.Controllers.WidgetConfigController.Long (BubbleApp.Api) in 25019.1663ms
2026-03-06 17:37:38.992 +05:30 [INF] Executing endpoint 'BubbleApp.Api.Controllers.WidgetConfigController.Long (BubbleApp.Api)'
2026-03-06 17:37:38.993 +05:30 [INF] Executed endpoint 'BubbleApp.Api.Controllers.WidgetConfigController.Long (BubbleApp.Api)'
2026-03-06 17:37:38.994 +05:30 [INF] Route matched with {action = "Long", controller = "WidgetConfig"}. Executing controller action with signature System.Threading.Tasks.Task`1[Microsoft.AspNetCore.Mvc.IActionResult] Long(System.String, Int64, System.Threading.CancellationToken) on controller BubbleApp.Api.Controllers.WidgetConfigController (BubbleApp.Api).
2026-03-06 17:37:38.995 +05:30 [INF] HTTP GET /api/widget/config/long responded 204 in 25027.3216 ms
2026-03-06 17:37:38.998 +05:30 [INF] Request finished HTTP/1.1 GET http://localhost:5013/api/widget/config/long?workspace=sample&key=I3UPoNYawpezx-OhSr2hs0DppN8hwow7MpnppypPP-c&since=0 - 204 null null 25033.2658ms
2026-03-06 17:37:39.001 +05:30 [INF] Request starting HTTP/1.1 GET http://localhost:5013/api/widget/config/long?workspace=sample&key=I3UPoNYawpezx-OhSr2hs0DppN8hwow7MpnppypPP-c&since=0 - null null
2026-03-06 17:37:39.003 +05:30 [INF] CORS policy execution successful.
2026-03-06 17:37:39.004 +05:30 [INF] Executing endpoint 'BubbleApp.Api.Controllers.WidgetConfigController.Long (BubbleApp.Api)'
2026-03-06 17:37:39.004 +05:30 [INF] Route matched with {action = "Long", controller = "WidgetConfig"}. Executing controller action with signature System.Threading.Tasks.Task`1[Microsoft.AspNetCore.Mvc.IActionResult] Long(System.String, Int64, System.Threading.CancellationToken) on controller BubbleApp.Api.Controllers.WidgetConfigController (BubbleApp.Api).
2026-03-06 17:37:42.532 +05:30 [INF] Request starting HTTP/1.1 GET http://localhost:5013/api/reminders?workspace=sample&key=I3UPoNYawpezx-OhSr2hs0DppN8hwow7MpnppypPP-c&userId=4 - null null
2026-03-06 17:37:42.533 +05:30 [INF] Request starting HTTP/1.1 GET http://localhost:5013/api/reminders?workspace=sample&key=I3UPoNYawpezx-OhSr2hs0DppN8hwow7MpnppypPP-c&userId=28 - null null
2026-03-06 17:37:42.533 +05:30 [INF] Request starting HTTP/1.1 GET http://localhost:5013/api/reminders?workspace=sample&key=I3UPoNYawpezx-OhSr2hs0DppN8hwow7MpnppypPP-c&userId=4 - null null
2026-03-06 17:37:42.535 +05:30 [INF] CORS policy execution successful.
2026-03-06 17:37:42.538 +05:30 [INF] CORS policy execution successful.
2026-03-06 17:37:42.540 +05:30 [INF] CORS policy execution successful.
2026-03-06 17:37:42.540 +05:30 [INF] Executing endpoint 'BubbleApp.Api.Controllers.RemindersController.Get (BubbleApp.Api)'
2026-03-06 17:37:42.541 +05:30 [INF] Executing endpoint 'BubbleApp.Api.Controllers.RemindersController.Get (BubbleApp.Api)'
2026-03-06 17:37:42.542 +05:30 [INF] Executing endpoint 'BubbleApp.Api.Controllers.RemindersController.Get (BubbleApp.Api)'
2026-03-06 17:37:42.542 +05:30 [INF] Route matched with {action = "Get", controller = "Reminders"}. Executing controller action with signature System.Threading.Tasks.Task`1[Microsoft.AspNetCore.Mvc.IActionResult] Get(System.String, System.String, System.Threading.CancellationToken) on controller BubbleApp.Api.Controllers.RemindersController (BubbleApp.Api).
2026-03-06 17:37:42.543 +05:30 [INF] Route matched with {action = "Get", controller = "Reminders"}. Executing controller action with signature System.Threading.Tasks.Task`1[Microsoft.AspNetCore.Mvc.IActionResult] Get(System.String, System.String, System.Threading.CancellationToken) on controller BubbleApp.Api.Controllers.RemindersController (BubbleApp.Api).
2026-03-06 17:37:42.544 +05:30 [INF] Route matched with {action = "Get", controller = "Reminders"}. Executing controller action with signature System.Threading.Tasks.Task`1[Microsoft.AspNetCore.Mvc.IActionResult] Get(System.String, System.String, System.Threading.CancellationToken) on controller BubbleApp.Api.Controllers.RemindersController (BubbleApp.Api).
2026-03-06 17:37:42.548 +05:30 [INF] Executing OkObjectResult, writing value of type 'System.Collections.Generic.List`1[[BubbleApp.Common.ViewModels.Reminder.ReminderDto, BubbleApp.Common, Version=1.0.0.0, Culture=neutral, PublicKeyToken=null]]'.
2026-03-06 17:37:42.550 +05:30 [INF] Executing OkObjectResult, writing value of type 'System.Collections.Generic.List`1[[BubbleApp.Common.ViewModels.Reminder.ReminderDto, BubbleApp.Common, Version=1.0.0.0, Culture=neutral, PublicKeyToken=null]]'.
2026-03-06 17:37:42.551 +05:30 [INF] Executing OkObjectResult, writing value of type 'System.Collections.Generic.List`1[[BubbleApp.Common.ViewModels.Reminder.ReminderDto, BubbleApp.Common, Version=1.0.0.0, Culture=neutral, PublicKeyToken=null]]'.
2026-03-06 17:37:42.552 +05:30 [INF] Executed action BubbleApp.Api.Controllers.RemindersController.Get (BubbleApp.Api) in 5.6405ms
2026-03-06 17:37:42.552 +05:30 [INF] Executed action BubbleApp.Api.Controllers.RemindersController.Get (BubbleApp.Api) in 4.5126ms
2026-03-06 17:37:42.554 +05:30 [INF] Executed action BubbleApp.Api.Controllers.RemindersController.Get (BubbleApp.Api) in 3.5396ms
2026-03-06 17:37:42.555 +05:30 [INF] Executed endpoint 'BubbleApp.Api.Controllers.RemindersController.Get (BubbleApp.Api)'
2026-03-06 17:37:42.556 +05:30 [INF] Executed endpoint 'BubbleApp.Api.Controllers.RemindersController.Get (BubbleApp.Api)'
2026-03-06 17:37:42.557 +05:30 [INF] Executed endpoint 'BubbleApp.Api.Controllers.RemindersController.Get (BubbleApp.Api)'
2026-03-06 17:37:42.558 +05:30 [INF] HTTP GET /api/reminders responded 200 in 22.4087 ms
2026-03-06 17:37:42.558 +05:30 [INF] HTTP GET /api/reminders responded 200 in 20.8922 ms
2026-03-06 17:37:42.559 +05:30 [INF] HTTP GET /api/reminders responded 200 in 19.6559 ms
2026-03-06 17:37:42.561 +05:30 [INF] Request finished HTTP/1.1 GET http://localhost:5013/api/reminders?workspace=sample&key=I3UPoNYawpezx-OhSr2hs0DppN8hwow7MpnppypPP-c&userId=4 - 200 null application/json; charset=utf-8 28.4061ms
2026-03-06 17:37:42.563 +05:30 [INF] Request finished HTTP/1.1 GET http://localhost:5013/api/reminders?workspace=sample&key=I3UPoNYawpezx-OhSr2hs0DppN8hwow7MpnppypPP-c&userId=28 - 200 null application/json; charset=utf-8 30.4172ms
2026-03-06 17:37:42.565 +05:30 [INF] Request finished HTTP/1.1 GET http://localhost:5013/api/reminders?workspace=sample&key=I3UPoNYawpezx-OhSr2hs0DppN8hwow7MpnppypPP-c&userId=4 - 200 null application/json; charset=utf-8 31.6756ms
2026-03-06 17:37:58.323 +05:30 [INF] Request starting HTTP/1.1 GET http://localhost:5013/api/reminders?workspace=sample&key=I3UPoNYawpezx-OhSr2hs0DppN8hwow7MpnppypPP-c&userId=28 - null null
2026-03-06 17:37:58.326 +05:30 [INF] CORS policy execution successful.
2026-03-06 17:37:58.328 +05:30 [INF] Executing endpoint 'BubbleApp.Api.Controllers.RemindersController.Get (BubbleApp.Api)'
2026-03-06 17:37:58.329 +05:30 [INF] Route matched with {action = "Get", controller = "Reminders"}. Executing controller action with signature System.Threading.Tasks.Task`1[Microsoft.AspNetCore.Mvc.IActionResult] Get(System.String, System.String, System.Threading.CancellationToken) on controller BubbleApp.Api.Controllers.RemindersController (BubbleApp.Api).
2026-03-06 17:37:58.335 +05:30 [INF] Executing OkObjectResult, writing value of type 'System.Collections.Generic.List`1[[BubbleApp.Common.ViewModels.Reminder.ReminderDto, BubbleApp.Common, Version=1.0.0.0, Culture=neutral, PublicKeyToken=null]]'.
2026-03-06 17:37:58.338 +05:30 [INF] Executed action BubbleApp.Api.Controllers.RemindersController.Get (BubbleApp.Api) in 5.2291ms
2026-03-06 17:37:58.340 +05:30 [INF] Executed endpoint 'BubbleApp.Api.Controllers.RemindersController.Get (BubbleApp.Api)'
2026-03-06 17:37:58.342 +05:30 [INF] HTTP GET /api/reminders responded 200 in 15.5297 ms
2026-03-06 17:37:58.344 +05:30 [INF] Request finished HTTP/1.1 GET http://localhost:5013/api/reminders?workspace=sample&key=I3UPoNYawpezx-OhSr2hs0DppN8hwow7MpnppypPP-c&userId=28 - 200 null application/json; charset=utf-8 21.536ms
2026-03-06 17:38:00.319 +05:30 [INF] Executing StatusCodeResult, setting HTTP status code 204
2026-03-06 17:38:00.325 +05:30 [INF] Executed action BubbleApp.Api.Controllers.WidgetConfigController.Long (BubbleApp.Api) in 25017.3581ms
2026-03-06 17:38:00.333 +05:30 [INF] Executed endpoint 'BubbleApp.Api.Controllers.WidgetConfigController.Long (BubbleApp.Api)'
2026-03-06 17:38:00.334 +05:30 [INF] HTTP GET /api/widget/config/long responded 204 in 25029.2494 ms
2026-03-06 17:38:00.336 +05:30 [INF] Request finished HTTP/1.1 GET http://localhost:5013/api/widget/config/long?workspace=sample&key=I3UPoNYawpezx-OhSr2hs0DppN8hwow7MpnppypPP-c&since=0 - 204 null null 25033.2755ms
2026-03-06 17:38:00.340 +05:30 [INF] Request starting HTTP/1.1 GET http://localhost:5013/api/widget/config/long?workspace=sample&key=I3UPoNYawpezx-OhSr2hs0DppN8hwow7MpnppypPP-c&since=0 - null null
2026-03-06 17:38:00.343 +05:30 [INF] CORS policy execution successful.
2026-03-06 17:38:00.344 +05:30 [INF] Executing endpoint 'BubbleApp.Api.Controllers.WidgetConfigController.Long (BubbleApp.Api)'
2026-03-06 17:38:00.345 +05:30 [INF] Route matched with {action = "Long", controller = "WidgetConfig"}. Executing controller action with signature System.Threading.Tasks.Task`1[Microsoft.AspNetCore.Mvc.IActionResult] Long(System.String, Int64, System.Threading.CancellationToken) on controller BubbleApp.Api.Controllers.WidgetConfigController (BubbleApp.Api).
2026-03-06 17:38:03.516 +05:30 [INF] Request starting HTTP/1.1 GET http://localhost:5013/api/todos?workspace=sample&key=I3UPoNYawpezx-OhSr2hs0DppN8hwow7MpnppypPP-c&userId=28 - null null
2026-03-06 17:38:03.523 +05:30 [INF] CORS policy execution successful.
2026-03-06 17:38:03.524 +05:30 [INF] Executing endpoint 'BubbleApp.Api.Controllers.TodosController.Get (BubbleApp.Api)'
2026-03-06 17:38:03.525 +05:30 [INF] Route matched with {action = "Get", controller = "Todos"}. Executing controller action with signature System.Threading.Tasks.Task`1[Microsoft.AspNetCore.Mvc.IActionResult] Get(System.String, System.String, System.Threading.CancellationToken) on controller BubbleApp.Api.Controllers.TodosController (BubbleApp.Api).
2026-03-06 17:38:03.529 +05:30 [INF] Executing OkObjectResult, writing value of type 'System.Collections.Generic.List`1[[BubbleApp.Common.ViewModels.Todo.TodoDto, BubbleApp.Common, Version=1.0.0.0, Culture=neutral, PublicKeyToken=null]]'.
2026-03-06 17:38:03.530 +05:30 [INF] Executed action BubbleApp.Api.Controllers.TodosController.Get (BubbleApp.Api) in 3.167ms
2026-03-06 17:38:03.532 +05:30 [INF] Executed endpoint 'BubbleApp.Api.Controllers.TodosController.Get (BubbleApp.Api)'
2026-03-06 17:38:03.533 +05:30 [INF] HTTP GET /api/todos responded 200 in 9.6530 ms
2026-03-06 17:38:03.535 +05:30 [INF] Request finished HTTP/1.1 GET http://localhost:5013/api/todos?workspace=sample&key=I3UPoNYawpezx-OhSr2hs0DppN8hwow7MpnppypPP-c&userId=28 - 200 null application/json; charset=utf-8 18.1955ms
2026-03-06 17:38:04.004 +05:30 [INF] Executing StatusCodeResult, setting HTTP status code 204
2026-03-06 17:38:04.007 +05:30 [INF] Executed action BubbleApp.Api.Controllers.WidgetConfigController.Long (BubbleApp.Api) in 25010.5193ms
2026-03-06 17:38:04.010 +05:30 [INF] Executed endpoint 'BubbleApp.Api.Controllers.WidgetConfigController.Long (BubbleApp.Api)'
2026-03-06 17:38:04.011 +05:30 [INF] HTTP GET /api/widget/config/long responded 204 in 25020.9774 ms
2026-03-06 17:38:04.014 +05:30 [INF] Request finished HTTP/1.1 GET http://localhost:5013/api/widget/config/long?workspace=sample&key=I3UPoNYawpezx-OhSr2hs0DppN8hwow7MpnppypPP-c&since=0 - 204 null null 25025.4108ms
2026-03-06 17:38:04.017 +05:30 [INF] Request starting HTTP/1.1 GET http://localhost:5013/api/widget/config/long?workspace=sample&key=I3UPoNYawpezx-OhSr2hs0DppN8hwow7MpnppypPP-c&since=0 - null null
2026-03-06 17:38:04.019 +05:30 [INF] Executing StatusCodeResult, setting HTTP status code 204
2026-03-06 17:38:04.021 +05:30 [INF] CORS policy execution successful.
2026-03-06 17:38:04.023 +05:30 [INF] Executed action BubbleApp.Api.Controllers.WidgetConfigController.Long (BubbleApp.Api) in 25016.4967ms
2026-03-06 17:38:04.024 +05:30 [INF] Executing endpoint 'BubbleApp.Api.Controllers.WidgetConfigController.Long (BubbleApp.Api)'
2026-03-06 17:38:04.025 +05:30 [INF] Executed endpoint 'BubbleApp.Api.Controllers.WidgetConfigController.Long (BubbleApp.Api)'
2026-03-06 17:38:04.026 +05:30 [INF] Route matched with {action = "Long", controller = "WidgetConfig"}. Executing controller action with signature System.Threading.Tasks.Task`1[Microsoft.AspNetCore.Mvc.IActionResult] Long(System.String, Int64, System.Threading.CancellationToken) on controller BubbleApp.Api.Controllers.WidgetConfigController (BubbleApp.Api).
2026-03-06 17:38:04.027 +05:30 [INF] HTTP GET /api/widget/config/long responded 204 in 25024.2137 ms
2026-03-06 17:38:04.030 +05:30 [INF] Request finished HTTP/1.1 GET http://localhost:5013/api/widget/config/long?workspace=sample&key=I3UPoNYawpezx-OhSr2hs0DppN8hwow7MpnppypPP-c&since=0 - 204 null null 25029.8297ms
2026-03-06 17:38:04.032 +05:30 [INF] Request starting HTTP/1.1 GET http://localhost:5013/api/widget/config/long?workspace=sample&key=I3UPoNYawpezx-OhSr2hs0DppN8hwow7MpnppypPP-c&since=0 - null null
2026-03-06 17:38:04.037 +05:30 [INF] CORS policy execution successful.
2026-03-06 17:38:04.037 +05:30 [INF] Executing endpoint 'BubbleApp.Api.Controllers.WidgetConfigController.Long (BubbleApp.Api)'
2026-03-06 17:38:04.039 +05:30 [INF] Route matched with {action = "Long", controller = "WidgetConfig"}. Executing controller action with signature System.Threading.Tasks.Task`1[Microsoft.AspNetCore.Mvc.IActionResult] Long(System.String, Int64, System.Threading.CancellationToken) on controller BubbleApp.Api.Controllers.WidgetConfigController (BubbleApp.Api).
2026-03-06 17:38:04.855 +05:30 [INF] Request starting HTTP/1.1 GET http://localhost:5013/api/general?workspace=sample&key=I3UPoNYawpezx-OhSr2hs0DppN8hwow7MpnppypPP-c - null null
2026-03-06 17:38:04.866 +05:30 [INF] CORS policy execution successful.
2026-03-06 17:38:04.867 +05:30 [INF] Executing endpoint 'BubbleApp.Api.Controllers.GeneralController.Get (BubbleApp.Api)'
2026-03-06 17:38:04.868 +05:30 [INF] Route matched with {action = "Get", controller = "General"}. Executing controller action with signature System.Threading.Tasks.Task`1[Microsoft.AspNetCore.Mvc.IActionResult] Get(System.String, System.Threading.CancellationToken) on controller BubbleApp.Api.Controllers.GeneralController (BubbleApp.Api).
2026-03-06 17:38:04.871 +05:30 [INF] Executing OkObjectResult, writing value of type 'System.Collections.Generic.List`1[[BubbleApp.Common.ViewModels.General.GeneralMessageDto, BubbleApp.Common, Version=1.0.0.0, Culture=neutral, PublicKeyToken=null]]'.
2026-03-06 17:38:04.873 +05:30 [INF] Executed action BubbleApp.Api.Controllers.GeneralController.Get (BubbleApp.Api) in 3.2255ms
2026-03-06 17:38:04.875 +05:30 [INF] Executed endpoint 'BubbleApp.Api.Controllers.GeneralController.Get (BubbleApp.Api)'
2026-03-06 17:38:04.876 +05:30 [INF] HTTP GET /api/general responded 200 in 10.9774 ms
2026-03-06 17:38:04.879 +05:30 [INF] Request finished HTTP/1.1 GET http://localhost:5013/api/general?workspace=sample&key=I3UPoNYawpezx-OhSr2hs0DppN8hwow7MpnppypPP-c - 200 null application/json; charset=utf-8 23.9879ms
2026-03-06 17:38:09.552 +05:30 [INF] Request starting HTTP/1.1 GET http://localhost:5013/api/general?workspace=sample&key=I3UPoNYawpezx-OhSr2hs0DppN8hwow7MpnppypPP-c - null null
2026-03-06 17:38:09.558 +05:30 [INF] CORS policy execution successful.
2026-03-06 17:38:09.559 +05:30 [INF] Executing endpoint 'BubbleApp.Api.Controllers.GeneralController.Get (BubbleApp.Api)'
2026-03-06 17:38:09.560 +05:30 [INF] Route matched with {action = "Get", controller = "General"}. Executing controller action with signature System.Threading.Tasks.Task`1[Microsoft.AspNetCore.Mvc.IActionResult] Get(System.String, System.Threading.CancellationToken) on controller BubbleApp.Api.Controllers.GeneralController (BubbleApp.Api).
2026-03-06 17:38:09.563 +05:30 [INF] Executing OkObjectResult, writing value of type 'System.Collections.Generic.List`1[[BubbleApp.Common.ViewModels.General.GeneralMessageDto, BubbleApp.Common, Version=1.0.0.0, Culture=neutral, PublicKeyToken=null]]'.
2026-03-06 17:38:09.565 +05:30 [INF] Executed action BubbleApp.Api.Controllers.GeneralController.Get (BubbleApp.Api) in 2.9818ms
2026-03-06 17:38:09.566 +05:30 [INF] Executed endpoint 'BubbleApp.Api.Controllers.GeneralController.Get (BubbleApp.Api)'
2026-03-06 17:38:09.567 +05:30 [INF] HTTP GET /api/general responded 200 in 9.5739 ms
2026-03-06 17:38:09.569 +05:30 [INF] Request finished HTTP/1.1 GET http://localhost:5013/api/general?workspace=sample&key=I3UPoNYawpezx-OhSr2hs0DppN8hwow7MpnppypPP-c - 200 null application/json; charset=utf-8 17.1266ms
2026-03-06 17:38:15.551 +05:30 [INF] Request starting HTTP/1.1 GET http://localhost:5013/api/general?workspace=sample&key=I3UPoNYawpezx-OhSr2hs0DppN8hwow7MpnppypPP-c - null null
2026-03-06 17:38:15.553 +05:30 [INF] CORS policy execution successful.
2026-03-06 17:38:15.554 +05:30 [INF] Executing endpoint 'BubbleApp.Api.Controllers.GeneralController.Get (BubbleApp.Api)'
2026-03-06 17:38:15.555 +05:30 [INF] Route matched with {action = "Get", controller = "General"}. Executing controller action with signature System.Threading.Tasks.Task`1[Microsoft.AspNetCore.Mvc.IActionResult] Get(System.String, System.Threading.CancellationToken) on controller BubbleApp.Api.Controllers.GeneralController (BubbleApp.Api).
2026-03-06 17:38:15.558 +05:30 [INF] Executing OkObjectResult, writing value of type 'System.Collections.Generic.List`1[[BubbleApp.Common.ViewModels.General.GeneralMessageDto, BubbleApp.Common, Version=1.0.0.0, Culture=neutral, PublicKeyToken=null]]'.
2026-03-06 17:38:15.559 +05:30 [INF] Executed action BubbleApp.Api.Controllers.GeneralController.Get (BubbleApp.Api) in 2.7833ms
2026-03-06 17:38:15.561 +05:30 [INF] Executed endpoint 'BubbleApp.Api.Controllers.GeneralController.Get (BubbleApp.Api)'
2026-03-06 17:38:15.562 +05:30 [INF] HTTP GET /api/general responded 200 in 8.5188 ms
2026-03-06 17:38:15.563 +05:30 [INF] Request finished HTTP/1.1 GET http://localhost:5013/api/general?workspace=sample&key=I3UPoNYawpezx-OhSr2hs0DppN8hwow7MpnppypPP-c - 200 null application/json; charset=utf-8 12.667ms
2026-03-06 17:38:21.344 +05:30 [INF] Request starting HTTP/1.1 GET http://localhost:5013/api/reminders?workspace=sample&key=I3UPoNYawpezx-OhSr2hs0DppN8hwow7MpnppypPP-c&userId=4 - null null
2026-03-06 17:38:21.349 +05:30 [INF] CORS policy execution successful.
2026-03-06 17:38:21.350 +05:30 [INF] Executing endpoint 'BubbleApp.Api.Controllers.RemindersController.Get (BubbleApp.Api)'
2026-03-06 17:38:21.352 +05:30 [INF] Route matched with {action = "Get", controller = "Reminders"}. Executing controller action with signature System.Threading.Tasks.Task`1[Microsoft.AspNetCore.Mvc.IActionResult] Get(System.String, System.String, System.Threading.CancellationToken) on controller BubbleApp.Api.Controllers.RemindersController (BubbleApp.Api).
2026-03-06 17:38:21.356 +05:30 [INF] Executing OkObjectResult, writing value of type 'System.Collections.Generic.List`1[[BubbleApp.Common.ViewModels.Reminder.ReminderDto, BubbleApp.Common, Version=1.0.0.0, Culture=neutral, PublicKeyToken=null]]'.
2026-03-06 17:38:21.357 +05:30 [INF] Executed action BubbleApp.Api.Controllers.RemindersController.Get (BubbleApp.Api) in 3.5827ms
2026-03-06 17:38:21.360 +05:30 [INF] Executed endpoint 'BubbleApp.Api.Controllers.RemindersController.Get (BubbleApp.Api)'
2026-03-06 17:38:21.361 +05:30 [INF] HTTP GET /api/reminders responded 200 in 11.5065 ms
2026-03-06 17:38:21.363 +05:30 [INF] Request finished HTTP/1.1 GET http://localhost:5013/api/reminders?workspace=sample&key=I3UPoNYawpezx-OhSr2hs0DppN8hwow7MpnppypPP-c&userId=4 - 200 null application/json; charset=utf-8 18.7758ms
2026-03-06 17:38:22.432 +05:30 [INF] Request starting HTTP/1.1 GET http://localhost:5013/api/general?workspace=sample&key=I3UPoNYawpezx-OhSr2hs0DppN8hwow7MpnppypPP-c - null null
2026-03-06 17:38:22.434 +05:30 [INF] CORS policy execution successful.
2026-03-06 17:38:22.435 +05:30 [INF] Executing endpoint 'BubbleApp.Api.Controllers.GeneralController.Get (BubbleApp.Api)'
2026-03-06 17:38:22.436 +05:30 [INF] Route matched with {action = "Get", controller = "General"}. Executing controller action with signature System.Threading.Tasks.Task`1[Microsoft.AspNetCore.Mvc.IActionResult] Get(System.String, System.Threading.CancellationToken) on controller BubbleApp.Api.Controllers.GeneralController (BubbleApp.Api).
2026-03-06 17:38:22.440 +05:30 [INF] Executing OkObjectResult, writing value of type 'System.Collections.Generic.List`1[[BubbleApp.Common.ViewModels.General.GeneralMessageDto, BubbleApp.Common, Version=1.0.0.0, Culture=neutral, PublicKeyToken=null]]'.
2026-03-06 17:38:22.441 +05:30 [INF] Executed action BubbleApp.Api.Controllers.GeneralController.Get (BubbleApp.Api) in 3.1023ms
2026-03-06 17:38:22.443 +05:30 [INF] Executed endpoint 'BubbleApp.Api.Controllers.GeneralController.Get (BubbleApp.Api)'
2026-03-06 17:38:22.444 +05:30 [INF] HTTP GET /api/general responded 200 in 9.8376 ms
2026-03-06 17:38:22.446 +05:30 [INF] Request finished HTTP/1.1 GET http://localhost:5013/api/general?workspace=sample&key=I3UPoNYawpezx-OhSr2hs0DppN8hwow7MpnppypPP-c - 200 null application/json; charset=utf-8 14.508ms
2026-03-06 17:38:22.536 +05:30 [INF] Request starting HTTP/1.1 GET http://localhost:5013/api/general?workspace=sample&key=I3UPoNYawpezx-OhSr2hs0DppN8hwow7MpnppypPP-c - null null
2026-03-06 17:38:22.538 +05:30 [INF] CORS policy execution successful.
2026-03-06 17:38:22.539 +05:30 [INF] Executing endpoint 'BubbleApp.Api.Controllers.GeneralController.Get (BubbleApp.Api)'
2026-03-06 17:38:22.540 +05:30 [INF] Route matched with {action = "Get", controller = "General"}. Executing controller action with signature System.Threading.Tasks.Task`1[Microsoft.AspNetCore.Mvc.IActionResult] Get(System.String, System.Threading.CancellationToken) on controller BubbleApp.Api.Controllers.GeneralController (BubbleApp.Api).
2026-03-06 17:38:22.543 +05:30 [INF] Executing OkObjectResult, writing value of type 'System.Collections.Generic.List`1[[BubbleApp.Common.ViewModels.General.GeneralMessageDto, BubbleApp.Common, Version=1.0.0.0, Culture=neutral, PublicKeyToken=null]]'.
2026-03-06 17:38:22.545 +05:30 [INF] Executed action BubbleApp.Api.Controllers.GeneralController.Get (BubbleApp.Api) in 3.4397ms
2026-03-06 17:38:22.546 +05:30 [INF] Executed endpoint 'BubbleApp.Api.Controllers.GeneralController.Get (BubbleApp.Api)'
2026-03-06 17:38:22.547 +05:30 [INF] HTTP GET /api/general responded 200 in 8.8888 ms
2026-03-06 17:38:22.549 +05:30 [INF] Request finished HTTP/1.1 GET http://localhost:5013/api/general?workspace=sample&key=I3UPoNYawpezx-OhSr2hs0DppN8hwow7MpnppypPP-c - 200 null application/json; charset=utf-8 12.3063ms
2026-03-06 17:38:24.724 +05:30 [INF] Request starting HTTP/1.1 GET http://localhost:5013/api/general?workspace=sample&key=I3UPoNYawpezx-OhSr2hs0DppN8hwow7MpnppypPP-c - null null
2026-03-06 17:38:24.726 +05:30 [INF] CORS policy execution successful.
2026-03-06 17:38:24.727 +05:30 [INF] Executing endpoint 'BubbleApp.Api.Controllers.GeneralController.Get (BubbleApp.Api)'
2026-03-06 17:38:24.728 +05:30 [INF] Route matched with {action = "Get", controller = "General"}. Executing controller action with signature System.Threading.Tasks.Task`1[Microsoft.AspNetCore.Mvc.IActionResult] Get(System.String, System.Threading.CancellationToken) on controller BubbleApp.Api.Controllers.GeneralController (BubbleApp.Api).
2026-03-06 17:38:24.732 +05:30 [INF] Executing OkObjectResult, writing value of type 'System.Collections.Generic.List`1[[BubbleApp.Common.ViewModels.General.GeneralMessageDto, BubbleApp.Common, Version=1.0.0.0, Culture=neutral, PublicKeyToken=null]]'.
2026-03-06 17:38:24.733 +05:30 [INF] Executed action BubbleApp.Api.Controllers.GeneralController.Get (BubbleApp.Api) in 3.7162ms
2026-03-06 17:38:24.734 +05:30 [INF] Executed endpoint 'BubbleApp.Api.Controllers.GeneralController.Get (BubbleApp.Api)'
2026-03-06 17:38:24.735 +05:30 [INF] HTTP GET /api/general responded 200 in 8.8866 ms
2026-03-06 17:38:24.736 +05:30 [INF] Request finished HTTP/1.1 GET http://localhost:5013/api/general?workspace=sample&key=I3UPoNYawpezx-OhSr2hs0DppN8hwow7MpnppypPP-c - 200 null application/json; charset=utf-8 12.4985ms
2026-03-06 17:38:25.351 +05:30 [INF] Executing StatusCodeResult, setting HTTP status code 204
2026-03-06 17:38:25.353 +05:30 [INF] Executed action BubbleApp.Api.Controllers.WidgetConfigController.Long (BubbleApp.Api) in 25005.9722ms
2026-03-06 17:38:25.354 +05:30 [INF] Executed endpoint 'BubbleApp.Api.Controllers.WidgetConfigController.Long (BubbleApp.Api)'
2026-03-06 17:38:25.355 +05:30 [INF] HTTP GET /api/widget/config/long responded 204 in 25012.1464 ms
2026-03-06 17:38:25.356 +05:30 [INF] Request finished HTTP/1.1 GET http://localhost:5013/api/widget/config/long?workspace=sample&key=I3UPoNYawpezx-OhSr2hs0DppN8hwow7MpnppypPP-c&since=0 - 204 null null 25016.2455ms
2026-03-06 17:38:25.360 +05:30 [INF] Request starting HTTP/1.1 GET http://localhost:5013/api/widget/config/long?workspace=sample&key=I3UPoNYawpezx-OhSr2hs0DppN8hwow7MpnppypPP-c&since=0 - null null
2026-03-06 17:38:25.362 +05:30 [INF] CORS policy execution successful.
2026-03-06 17:38:25.363 +05:30 [INF] Executing endpoint 'BubbleApp.Api.Controllers.WidgetConfigController.Long (BubbleApp.Api)'
2026-03-06 17:38:25.364 +05:30 [INF] Route matched with {action = "Long", controller = "WidgetConfig"}. Executing controller action with signature System.Threading.Tasks.Task`1[Microsoft.AspNetCore.Mvc.IActionResult] Long(System.String, Int64, System.Threading.CancellationToken) on controller BubbleApp.Api.Controllers.WidgetConfigController (BubbleApp.Api).
2026-03-06 17:38:25.677 +05:30 [INF] Request starting HTTP/1.1 GET http://localhost:5013/api/reminders?workspace=sample&key=I3UPoNYawpezx-OhSr2hs0DppN8hwow7MpnppypPP-c&userId=4 - null null
2026-03-06 17:38:25.680 +05:30 [INF] CORS policy execution successful.
2026-03-06 17:38:25.681 +05:30 [INF] Executing endpoint 'BubbleApp.Api.Controllers.RemindersController.Get (BubbleApp.Api)'
2026-03-06 17:38:25.682 +05:30 [INF] Route matched with {action = "Get", controller = "Reminders"}. Executing controller action with signature System.Threading.Tasks.Task`1[Microsoft.AspNetCore.Mvc.IActionResult] Get(System.String, System.String, System.Threading.CancellationToken) on controller BubbleApp.Api.Controllers.RemindersController (BubbleApp.Api).
2026-03-06 17:38:25.685 +05:30 [INF] Executing OkObjectResult, writing value of type 'System.Collections.Generic.List`1[[BubbleApp.Common.ViewModels.Reminder.ReminderDto, BubbleApp.Common, Version=1.0.0.0, Culture=neutral, PublicKeyToken=null]]'.
2026-03-06 17:38:25.686 +05:30 [INF] Executed action BubbleApp.Api.Controllers.RemindersController.Get (BubbleApp.Api) in 2.5148ms
2026-03-06 17:38:25.687 +05:30 [INF] Executed endpoint 'BubbleApp.Api.Controllers.RemindersController.Get (BubbleApp.Api)'
2026-03-06 17:38:25.688 +05:30 [INF] HTTP GET /api/reminders responded 200 in 8.2607 ms
2026-03-06 17:38:25.690 +05:30 [INF] Request finished HTTP/1.1 GET http://localhost:5013/api/reminders?workspace=sample&key=I3UPoNYawpezx-OhSr2hs0DppN8hwow7MpnppypPP-c&userId=4 - 200 null application/json; charset=utf-8 12.4976ms
2026-03-06 17:38:27.559 +05:30 [INF] Request starting HTTP/1.1 GET http://localhost:5013/api/general?workspace=sample&key=I3UPoNYawpezx-OhSr2hs0DppN8hwow7MpnppypPP-c - null null
2026-03-06 17:38:27.562 +05:30 [INF] CORS policy execution successful.
2026-03-06 17:38:27.563 +05:30 [INF] Executing endpoint 'BubbleApp.Api.Controllers.GeneralController.Get (BubbleApp.Api)'
2026-03-06 17:38:27.564 +05:30 [INF] Route matched with {action = "Get", controller = "General"}. Executing controller action with signature System.Threading.Tasks.Task`1[Microsoft.AspNetCore.Mvc.IActionResult] Get(System.String, System.Threading.CancellationToken) on controller BubbleApp.Api.Controllers.GeneralController (BubbleApp.Api).
2026-03-06 17:38:27.568 +05:30 [INF] Executing OkObjectResult, writing value of type 'System.Collections.Generic.List`1[[BubbleApp.Common.ViewModels.General.GeneralMessageDto, BubbleApp.Common, Version=1.0.0.0, Culture=neutral, PublicKeyToken=null]]'.
2026-03-06 17:38:27.570 +05:30 [INF] Executed action BubbleApp.Api.Controllers.GeneralController.Get (BubbleApp.Api) in 3.2985ms
2026-03-06 17:38:27.571 +05:30 [INF] Executed endpoint 'BubbleApp.Api.Controllers.GeneralController.Get (BubbleApp.Api)'
2026-03-06 17:38:27.572 +05:30 [INF] HTTP GET /api/general responded 200 in 9.7299 ms
2026-03-06 17:38:27.574 +05:30 [INF] Request finished HTTP/1.1 GET http://localhost:5013/api/general?workspace=sample&key=I3UPoNYawpezx-OhSr2hs0DppN8hwow7MpnppypPP-c - 200 null application/json; charset=utf-8 14.7951ms
2026-03-06 17:38:29.037 +05:30 [INF] Executing StatusCodeResult, setting HTTP status code 204
2026-03-06 17:38:29.039 +05:30 [INF] Executed action BubbleApp.Api.Controllers.WidgetConfigController.Long (BubbleApp.Api) in 25010.5427ms
2026-03-06 17:38:29.040 +05:30 [INF] Executed endpoint 'BubbleApp.Api.Controllers.WidgetConfigController.Long (BubbleApp.Api)'
2026-03-06 17:38:29.042 +05:30 [INF] HTTP GET /api/widget/config/long responded 204 in 25020.3792 ms
2026-03-06 17:38:29.043 +05:30 [INF] Request finished HTTP/1.1 GET http://localhost:5013/api/widget/config/long?workspace=sample&key=I3UPoNYawpezx-OhSr2hs0DppN8hwow7MpnppypPP-c&since=0 - 204 null null 25026.0406ms
2026-03-06 17:38:29.047 +05:30 [INF] Request starting HTTP/1.1 GET http://localhost:5013/api/widget/config/long?workspace=sample&key=I3UPoNYawpezx-OhSr2hs0DppN8hwow7MpnppypPP-c&since=0 - null null
2026-03-06 17:38:29.050 +05:30 [INF] CORS policy execution successful.
2026-03-06 17:38:29.051 +05:30 [INF] Executing endpoint 'BubbleApp.Api.Controllers.WidgetConfigController.Long (BubbleApp.Api)'
2026-03-06 17:38:29.053 +05:30 [INF] Executing StatusCodeResult, setting HTTP status code 204
2026-03-06 17:38:29.053 +05:30 [INF] Route matched with {action = "Long", controller = "WidgetConfig"}. Executing controller action with signature System.Threading.Tasks.Task`1[Microsoft.AspNetCore.Mvc.IActionResult] Long(System.String, Int64, System.Threading.CancellationToken) on controller BubbleApp.Api.Controllers.WidgetConfigController (BubbleApp.Api).
2026-03-06 17:38:29.054 +05:30 [INF] Executed action BubbleApp.Api.Controllers.WidgetConfigController.Long (BubbleApp.Api) in 25013.3375ms
2026-03-06 17:38:29.057 +05:30 [INF] Executed endpoint 'BubbleApp.Api.Controllers.WidgetConfigController.Long (BubbleApp.Api)'
2026-03-06 17:38:29.058 +05:30 [INF] HTTP GET /api/widget/config/long responded 204 in 25021.8295 ms
2026-03-06 17:38:29.060 +05:30 [INF] Request finished HTTP/1.1 GET http://localhost:5013/api/widget/config/long?workspace=sample&key=I3UPoNYawpezx-OhSr2hs0DppN8hwow7MpnppypPP-c&since=0 - 204 null null 25027.6712ms
2026-03-06 17:38:29.063 +05:30 [INF] Request starting HTTP/1.1 GET http://localhost:5013/api/widget/config/long?workspace=sample&key=I3UPoNYawpezx-OhSr2hs0DppN8hwow7MpnppypPP-c&since=0 - null null
2026-03-06 17:38:29.066 +05:30 [INF] CORS policy execution successful.
2026-03-06 17:38:29.067 +05:30 [INF] Executing endpoint 'BubbleApp.Api.Controllers.WidgetConfigController.Long (BubbleApp.Api)'
2026-03-06 17:38:29.068 +05:30 [INF] Route matched with {action = "Long", controller = "WidgetConfig"}. Executing controller action with signature System.Threading.Tasks.Task`1[Microsoft.AspNetCore.Mvc.IActionResult] Long(System.String, Int64, System.Threading.CancellationToken) on controller BubbleApp.Api.Controllers.WidgetConfigController (BubbleApp.Api).
2026-03-06 17:38:32.941 +05:30 [INF] Request starting HTTP/1.1 GET http://localhost:5013/api/reminders?workspace=sample&key=I3UPoNYawpezx-OhSr2hs0DppN8hwow7MpnppypPP-c&userId=28 - null null
2026-03-06 17:38:32.946 +05:30 [INF] CORS policy execution successful.
2026-03-06 17:38:32.947 +05:30 [INF] Executing endpoint 'BubbleApp.Api.Controllers.RemindersController.Get (BubbleApp.Api)'
2026-03-06 17:38:32.948 +05:30 [INF] Route matched with {action = "Get", controller = "Reminders"}. Executing controller action with signature System.Threading.Tasks.Task`1[Microsoft.AspNetCore.Mvc.IActionResult] Get(System.String, System.String, System.Threading.CancellationToken) on controller BubbleApp.Api.Controllers.RemindersController (BubbleApp.Api).
2026-03-06 17:38:32.953 +05:30 [INF] Executing OkObjectResult, writing value of type 'System.Collections.Generic.List`1[[BubbleApp.Common.ViewModels.Reminder.ReminderDto, BubbleApp.Common, Version=1.0.0.0, Culture=neutral, PublicKeyToken=null]]'.
2026-03-06 17:38:32.954 +05:30 [INF] Executed action BubbleApp.Api.Controllers.RemindersController.Get (BubbleApp.Api) in 3.5018ms
2026-03-06 17:38:32.956 +05:30 [INF] Executed endpoint 'BubbleApp.Api.Controllers.RemindersController.Get (BubbleApp.Api)'
2026-03-06 17:38:32.957 +05:30 [INF] HTTP GET /api/reminders responded 200 in 11.2906 ms
2026-03-06 17:38:32.958 +05:30 [INF] Request finished HTTP/1.1 GET http://localhost:5013/api/reminders?workspace=sample&key=I3UPoNYawpezx-OhSr2hs0DppN8hwow7MpnppypPP-c&userId=28 - 200 null application/json; charset=utf-8 17.6747ms
2026-03-06 17:38:34.858 +05:30 [INF] Request starting HTTP/1.1 OPTIONS http://localhost:5013/api/reminders/f74053e9-6c14-4679-9bea-f13477eeda8a/ack - null null
2026-03-06 17:38:34.860 +05:30 [INF] CORS policy execution successful.
2026-03-06 17:38:34.861 +05:30 [INF] HTTP OPTIONS /api/reminders/f74053e9-6c14-4679-9bea-f13477eeda8a/ack responded 204 in 0.9322 ms
2026-03-06 17:38:34.862 +05:30 [INF] Request finished HTTP/1.1 OPTIONS http://localhost:5013/api/reminders/f74053e9-6c14-4679-9bea-f13477eeda8a/ack - 204 null null 4.5526ms
2026-03-06 17:38:34.865 +05:30 [INF] Request starting HTTP/1.1 PATCH http://localhost:5013/api/reminders/f74053e9-6c14-4679-9bea-f13477eeda8a/ack - application/json 88
2026-03-06 17:38:34.867 +05:30 [INF] CORS policy execution successful.
2026-03-06 17:38:34.868 +05:30 [INF] Executing endpoint 'BubbleApp.Api.Controllers.RemindersController.Acknowledge (BubbleApp.Api)'
2026-03-06 17:38:34.872 +05:30 [INF] Route matched with {action = "Acknowledge", controller = "Reminders"}. Executing controller action with signature System.Threading.Tasks.Task`1[Microsoft.AspNetCore.Mvc.IActionResult] Acknowledge(System.String, AckDto, System.Threading.CancellationToken) on controller BubbleApp.Api.Controllers.RemindersController (BubbleApp.Api).
2026-03-06 17:38:34.880 +05:30 [INF] Executing StatusCodeResult, setting HTTP status code 204
2026-03-06 17:38:34.881 +05:30 [INF] Executed action BubbleApp.Api.Controllers.RemindersController.Acknowledge (BubbleApp.Api) in 7.1538ms
2026-03-06 17:38:34.882 +05:30 [INF] Executed endpoint 'BubbleApp.Api.Controllers.RemindersController.Acknowledge (BubbleApp.Api)'
2026-03-06 17:38:34.883 +05:30 [INF] HTTP PATCH /api/reminders/f74053e9-6c14-4679-9bea-f13477eeda8a/ack responded 204 in 15.7369 ms
2026-03-06 17:38:34.885 +05:30 [INF] Request finished HTTP/1.1 PATCH http://localhost:5013/api/reminders/f74053e9-6c14-4679-9bea-f13477eeda8a/ack - 204 null null 20.1883ms
2026-03-06 17:38:36.253 +05:30 [INF] Request starting HTTP/1.1 PATCH http://localhost:5013/api/reminders/f74053e9-6c14-4679-9bea-f13477eeda8a/ack - application/json 88
2026-03-06 17:38:36.256 +05:30 [INF] CORS policy execution successful.
2026-03-06 17:38:36.257 +05:30 [INF] Executing endpoint 'BubbleApp.Api.Controllers.RemindersController.Acknowledge (BubbleApp.Api)'
2026-03-06 17:38:36.258 +05:30 [INF] Route matched with {action = "Acknowledge", controller = "Reminders"}. Executing controller action with signature System.Threading.Tasks.Task`1[Microsoft.AspNetCore.Mvc.IActionResult] Acknowledge(System.String, AckDto, System.Threading.CancellationToken) on controller BubbleApp.Api.Controllers.RemindersController (BubbleApp.Api).
2026-03-06 17:38:36.275 +05:30 [INF] Executing ObjectResult, writing value of type 'Microsoft.AspNetCore.Mvc.ProblemDetails'.
2026-03-06 17:38:36.293 +05:30 [INF] Executed action BubbleApp.Api.Controllers.RemindersController.Acknowledge (BubbleApp.Api) in 32.6406ms
2026-03-06 17:38:36.295 +05:30 [INF] Executed endpoint 'BubbleApp.Api.Controllers.RemindersController.Acknowledge (BubbleApp.Api)'
2026-03-06 17:38:36.296 +05:30 [INF] HTTP PATCH /api/reminders/f74053e9-6c14-4679-9bea-f13477eeda8a/ack responded 404 in 39.8418 ms
2026-03-06 17:38:36.299 +05:30 [INF] Request finished HTTP/1.1 PATCH http://localhost:5013/api/reminders/f74053e9-6c14-4679-9bea-f13477eeda8a/ack - 404 null application/problem+json; charset=utf-8 45.7253ms
2026-03-06 17:38:42.536 +05:30 [INF] Request starting HTTP/1.1 GET http://localhost:5013/api/reminders?workspace=sample&key=I3UPoNYawpezx-OhSr2hs0DppN8hwow7MpnppypPP-c&userId=4 - null null
2026-03-06 17:38:42.540 +05:30 [INF] CORS policy execution successful.
2026-03-06 17:38:42.542 +05:30 [INF] Executing endpoint 'BubbleApp.Api.Controllers.RemindersController.Get (BubbleApp.Api)'
2026-03-06 17:38:42.544 +05:30 [INF] Route matched with {action = "Get", controller = "Reminders"}. Executing controller action with signature System.Threading.Tasks.Task`1[Microsoft.AspNetCore.Mvc.IActionResult] Get(System.String, System.String, System.Threading.CancellationToken) on controller BubbleApp.Api.Controllers.RemindersController (BubbleApp.Api).
2026-03-06 17:38:42.551 +05:30 [INF] Executing OkObjectResult, writing value of type 'System.Collections.Generic.List`1[[BubbleApp.Common.ViewModels.Reminder.ReminderDto, BubbleApp.Common, Version=1.0.0.0, Culture=neutral, PublicKeyToken=null]]'.
2026-03-06 17:38:42.554 +05:30 [INF] Executed action BubbleApp.Api.Controllers.RemindersController.Get (BubbleApp.Api) in 5.6551ms
2026-03-06 17:38:42.556 +05:30 [INF] Executed endpoint 'BubbleApp.Api.Controllers.RemindersController.Get (BubbleApp.Api)'
2026-03-06 17:38:42.557 +05:30 [INF] HTTP GET /api/reminders responded 200 in 16.7221 ms
2026-03-06 17:38:42.560 +05:30 [INF] Request finished HTTP/1.1 GET http://localhost:5013/api/reminders?workspace=sample&key=I3UPoNYawpezx-OhSr2hs0DppN8hwow7MpnppypPP-c&userId=4 - 200 null application/json; charset=utf-8 23.6616ms
2026-03-06 17:38:50.372 +05:30 [INF] Executing StatusCodeResult, setting HTTP status code 204
2026-03-06 17:38:50.378 +05:30 [INF] Executed action BubbleApp.Api.Controllers.WidgetConfigController.Long (BubbleApp.Api) in 25011.6836ms
2026-03-06 17:38:50.383 +05:30 [INF] Executed endpoint 'BubbleApp.Api.Controllers.WidgetConfigController.Long (BubbleApp.Api)'
2026-03-06 17:38:50.387 +05:30 [INF] HTTP GET /api/widget/config/long responded 204 in 25024.7737 ms
2026-03-06 17:38:50.391 +05:30 [INF] Request finished HTTP/1.1 GET http://localhost:5013/api/widget/config/long?workspace=sample&key=I3UPoNYawpezx-OhSr2hs0DppN8hwow7MpnppypPP-c&since=0 - 204 null null 25030.787ms
2026-03-06 17:38:50.401 +05:30 [INF] Request starting HTTP/1.1 GET http://localhost:5013/api/widget/config/long?workspace=sample&key=I3UPoNYawpezx-OhSr2hs0DppN8hwow7MpnppypPP-c&since=0 - null null
2026-03-06 17:38:50.413 +05:30 [INF] CORS policy execution successful.
2026-03-06 17:38:50.414 +05:30 [INF] Executing endpoint 'BubbleApp.Api.Controllers.WidgetConfigController.Long (BubbleApp.Api)'
2026-03-06 17:38:50.416 +05:30 [INF] Route matched with {action = "Long", controller = "WidgetConfig"}. Executing controller action with signature System.Threading.Tasks.Task`1[Microsoft.AspNetCore.Mvc.IActionResult] Long(System.String, Int64, System.Threading.CancellationToken) on controller BubbleApp.Api.Controllers.WidgetConfigController (BubbleApp.Api).
2026-03-06 17:38:54.067 +05:30 [INF] Executing StatusCodeResult, setting HTTP status code 204
2026-03-06 17:38:54.069 +05:30 [INF] Executed action BubbleApp.Api.Controllers.WidgetConfigController.Long (BubbleApp.Api) in 25012.6013ms
2026-03-06 17:38:54.070 +05:30 [INF] Executed endpoint 'BubbleApp.Api.Controllers.WidgetConfigController.Long (BubbleApp.Api)'
2026-03-06 17:38:54.070 +05:30 [INF] HTTP GET /api/widget/config/long responded 204 in 25020.6214 ms
2026-03-06 17:38:54.072 +05:30 [INF] Request finished HTTP/1.1 GET http://localhost:5013/api/widget/config/long?workspace=sample&key=I3UPoNYawpezx-OhSr2hs0DppN8hwow7MpnppypPP-c&since=0 - 204 null null 25024.9112ms
2026-03-06 17:38:54.075 +05:30 [INF] Request starting HTTP/1.1 GET http://localhost:5013/api/widget/config/long?workspace=sample&key=I3UPoNYawpezx-OhSr2hs0DppN8hwow7MpnppypPP-c&since=0 - null null
2026-03-06 17:38:54.077 +05:30 [INF] CORS policy execution successful.
2026-03-06 17:38:54.077 +05:30 [INF] Executing endpoint 'BubbleApp.Api.Controllers.WidgetConfigController.Long (BubbleApp.Api)'
2026-03-06 17:38:54.078 +05:30 [INF] Route matched with {action = "Long", controller = "WidgetConfig"}. Executing controller action with signature System.Threading.Tasks.Task`1[Microsoft.AspNetCore.Mvc.IActionResult] Long(System.String, Int64, System.Threading.CancellationToken) on controller BubbleApp.Api.Controllers.WidgetConfigController (BubbleApp.Api).
2026-03-06 17:38:54.081 +05:30 [INF] Executing StatusCodeResult, setting HTTP status code 204
2026-03-06 17:38:54.082 +05:30 [INF] Executed action BubbleApp.Api.Controllers.WidgetConfigController.Long (BubbleApp.Api) in 25011.3517ms
2026-03-06 17:38:54.083 +05:30 [INF] Executed endpoint 'BubbleApp.Api.Controllers.WidgetConfigController.Long (BubbleApp.Api)'
2026-03-06 17:38:54.084 +05:30 [INF] HTTP GET /api/widget/config/long responded 204 in 25017.8129 ms
2026-03-06 17:38:54.085 +05:30 [INF] Request finished HTTP/1.1 GET http://localhost:5013/api/widget/config/long?workspace=sample&key=I3UPoNYawpezx-OhSr2hs0DppN8hwow7MpnppypPP-c&since=0 - 204 null null 25021.5992ms
2026-03-06 17:38:54.088 +05:30 [INF] Request starting HTTP/1.1 GET http://localhost:5013/api/widget/config/long?workspace=sample&key=I3UPoNYawpezx-OhSr2hs0DppN8hwow7MpnppypPP-c&since=0 - null null
2026-03-06 17:38:54.089 +05:30 [INF] CORS policy execution successful.
2026-03-06 17:38:54.090 +05:30 [INF] Executing endpoint 'BubbleApp.Api.Controllers.WidgetConfigController.Long (BubbleApp.Api)'
2026-03-06 17:38:54.091 +05:30 [INF] Route matched with {action = "Long", controller = "WidgetConfig"}. Executing controller action with signature System.Threading.Tasks.Task`1[Microsoft.AspNetCore.Mvc.IActionResult] Long(System.String, Int64, System.Threading.CancellationToken) on controller BubbleApp.Api.Controllers.WidgetConfigController (BubbleApp.Api).
2026-03-06 17:38:57.563 +05:30 [INF] Request starting HTTP/1.1 GET http://localhost:5013/api/reminders?workspace=sample&key=I3UPoNYawpezx-OhSr2hs0DppN8hwow7MpnppypPP-c&userId=28 - null null
2026-03-06 17:38:57.568 +05:30 [INF] CORS policy execution successful.
2026-03-06 17:38:57.569 +05:30 [INF] Executing endpoint 'BubbleApp.Api.Controllers.RemindersController.Get (BubbleApp.Api)'
2026-03-06 17:38:57.571 +05:30 [INF] Route matched with {action = "Get", controller = "Reminders"}. Executing controller action with signature System.Threading.Tasks.Task`1[Microsoft.AspNetCore.Mvc.IActionResult] Get(System.String, System.String, System.Threading.CancellationToken) on controller BubbleApp.Api.Controllers.RemindersController (BubbleApp.Api).
2026-03-06 17:38:57.576 +05:30 [INF] Executing OkObjectResult, writing value of type 'System.Collections.Generic.List`1[[BubbleApp.Common.ViewModels.Reminder.ReminderDto, BubbleApp.Common, Version=1.0.0.0, Culture=neutral, PublicKeyToken=null]]'.
2026-03-06 17:38:57.578 +05:30 [INF] Executed action BubbleApp.Api.Controllers.RemindersController.Get (BubbleApp.Api) in 3.8408ms
2026-03-06 17:38:57.580 +05:30 [INF] Executed endpoint 'BubbleApp.Api.Controllers.RemindersController.Get (BubbleApp.Api)'
2026-03-06 17:38:57.581 +05:30 [INF] HTTP GET /api/reminders responded 200 in 13.0233 ms
2026-03-06 17:38:57.583 +05:30 [INF] Request finished HTTP/1.1 GET http://localhost:5013/api/reminders?workspace=sample&key=I3UPoNYawpezx-OhSr2hs0DppN8hwow7MpnppypPP-c&userId=28 - 200 null application/json; charset=utf-8 19.0043ms
2026-03-06 17:39:01.549 +05:30 [INF] Request starting HTTP/1.1 GET http://localhost:5013/api/reminders?workspace=sample&key=I3UPoNYawpezx-OhSr2hs0DppN8hwow7MpnppypPP-c&userId=4 - null null
2026-03-06 17:39:01.554 +05:30 [INF] Request starting HTTP/1.1 OPTIONS http://localhost:5013/api/reminders/f74053e9-6c14-4679-9bea-f13477eeda8a/ack - null null
2026-03-06 17:39:01.557 +05:30 [INF] CORS policy execution successful.
2026-03-06 17:39:01.560 +05:30 [INF] CORS policy execution successful.
2026-03-06 17:39:01.561 +05:30 [INF] Executing endpoint 'BubbleApp.Api.Controllers.RemindersController.Get (BubbleApp.Api)'
2026-03-06 17:39:01.562 +05:30 [INF] HTTP OPTIONS /api/reminders/f74053e9-6c14-4679-9bea-f13477eeda8a/ack responded 204 in 2.4235 ms
2026-03-06 17:39:01.563 +05:30 [INF] Route matched with {action = "Get", controller = "Reminders"}. Executing controller action with signature System.Threading.Tasks.Task`1[Microsoft.AspNetCore.Mvc.IActionResult] Get(System.String, System.String, System.Threading.CancellationToken) on controller BubbleApp.Api.Controllers.RemindersController (BubbleApp.Api).
2026-03-06 17:39:01.565 +05:30 [INF] Request finished HTTP/1.1 OPTIONS http://localhost:5013/api/reminders/f74053e9-6c14-4679-9bea-f13477eeda8a/ack - 204 null null 11.258ms
2026-03-06 17:39:01.568 +05:30 [INF] Executing OkObjectResult, writing value of type 'System.Collections.Generic.List`1[[BubbleApp.Common.ViewModels.Reminder.ReminderDto, BubbleApp.Common, Version=1.0.0.0, Culture=neutral, PublicKeyToken=null]]'.
2026-03-06 17:39:01.570 +05:30 [INF] Request starting HTTP/1.1 PATCH http://localhost:5013/api/reminders/f74053e9-6c14-4679-9bea-f13477eeda8a/ack - application/json 88
2026-03-06 17:39:01.571 +05:30 [INF] Executed action BubbleApp.Api.Controllers.RemindersController.Get (BubbleApp.Api) in 4.3574ms
2026-03-06 17:39:01.574 +05:30 [INF] CORS policy execution successful.
2026-03-06 17:39:01.575 +05:30 [INF] Executed endpoint 'BubbleApp.Api.Controllers.RemindersController.Get (BubbleApp.Api)'
2026-03-06 17:39:01.576 +05:30 [INF] Executing endpoint 'BubbleApp.Api.Controllers.RemindersController.Acknowledge (BubbleApp.Api)'
2026-03-06 17:39:01.577 +05:30 [INF] HTTP GET /api/reminders responded 200 in 20.4395 ms
2026-03-06 17:39:01.579 +05:30 [INF] Route matched with {action = "Acknowledge", controller = "Reminders"}. Executing controller action with signature System.Threading.Tasks.Task`1[Microsoft.AspNetCore.Mvc.IActionResult] Acknowledge(System.String, AckDto, System.Threading.CancellationToken) on controller BubbleApp.Api.Controllers.RemindersController (BubbleApp.Api).
2026-03-06 17:39:01.580 +05:30 [INF] Request finished HTTP/1.1 GET http://localhost:5013/api/reminders?workspace=sample&key=I3UPoNYawpezx-OhSr2hs0DppN8hwow7MpnppypPP-c&userId=4 - 200 null application/json; charset=utf-8 31.6412ms
2026-03-06 17:39:01.585 +05:30 [INF] Executing ObjectResult, writing value of type 'Microsoft.AspNetCore.Mvc.ProblemDetails'.
2026-03-06 17:39:01.587 +05:30 [INF] Executed action BubbleApp.Api.Controllers.RemindersController.Acknowledge (BubbleApp.Api) in 4.7675ms
2026-03-06 17:39:01.589 +05:30 [INF] Executed endpoint 'BubbleApp.Api.Controllers.RemindersController.Acknowledge (BubbleApp.Api)'
2026-03-06 17:39:01.590 +05:30 [INF] HTTP PATCH /api/reminders/f74053e9-6c14-4679-9bea-f13477eeda8a/ack responded 404 in 16.1251 ms
2026-03-06 17:39:01.592 +05:30 [INF] Request finished HTTP/1.1 PATCH http://localhost:5013/api/reminders/f74053e9-6c14-4679-9bea-f13477eeda8a/ack - 404 null application/problem+json; charset=utf-8 22.3901ms
2026-03-06 17:39:03.840 +05:30 [INF] Request starting HTTP/1.1 PATCH http://localhost:5013/api/reminders/f74053e9-6c14-4679-9bea-f13477eeda8a/ack - application/json 88
2026-03-06 17:39:03.844 +05:30 [INF] CORS policy execution successful.
2026-03-06 17:39:03.845 +05:30 [INF] Executing endpoint 'BubbleApp.Api.Controllers.RemindersController.Acknowledge (BubbleApp.Api)'
2026-03-06 17:39:03.846 +05:30 [INF] Route matched with {action = "Acknowledge", controller = "Reminders"}. Executing controller action with signature System.Threading.Tasks.Task`1[Microsoft.AspNetCore.Mvc.IActionResult] Acknowledge(System.String, AckDto, System.Threading.CancellationToken) on controller BubbleApp.Api.Controllers.RemindersController (BubbleApp.Api).
2026-03-06 17:39:03.850 +05:30 [INF] Executing ObjectResult, writing value of type 'Microsoft.AspNetCore.Mvc.ProblemDetails'.
2026-03-06 17:39:03.852 +05:30 [INF] Executed action BubbleApp.Api.Controllers.RemindersController.Acknowledge (BubbleApp.Api) in 3.1785ms
2026-03-06 17:39:03.853 +05:30 [INF] Executed endpoint 'BubbleApp.Api.Controllers.RemindersController.Acknowledge (BubbleApp.Api)'
2026-03-06 17:39:03.854 +05:30 [INF] HTTP PATCH /api/reminders/f74053e9-6c14-4679-9bea-f13477eeda8a/ack responded 404 in 10.7254 ms
2026-03-06 17:39:03.856 +05:30 [INF] Request finished HTTP/1.1 PATCH http://localhost:5013/api/reminders/f74053e9-6c14-4679-9bea-f13477eeda8a/ack - 404 null application/problem+json; charset=utf-8 15.9165ms
2026-03-06 17:39:05.442 +05:30 [INF] Request starting HTTP/1.1 PATCH http://localhost:5013/api/reminders/f74053e9-6c14-4679-9bea-f13477eeda8a/ack - application/json 88
2026-03-06 17:39:05.445 +05:30 [INF] CORS policy execution successful.
2026-03-06 17:39:05.446 +05:30 [INF] Executing endpoint 'BubbleApp.Api.Controllers.RemindersController.Acknowledge (BubbleApp.Api)'
2026-03-06 17:39:05.447 +05:30 [INF] Route matched with {action = "Acknowledge", controller = "Reminders"}. Executing controller action with signature System.Threading.Tasks.Task`1[Microsoft.AspNetCore.Mvc.IActionResult] Acknowledge(System.String, AckDto, System.Threading.CancellationToken) on controller BubbleApp.Api.Controllers.RemindersController (BubbleApp.Api).
2026-03-06 17:39:05.451 +05:30 [INF] Executing ObjectResult, writing value of type 'Microsoft.AspNetCore.Mvc.ProblemDetails'.
2026-03-06 17:39:05.452 +05:30 [INF] Executed action BubbleApp.Api.Controllers.RemindersController.Acknowledge (BubbleApp.Api) in 2.947ms
2026-03-06 17:39:05.453 +05:30 [INF] Executed endpoint 'BubbleApp.Api.Controllers.RemindersController.Acknowledge (BubbleApp.Api)'
2026-03-06 17:39:05.455 +05:30 [INF] HTTP PATCH /api/reminders/f74053e9-6c14-4679-9bea-f13477eeda8a/ack responded 404 in 9.7889 ms
2026-03-06 17:39:05.456 +05:30 [INF] Request finished HTTP/1.1 PATCH http://localhost:5013/api/reminders/f74053e9-6c14-4679-9bea-f13477eeda8a/ack - 404 null application/problem+json; charset=utf-8 14.1534ms
2026-03-06 17:39:08.511 +05:30 [INF] Request starting HTTP/1.1 OPTIONS http://localhost:5013/api/reminders/f74053e9-6c14-4679-9bea-f13477eeda8a?workspace=sample&key=I3UPoNYawpezx-OhSr2hs0DppN8hwow7MpnppypPP-c&userId=28 - null null
2026-03-06 17:39:08.518 +05:30 [INF] CORS policy execution successful.
2026-03-06 17:39:08.519 +05:30 [INF] HTTP OPTIONS /api/reminders/f74053e9-6c14-4679-9bea-f13477eeda8a responded 204 in 0.8231 ms
2026-03-06 17:39:08.521 +05:30 [INF] Request finished HTTP/1.1 OPTIONS http://localhost:5013/api/reminders/f74053e9-6c14-4679-9bea-f13477eeda8a?workspace=sample&key=I3UPoNYawpezx-OhSr2hs0DppN8hwow7MpnppypPP-c&userId=28 - 204 null null 9.3506ms
2026-03-06 17:39:08.525 +05:30 [INF] Request starting HTTP/1.1 DELETE http://localhost:5013/api/reminders/f74053e9-6c14-4679-9bea-f13477eeda8a?workspace=sample&key=I3UPoNYawpezx-OhSr2hs0DppN8hwow7MpnppypPP-c&userId=28 - null null
2026-03-06 17:39:08.527 +05:30 [INF] CORS policy execution successful.
2026-03-06 17:39:08.528 +05:30 [INF] Executing endpoint 'BubbleApp.Api.Controllers.RemindersController.Delete (BubbleApp.Api)'
2026-03-06 17:39:08.532 +05:30 [INF] Route matched with {action = "Delete", controller = "Reminders"}. Executing controller action with signature System.Threading.Tasks.Task`1[Microsoft.AspNetCore.Mvc.IActionResult] Delete(System.String, System.String, System.String, System.Threading.CancellationToken) on controller BubbleApp.Api.Controllers.RemindersController (BubbleApp.Api).
2026-03-06 17:39:08.557 +05:30 [INF] Executing StatusCodeResult, setting HTTP status code 204
2026-03-06 17:39:08.558 +05:30 [INF] Executed action BubbleApp.Api.Controllers.RemindersController.Delete (BubbleApp.Api) in 23.8386ms
2026-03-06 17:39:08.559 +05:30 [INF] Executed endpoint 'BubbleApp.Api.Controllers.RemindersController.Delete (BubbleApp.Api)'
2026-03-06 17:39:08.560 +05:30 [INF] HTTP DELETE /api/reminders/f74053e9-6c14-4679-9bea-f13477eeda8a responded 204 in 33.0281 ms
2026-03-06 17:39:08.562 +05:30 [INF] Request finished HTTP/1.1 DELETE http://localhost:5013/api/reminders/f74053e9-6c14-4679-9bea-f13477eeda8a?workspace=sample&key=I3UPoNYawpezx-OhSr2hs0DppN8hwow7MpnppypPP-c&userId=28 - 204 null null 36.9576ms
2026-03-06 17:39:08.566 +05:30 [INF] Request starting HTTP/1.1 GET http://localhost:5013/api/reminders?workspace=sample&key=I3UPoNYawpezx-OhSr2hs0DppN8hwow7MpnppypPP-c&userId=28 - null null
2026-03-06 17:39:08.568 +05:30 [INF] CORS policy execution successful.
2026-03-06 17:39:08.569 +05:30 [INF] Executing endpoint 'BubbleApp.Api.Controllers.RemindersController.Get (BubbleApp.Api)'
2026-03-06 17:39:08.570 +05:30 [INF] Route matched with {action = "Get", controller = "Reminders"}. Executing controller action with signature System.Threading.Tasks.Task`1[Microsoft.AspNetCore.Mvc.IActionResult] Get(System.String, System.String, System.Threading.CancellationToken) on controller BubbleApp.Api.Controllers.RemindersController (BubbleApp.Api).
2026-03-06 17:39:08.573 +05:30 [INF] Executing OkObjectResult, writing value of type 'System.Collections.Generic.List`1[[BubbleApp.Common.ViewModels.Reminder.ReminderDto, BubbleApp.Common, Version=1.0.0.0, Culture=neutral, PublicKeyToken=null]]'.
2026-03-06 17:39:08.574 +05:30 [INF] Executed action BubbleApp.Api.Controllers.RemindersController.Get (BubbleApp.Api) in 2.6017ms
2026-03-06 17:39:08.576 +05:30 [INF] Executed endpoint 'BubbleApp.Api.Controllers.RemindersController.Get (BubbleApp.Api)'
2026-03-06 17:39:08.576 +05:30 [INF] Request starting HTTP/1.1 GET http://localhost:5013/api/reminders?workspace=sample&key=I3UPoNYawpezx-OhSr2hs0DppN8hwow7MpnppypPP-c&userId=28 - null null
2026-03-06 17:39:08.577 +05:30 [INF] HTTP GET /api/reminders responded 200 in 8.0478 ms
2026-03-06 17:39:08.579 +05:30 [INF] CORS policy execution successful.
2026-03-06 17:39:08.580 +05:30 [INF] Request finished HTTP/1.1 GET http://localhost:5013/api/reminders?workspace=sample&key=I3UPoNYawpezx-OhSr2hs0DppN8hwow7MpnppypPP-c&userId=28 - 200 null application/json; charset=utf-8 14.2806ms
2026-03-06 17:39:08.581 +05:30 [INF] Executing endpoint 'BubbleApp.Api.Controllers.RemindersController.Get (BubbleApp.Api)'
2026-03-06 17:39:08.585 +05:30 [INF] Route matched with {action = "Get", controller = "Reminders"}. Executing controller action with signature System.Threading.Tasks.Task`1[Microsoft.AspNetCore.Mvc.IActionResult] Get(System.String, System.String, System.Threading.CancellationToken) on controller BubbleApp.Api.Controllers.RemindersController (BubbleApp.Api).
2026-03-06 17:39:08.588 +05:30 [INF] Executing OkObjectResult, writing value of type 'System.Collections.Generic.List`1[[BubbleApp.Common.ViewModels.Reminder.ReminderDto, BubbleApp.Common, Version=1.0.0.0, Culture=neutral, PublicKeyToken=null]]'.
2026-03-06 17:39:08.589 +05:30 [INF] Executed action BubbleApp.Api.Controllers.RemindersController.Get (BubbleApp.Api) in 2.408ms
2026-03-06 17:39:08.590 +05:30 [INF] Executed endpoint 'BubbleApp.Api.Controllers.RemindersController.Get (BubbleApp.Api)'
2026-03-06 17:39:08.591 +05:30 [INF] HTTP GET /api/reminders responded 200 in 12.1369 ms
2026-03-06 17:39:08.592 +05:30 [INF] Request finished HTTP/1.1 GET http://localhost:5013/api/reminders?workspace=sample&key=I3UPoNYawpezx-OhSr2hs0DppN8hwow7MpnppypPP-c&userId=28 - 200 null application/json; charset=utf-8 16.0346ms
2026-03-06 17:39:10.070 +05:30 [INF] Request starting HTTP/1.1 OPTIONS http://localhost:5013/api/reminders/edbe4891-6775-4b82-8275-4e30c3b8b144?workspace=sample&key=I3UPoNYawpezx-OhSr2hs0DppN8hwow7MpnppypPP-c&userId=28 - null null
2026-03-06 17:39:10.075 +05:30 [INF] CORS policy execution successful.
2026-03-06 17:39:10.075 +05:30 [INF] HTTP OPTIONS /api/reminders/edbe4891-6775-4b82-8275-4e30c3b8b144 responded 204 in 0.9735 ms
2026-03-06 17:39:10.077 +05:30 [INF] Request finished HTTP/1.1 OPTIONS http://localhost:5013/api/reminders/edbe4891-6775-4b82-8275-4e30c3b8b144?workspace=sample&key=I3UPoNYawpezx-OhSr2hs0DppN8hwow7MpnppypPP-c&userId=28 - 204 null null 7.0376ms
2026-03-06 17:39:10.081 +05:30 [INF] Request starting HTTP/1.1 DELETE http://localhost:5013/api/reminders/edbe4891-6775-4b82-8275-4e30c3b8b144?workspace=sample&key=I3UPoNYawpezx-OhSr2hs0DppN8hwow7MpnppypPP-c&userId=28 - null null
2026-03-06 17:39:10.083 +05:30 [INF] CORS policy execution successful.
2026-03-06 17:39:10.084 +05:30 [INF] Executing endpoint 'BubbleApp.Api.Controllers.RemindersController.Delete (BubbleApp.Api)'
2026-03-06 17:39:10.085 +05:30 [INF] Route matched with {action = "Delete", controller = "Reminders"}. Executing controller action with signature System.Threading.Tasks.Task`1[Microsoft.AspNetCore.Mvc.IActionResult] Delete(System.String, System.String, System.String, System.Threading.CancellationToken) on controller BubbleApp.Api.Controllers.RemindersController (BubbleApp.Api).
2026-03-06 17:39:10.089 +05:30 [INF] Executing StatusCodeResult, setting HTTP status code 204
2026-03-06 17:39:10.090 +05:30 [INF] Executed action BubbleApp.Api.Controllers.RemindersController.Delete (BubbleApp.Api) in 2.6191ms
2026-03-06 17:39:10.091 +05:30 [INF] Executed endpoint 'BubbleApp.Api.Controllers.RemindersController.Delete (BubbleApp.Api)'
2026-03-06 17:39:10.092 +05:30 [INF] HTTP DELETE /api/reminders/edbe4891-6775-4b82-8275-4e30c3b8b144 responded 204 in 8.6470 ms
2026-03-06 17:39:10.093 +05:30 [INF] Request finished HTTP/1.1 DELETE http://localhost:5013/api/reminders/edbe4891-6775-4b82-8275-4e30c3b8b144?workspace=sample&key=I3UPoNYawpezx-OhSr2hs0DppN8hwow7MpnppypPP-c&userId=28 - 204 null null 12.5621ms
2026-03-06 17:39:10.096 +05:30 [INF] Request starting HTTP/1.1 GET http://localhost:5013/api/reminders?workspace=sample&key=I3UPoNYawpezx-OhSr2hs0DppN8hwow7MpnppypPP-c&userId=28 - null null
2026-03-06 17:39:10.099 +05:30 [INF] CORS policy execution successful.
2026-03-06 17:39:10.100 +05:30 [INF] Executing endpoint 'BubbleApp.Api.Controllers.RemindersController.Get (BubbleApp.Api)'
2026-03-06 17:39:10.101 +05:30 [INF] Route matched with {action = "Get", controller = "Reminders"}. Executing controller action with signature System.Threading.Tasks.Task`1[Microsoft.AspNetCore.Mvc.IActionResult] Get(System.String, System.String, System.Threading.CancellationToken) on controller BubbleApp.Api.Controllers.RemindersController (BubbleApp.Api).
2026-03-06 17:39:10.104 +05:30 [INF] Executing OkObjectResult, writing value of type 'System.Collections.Generic.List`1[[BubbleApp.Common.ViewModels.Reminder.ReminderDto, BubbleApp.Common, Version=1.0.0.0, Culture=neutral, PublicKeyToken=null]]'.
2026-03-06 17:39:10.106 +05:30 [INF] Executed action BubbleApp.Api.Controllers.RemindersController.Get (BubbleApp.Api) in 2.6027ms
2026-03-06 17:39:10.106 +05:30 [INF] Request starting HTTP/1.1 GET http://localhost:5013/api/reminders?workspace=sample&key=I3UPoNYawpezx-OhSr2hs0DppN8hwow7MpnppypPP-c&userId=28 - null null
2026-03-06 17:39:10.107 +05:30 [INF] Executed endpoint 'BubbleApp.Api.Controllers.RemindersController.Get (BubbleApp.Api)'
2026-03-06 17:39:10.109 +05:30 [INF] CORS policy execution successful.
2026-03-06 17:39:10.110 +05:30 [INF] HTTP GET /api/reminders responded 200 in 10.7168 ms
2026-03-06 17:39:10.110 +05:30 [INF] Executing endpoint 'BubbleApp.Api.Controllers.RemindersController.Get (BubbleApp.Api)'
2026-03-06 17:39:10.112 +05:30 [INF] Request finished HTTP/1.1 GET http://localhost:5013/api/reminders?workspace=sample&key=I3UPoNYawpezx-OhSr2hs0DppN8hwow7MpnppypPP-c&userId=28 - 200 null application/json; charset=utf-8 15.3556ms
2026-03-06 17:39:10.113 +05:30 [INF] Route matched with {action = "Get", controller = "Reminders"}. Executing controller action with signature System.Threading.Tasks.Task`1[Microsoft.AspNetCore.Mvc.IActionResult] Get(System.String, System.String, System.Threading.CancellationToken) on controller BubbleApp.Api.Controllers.RemindersController (BubbleApp.Api).
2026-03-06 17:39:10.119 +05:30 [INF] Executing OkObjectResult, writing value of type 'System.Collections.Generic.List`1[[BubbleApp.Common.ViewModels.Reminder.ReminderDto, BubbleApp.Common, Version=1.0.0.0, Culture=neutral, PublicKeyToken=null]]'.
2026-03-06 17:39:10.120 +05:30 [INF] Executed action BubbleApp.Api.Controllers.RemindersController.Get (BubbleApp.Api) in 2.8106ms
2026-03-06 17:39:10.121 +05:30 [INF] Executed endpoint 'BubbleApp.Api.Controllers.RemindersController.Get (BubbleApp.Api)'
2026-03-06 17:39:10.122 +05:30 [INF] HTTP GET /api/reminders responded 200 in 13.2465 ms
2026-03-06 17:39:10.123 +05:30 [INF] Request finished HTTP/1.1 GET http://localhost:5013/api/reminders?workspace=sample&key=I3UPoNYawpezx-OhSr2hs0DppN8hwow7MpnppypPP-c&userId=28 - 200 null application/json; charset=utf-8 16.9843ms
2026-03-06 17:39:12.681 +05:30 [INF] Request starting HTTP/1.1 GET http://localhost:5013/api/notes?workspace=sample&key=I3UPoNYawpezx-OhSr2hs0DppN8hwow7MpnppypPP-c&userId=28 - null null
2026-03-06 17:39:12.685 +05:30 [INF] CORS policy execution successful.
2026-03-06 17:39:12.686 +05:30 [INF] Executing endpoint 'BubbleApp.Api.Controllers.NotesController.Get (BubbleApp.Api)'
2026-03-06 17:39:12.687 +05:30 [INF] Route matched with {action = "Get", controller = "Notes"}. Executing controller action with signature System.Threading.Tasks.Task`1[Microsoft.AspNetCore.Mvc.IActionResult] Get(System.String, System.String, System.Threading.CancellationToken) on controller BubbleApp.Api.Controllers.NotesController (BubbleApp.Api).
2026-03-06 17:39:12.691 +05:30 [INF] Executing OkObjectResult, writing value of type 'System.Collections.Generic.List`1[[BubbleApp.Common.ViewModels.Notes.NoteDto, BubbleApp.Common, Version=1.0.0.0, Culture=neutral, PublicKeyToken=null]]'.
2026-03-06 17:39:12.692 +05:30 [INF] Executed action BubbleApp.Api.Controllers.NotesController.Get (BubbleApp.Api) in 3.1389ms
2026-03-06 17:39:12.694 +05:30 [INF] Executed endpoint 'BubbleApp.Api.Controllers.NotesController.Get (BubbleApp.Api)'
2026-03-06 17:39:12.695 +05:30 [INF] HTTP GET /api/notes responded 200 in 9.9433 ms
2026-03-06 17:39:12.696 +05:30 [INF] Request finished HTTP/1.1 GET http://localhost:5013/api/notes?workspace=sample&key=I3UPoNYawpezx-OhSr2hs0DppN8hwow7MpnppypPP-c&userId=28 - 200 null application/json; charset=utf-8 15.593ms
2026-03-06 17:39:14.873 +05:30 [INF] Request starting HTTP/1.1 GET http://localhost:5013/api/todos?workspace=sample&key=I3UPoNYawpezx-OhSr2hs0DppN8hwow7MpnppypPP-c&userId=28 - null null
2026-03-06 17:39:14.876 +05:30 [INF] CORS policy execution successful.
2026-03-06 17:39:14.877 +05:30 [INF] Executing endpoint 'BubbleApp.Api.Controllers.TodosController.Get (BubbleApp.Api)'
2026-03-06 17:39:14.878 +05:30 [INF] Route matched with {action = "Get", controller = "Todos"}. Executing controller action with signature System.Threading.Tasks.Task`1[Microsoft.AspNetCore.Mvc.IActionResult] Get(System.String, System.String, System.Threading.CancellationToken) on controller BubbleApp.Api.Controllers.TodosController (BubbleApp.Api).
2026-03-06 17:39:14.882 +05:30 [INF] Executing OkObjectResult, writing value of type 'System.Collections.Generic.List`1[[BubbleApp.Common.ViewModels.Todo.TodoDto, BubbleApp.Common, Version=1.0.0.0, Culture=neutral, PublicKeyToken=null]]'.
2026-03-06 17:39:14.883 +05:30 [INF] Executed action BubbleApp.Api.Controllers.TodosController.Get (BubbleApp.Api) in 3.0646ms
2026-03-06 17:39:14.885 +05:30 [INF] Executed endpoint 'BubbleApp.Api.Controllers.TodosController.Get (BubbleApp.Api)'
2026-03-06 17:39:14.887 +05:30 [INF] HTTP GET /api/todos responded 200 in 10.8031 ms
2026-03-06 17:39:14.889 +05:30 [INF] Request finished HTTP/1.1 GET http://localhost:5013/api/todos?workspace=sample&key=I3UPoNYawpezx-OhSr2hs0DppN8hwow7MpnppypPP-c&userId=28 - 200 null application/json; charset=utf-8 15.4346ms
2026-03-06 17:39:15.428 +05:30 [INF] Executing StatusCodeResult, setting HTTP status code 204
2026-03-06 17:39:15.429 +05:30 [INF] Executed action BubbleApp.Api.Controllers.WidgetConfigController.Long (BubbleApp.Api) in 25010.4814ms
2026-03-06 17:39:15.430 +05:30 [INF] Executed endpoint 'BubbleApp.Api.Controllers.WidgetConfigController.Long (BubbleApp.Api)'
2026-03-06 17:39:15.431 +05:30 [INF] HTTP GET /api/widget/config/long responded 204 in 25017.7171 ms
2026-03-06 17:39:15.433 +05:30 [INF] Request finished HTTP/1.1 GET http://localhost:5013/api/widget/config/long?workspace=sample&key=I3UPoNYawpezx-OhSr2hs0DppN8hwow7MpnppypPP-c&since=0 - 204 null null 25032.0708ms
2026-03-06 17:39:15.437 +05:30 [INF] Request starting HTTP/1.1 GET http://localhost:5013/api/widget/config/long?workspace=sample&key=I3UPoNYawpezx-OhSr2hs0DppN8hwow7MpnppypPP-c&since=0 - null null
2026-03-06 17:39:15.439 +05:30 [INF] CORS policy execution successful.
2026-03-06 17:39:15.439 +05:30 [INF] Executing endpoint 'BubbleApp.Api.Controllers.WidgetConfigController.Long (BubbleApp.Api)'
2026-03-06 17:39:15.440 +05:30 [INF] Route matched with {action = "Long", controller = "WidgetConfig"}. Executing controller action with signature System.Threading.Tasks.Task`1[Microsoft.AspNetCore.Mvc.IActionResult] Long(System.String, Int64, System.Threading.CancellationToken) on controller BubbleApp.Api.Controllers.WidgetConfigController (BubbleApp.Api).
2026-03-06 17:39:19.095 +05:30 [INF] Executing StatusCodeResult, setting HTTP status code 204
2026-03-06 17:39:19.096 +05:30 [INF] Executing StatusCodeResult, setting HTTP status code 204
2026-03-06 17:39:19.102 +05:30 [INF] Executed action BubbleApp.Api.Controllers.WidgetConfigController.Long (BubbleApp.Api) in 25009.7544ms
2026-03-06 17:39:19.107 +05:30 [INF] Executed action BubbleApp.Api.Controllers.WidgetConfigController.Long (BubbleApp.Api) in 25027.0925ms
2026-03-06 17:39:19.109 +05:30 [INF] Executed endpoint 'BubbleApp.Api.Controllers.WidgetConfigController.Long (BubbleApp.Api)'
2026-03-06 17:39:19.111 +05:30 [INF] Executed endpoint 'BubbleApp.Api.Controllers.WidgetConfigController.Long (BubbleApp.Api)'
2026-03-06 17:39:19.111 +05:30 [INF] HTTP GET /api/widget/config/long responded 204 in 25022.0264 ms
2026-03-06 17:39:19.113 +05:30 [INF] HTTP GET /api/widget/config/long responded 204 in 25035.7430 ms
2026-03-06 17:39:19.114 +05:30 [INF] Request finished HTTP/1.1 GET http://localhost:5013/api/widget/config/long?workspace=sample&key=I3UPoNYawpezx-OhSr2hs0DppN8hwow7MpnppypPP-c&since=0 - 204 null null 25026.4017ms
2026-03-06 17:39:19.115 +05:30 [INF] Request finished HTTP/1.1 GET http://localhost:5013/api/widget/config/long?workspace=sample&key=I3UPoNYawpezx-OhSr2hs0DppN8hwow7MpnppypPP-c&since=0 - 204 null null 25040.5976ms
2026-03-06 17:39:19.118 +05:30 [INF] Request starting HTTP/1.1 GET http://localhost:5013/api/widget/config/long?workspace=sample&key=I3UPoNYawpezx-OhSr2hs0DppN8hwow7MpnppypPP-c&since=0 - null null
2026-03-06 17:39:19.121 +05:30 [INF] Request starting HTTP/1.1 GET http://localhost:5013/api/widget/config/long?workspace=sample&key=I3UPoNYawpezx-OhSr2hs0DppN8hwow7MpnppypPP-c&since=0 - null null
2026-03-06 17:39:19.123 +05:30 [INF] CORS policy execution successful.
2026-03-06 17:39:19.125 +05:30 [INF] CORS policy execution successful.
2026-03-06 17:39:19.125 +05:30 [INF] Executing endpoint 'BubbleApp.Api.Controllers.WidgetConfigController.Long (BubbleApp.Api)'
2026-03-06 17:39:19.126 +05:30 [INF] Executing endpoint 'BubbleApp.Api.Controllers.WidgetConfigController.Long (BubbleApp.Api)'
2026-03-06 17:39:19.127 +05:30 [INF] Route matched with {action = "Long", controller = "WidgetConfig"}. Executing controller action with signature System.Threading.Tasks.Task`1[Microsoft.AspNetCore.Mvc.IActionResult] Long(System.String, Int64, System.Threading.CancellationToken) on controller BubbleApp.Api.Controllers.WidgetConfigController (BubbleApp.Api).
2026-03-06 17:39:19.128 +05:30 [INF] Route matched with {action = "Long", controller = "WidgetConfig"}. Executing controller action with signature System.Threading.Tasks.Task`1[Microsoft.AspNetCore.Mvc.IActionResult] Long(System.String, Int64, System.Threading.CancellationToken) on controller BubbleApp.Api.Controllers.WidgetConfigController (BubbleApp.Api).
2026-03-06 17:39:20.809 +05:30 [INF] Request starting HTTP/1.1 OPTIONS http://localhost:5013/api/todos - null null
2026-03-06 17:39:20.813 +05:30 [INF] CORS policy execution successful.
2026-03-06 17:39:20.814 +05:30 [INF] HTTP OPTIONS /api/todos responded 204 in 1.0201 ms
2026-03-06 17:39:20.815 +05:30 [INF] Request finished HTTP/1.1 OPTIONS http://localhost:5013/api/todos - 204 null null 5.9505ms
2026-03-06 17:39:20.819 +05:30 [INF] Request starting HTTP/1.1 POST http://localhost:5013/api/todos - application/json 135
2026-03-06 17:39:20.821 +05:30 [INF] CORS policy execution successful.
2026-03-06 17:39:20.822 +05:30 [INF] Executing endpoint 'BubbleApp.Api.Controllers.TodosController.Create (BubbleApp.Api)'
2026-03-06 17:39:20.823 +05:30 [INF] Route matched with {action = "Create", controller = "Todos"}. Executing controller action with signature System.Threading.Tasks.Task`1[Microsoft.AspNetCore.Mvc.IActionResult] Create(CreateTodoDto, System.Threading.CancellationToken) on controller BubbleApp.Api.Controllers.TodosController (BubbleApp.Api).
2026-03-06 17:39:20.827 +05:30 [INF] Executing OkObjectResult, writing value of type 'BubbleApp.Common.ViewModels.Todo.TodoDto'.
2026-03-06 17:39:20.828 +05:30 [INF] Executed action BubbleApp.Api.Controllers.TodosController.Create (BubbleApp.Api) in 3.014ms
2026-03-06 17:39:20.829 +05:30 [INF] Executed endpoint 'BubbleApp.Api.Controllers.TodosController.Create (BubbleApp.Api)'
2026-03-06 17:39:20.831 +05:30 [INF] HTTP POST /api/todos responded 200 in 9.3081 ms
2026-03-06 17:39:20.832 +05:30 [INF] Request finished HTTP/1.1 POST http://localhost:5013/api/todos - 200 null application/json; charset=utf-8 13.4013ms
2026-03-06 17:39:20.835 +05:30 [INF] Request starting HTTP/1.1 GET http://localhost:5013/api/todos?workspace=sample&key=I3UPoNYawpezx-OhSr2hs0DppN8hwow7MpnppypPP-c&userId=28 - null null
2026-03-06 17:39:20.839 +05:30 [INF] CORS policy execution successful.
2026-03-06 17:39:20.840 +05:30 [INF] Executing endpoint 'BubbleApp.Api.Controllers.TodosController.Get (BubbleApp.Api)'
2026-03-06 17:39:20.841 +05:30 [INF] Route matched with {action = "Get", controller = "Todos"}. Executing controller action with signature System.Threading.Tasks.Task`1[Microsoft.AspNetCore.Mvc.IActionResult] Get(System.String, System.String, System.Threading.CancellationToken) on controller BubbleApp.Api.Controllers.TodosController (BubbleApp.Api).
2026-03-06 17:39:20.845 +05:30 [INF] Executing OkObjectResult, writing value of type 'System.Collections.Generic.List`1[[BubbleApp.Common.ViewModels.Todo.TodoDto, BubbleApp.Common, Version=1.0.0.0, Culture=neutral, PublicKeyToken=null]]'.
2026-03-06 17:39:20.846 +05:30 [INF] Executed action BubbleApp.Api.Controllers.TodosController.Get (BubbleApp.Api) in 3.1746ms
2026-03-06 17:39:20.847 +05:30 [INF] Executed endpoint 'BubbleApp.Api.Controllers.TodosController.Get (BubbleApp.Api)'
2026-03-06 17:39:20.848 +05:30 [INF] HTTP GET /api/todos responded 200 in 9.1674 ms
2026-03-06 17:39:20.850 +05:30 [INF] Request finished HTTP/1.1 GET http://localhost:5013/api/todos?workspace=sample&key=I3UPoNYawpezx-OhSr2hs0DppN8hwow7MpnppypPP-c&userId=28 - 200 null application/json; charset=utf-8 14.4593ms
2026-03-06 17:39:22.576 +05:30 [INF] Request starting HTTP/1.1 OPTIONS http://localhost:5013/api/todos/e5998c64-1674-48eb-915e-9aa77bf63564 - null null
2026-03-06 17:39:22.579 +05:30 [INF] CORS policy execution successful.
2026-03-06 17:39:22.580 +05:30 [INF] HTTP OPTIONS /api/todos/e5998c64-1674-48eb-915e-9aa77bf63564 responded 204 in 1.3307 ms
2026-03-06 17:39:22.582 +05:30 [INF] Request finished HTTP/1.1 OPTIONS http://localhost:5013/api/todos/e5998c64-1674-48eb-915e-9aa77bf63564 - 204 null null 6.0886ms
2026-03-06 17:39:22.585 +05:30 [INF] Request starting HTTP/1.1 PATCH http://localhost:5013/api/todos/e5998c64-1674-48eb-915e-9aa77bf63564 - application/json 100
2026-03-06 17:39:22.587 +05:30 [INF] CORS policy execution successful.
2026-03-06 17:39:22.588 +05:30 [INF] Executing endpoint 'BubbleApp.Api.Controllers.TodosController.PatchDone (BubbleApp.Api)'
2026-03-06 17:39:22.589 +05:30 [INF] Route matched with {action = "PatchDone", controller = "Todos"}. Executing controller action with signature System.Threading.Tasks.Task`1[Microsoft.AspNetCore.Mvc.IActionResult] PatchDone(System.String, PatchDoneDto, System.Threading.CancellationToken) on controller BubbleApp.Api.Controllers.TodosController (BubbleApp.Api).
2026-03-06 17:39:22.593 +05:30 [INF] Executing StatusCodeResult, setting HTTP status code 204
2026-03-06 17:39:22.593 +05:30 [INF] Executed action BubbleApp.Api.Controllers.TodosController.PatchDone (BubbleApp.Api) in 2.6904ms
2026-03-06 17:39:22.595 +05:30 [INF] Executed endpoint 'BubbleApp.Api.Controllers.TodosController.PatchDone (BubbleApp.Api)'
2026-03-06 17:39:22.595 +05:30 [INF] HTTP PATCH /api/todos/e5998c64-1674-48eb-915e-9aa77bf63564 responded 204 in 8.3337 ms
2026-03-06 17:39:22.597 +05:30 [INF] Request finished HTTP/1.1 PATCH http://localhost:5013/api/todos/e5998c64-1674-48eb-915e-9aa77bf63564 - 204 null null 12.2727ms
2026-03-06 17:39:40.458 +05:30 [INF] Executing StatusCodeResult, setting HTTP status code 204
2026-03-06 17:39:40.460 +05:30 [INF] Executed action BubbleApp.Api.Controllers.WidgetConfigController.Long (BubbleApp.Api) in 25018.5881ms
2026-03-06 17:39:40.461 +05:30 [INF] Executed endpoint 'BubbleApp.Api.Controllers.WidgetConfigController.Long (BubbleApp.Api)'
2026-03-06 17:39:40.462 +05:30 [INF] HTTP GET /api/widget/config/long responded 204 in 25023.3315 ms
2026-03-06 17:39:40.463 +05:30 [INF] Request finished HTTP/1.1 GET http://localhost:5013/api/widget/config/long?workspace=sample&key=I3UPoNYawpezx-OhSr2hs0DppN8hwow7MpnppypPP-c&since=0 - 204 null null 25026.5881ms
2026-03-06 17:39:40.467 +05:30 [INF] Request starting HTTP/1.1 GET http://localhost:5013/api/widget/config/long?workspace=sample&key=I3UPoNYawpezx-OhSr2hs0DppN8hwow7MpnppypPP-c&since=0 - null null
2026-03-06 17:39:40.469 +05:30 [INF] CORS policy execution successful.
2026-03-06 17:39:40.470 +05:30 [INF] Executing endpoint 'BubbleApp.Api.Controllers.WidgetConfigController.Long (BubbleApp.Api)'
2026-03-06 17:39:40.471 +05:30 [INF] Route matched with {action = "Long", controller = "WidgetConfig"}. Executing controller action with signature System.Threading.Tasks.Task`1[Microsoft.AspNetCore.Mvc.IActionResult] Long(System.String, Int64, System.Threading.CancellationToken) on controller BubbleApp.Api.Controllers.WidgetConfigController (BubbleApp.Api).
2026-03-06 17:39:42.543 +05:30 [INF] Request starting HTTP/1.1 GET http://localhost:5013/api/reminders?workspace=sample&key=I3UPoNYawpezx-OhSr2hs0DppN8hwow7MpnppypPP-c&userId=4 - null null
2026-03-06 17:39:42.548 +05:30 [INF] CORS policy execution successful.
2026-03-06 17:39:42.549 +05:30 [INF] Executing endpoint 'BubbleApp.Api.Controllers.RemindersController.Get (BubbleApp.Api)'
2026-03-06 17:39:42.550 +05:30 [INF] Route matched with {action = "Get", controller = "Reminders"}. Executing controller action with signature System.Threading.Tasks.Task`1[Microsoft.AspNetCore.Mvc.IActionResult] Get(System.String, System.String, System.Threading.CancellationToken) on controller BubbleApp.Api.Controllers.RemindersController (BubbleApp.Api).
2026-03-06 17:39:42.555 +05:30 [INF] Executing OkObjectResult, writing value of type 'System.Collections.Generic.List`1[[BubbleApp.Common.ViewModels.Reminder.ReminderDto, BubbleApp.Common, Version=1.0.0.0, Culture=neutral, PublicKeyToken=null]]'.
2026-03-06 17:39:42.557 +05:30 [INF] Executed action BubbleApp.Api.Controllers.RemindersController.Get (BubbleApp.Api) in 3.5384ms
2026-03-06 17:39:42.559 +05:30 [INF] Executed endpoint 'BubbleApp.Api.Controllers.RemindersController.Get (BubbleApp.Api)'
2026-03-06 17:39:42.562 +05:30 [INF] HTTP GET /api/reminders responded 200 in 13.6966 ms
2026-03-06 17:39:42.564 +05:30 [INF] Request finished HTTP/1.1 GET http://localhost:5013/api/reminders?workspace=sample&key=I3UPoNYawpezx-OhSr2hs0DppN8hwow7MpnppypPP-c&userId=4 - 200 null application/json; charset=utf-8 21.1313ms
2026-03-06 17:39:44.137 +05:30 [INF] Executing StatusCodeResult, setting HTTP status code 204
2026-03-06 17:39:44.137 +05:30 [INF] Executing StatusCodeResult, setting HTTP status code 204
2026-03-06 17:39:44.140 +05:30 [INF] Executed action BubbleApp.Api.Controllers.WidgetConfigController.Long (BubbleApp.Api) in 25010.8331ms
2026-03-06 17:39:44.142 +05:30 [INF] Executed action BubbleApp.Api.Controllers.WidgetConfigController.Long (BubbleApp.Api) in 25011.0956ms
2026-03-06 17:39:44.144 +05:30 [INF] Executed endpoint 'BubbleApp.Api.Controllers.WidgetConfigController.Long (BubbleApp.Api)'
2026-03-06 17:39:44.146 +05:30 [INF] Executed endpoint 'BubbleApp.Api.Controllers.WidgetConfigController.Long (BubbleApp.Api)'
2026-03-06 17:39:44.148 +05:30 [INF] HTTP GET /api/widget/config/long responded 204 in 25025.3042 ms
2026-03-06 17:39:44.149 +05:30 [INF] HTTP GET /api/widget/config/long responded 204 in 25024.5343 ms
2026-03-06 17:39:44.153 +05:30 [INF] Request finished HTTP/1.1 GET http://localhost:5013/api/widget/config/long?workspace=sample&key=I3UPoNYawpezx-OhSr2hs0DppN8hwow7MpnppypPP-c&since=0 - 204 null null 25034.1879ms
2026-03-06 17:39:44.156 +05:30 [INF] Request finished HTTP/1.1 GET http://localhost:5013/api/widget/config/long?workspace=sample&key=I3UPoNYawpezx-OhSr2hs0DppN8hwow7MpnppypPP-c&since=0 - 204 null null 25035.4281ms
2026-03-06 17:39:44.163 +05:30 [INF] Request starting HTTP/1.1 GET http://localhost:5013/api/widget/config/long?workspace=sample&key=I3UPoNYawpezx-OhSr2hs0DppN8hwow7MpnppypPP-c&since=0 - null null
2026-03-06 17:39:44.170 +05:30 [INF] Request starting HTTP/1.1 GET http://localhost:5013/api/widget/config/long?workspace=sample&key=I3UPoNYawpezx-OhSr2hs0DppN8hwow7MpnppypPP-c&since=0 - null null
2026-03-06 17:39:44.174 +05:30 [INF] CORS policy execution successful.
2026-03-06 17:39:44.178 +05:30 [INF] CORS policy execution successful.
2026-03-06 17:39:44.179 +05:30 [INF] Executing endpoint 'BubbleApp.Api.Controllers.WidgetConfigController.Long (BubbleApp.Api)'
2026-03-06 17:39:44.181 +05:30 [INF] Executing endpoint 'BubbleApp.Api.Controllers.WidgetConfigController.Long (BubbleApp.Api)'
2026-03-06 17:39:44.183 +05:30 [INF] Route matched with {action = "Long", controller = "WidgetConfig"}. Executing controller action with signature System.Threading.Tasks.Task`1[Microsoft.AspNetCore.Mvc.IActionResult] Long(System.String, Int64, System.Threading.CancellationToken) on controller BubbleApp.Api.Controllers.WidgetConfigController (BubbleApp.Api).
2026-03-06 17:39:44.185 +05:30 [INF] Route matched with {action = "Long", controller = "WidgetConfig"}. Executing controller action with signature System.Threading.Tasks.Task`1[Microsoft.AspNetCore.Mvc.IActionResult] Long(System.String, Int64, System.Threading.CancellationToken) on controller BubbleApp.Api.Controllers.WidgetConfigController (BubbleApp.Api).
2026-03-06 17:39:57.563 +05:30 [INF] Request starting HTTP/1.1 GET http://localhost:5013/api/reminders?workspace=sample&key=I3UPoNYawpezx-OhSr2hs0DppN8hwow7MpnppypPP-c&userId=28 - null null
2026-03-06 17:39:57.571 +05:30 [INF] CORS policy execution successful.
2026-03-06 17:39:57.573 +05:30 [INF] Executing endpoint 'BubbleApp.Api.Controllers.RemindersController.Get (BubbleApp.Api)'
2026-03-06 17:39:57.574 +05:30 [INF] Route matched with {action = "Get", controller = "Reminders"}. Executing controller action with signature System.Threading.Tasks.Task`1[Microsoft.AspNetCore.Mvc.IActionResult] Get(System.String, System.String, System.Threading.CancellationToken) on controller BubbleApp.Api.Controllers.RemindersController (BubbleApp.Api).
2026-03-06 17:39:57.582 +05:30 [INF] Executing OkObjectResult, writing value of type 'System.Collections.Generic.List`1[[BubbleApp.Common.ViewModels.Reminder.ReminderDto, BubbleApp.Common, Version=1.0.0.0, Culture=neutral, PublicKeyToken=null]]'.
2026-03-06 17:39:57.587 +05:30 [INF] Executed action BubbleApp.Api.Controllers.RemindersController.Get (BubbleApp.Api) in 8.233ms
2026-03-06 17:39:57.591 +05:30 [INF] Executed endpoint 'BubbleApp.Api.Controllers.RemindersController.Get (BubbleApp.Api)'
2026-03-06 17:39:57.593 +05:30 [INF] HTTP GET /api/reminders responded 200 in 22.0082 ms
2026-03-06 17:39:57.596 +05:30 [INF] Request finished HTTP/1.1 GET http://localhost:5013/api/reminders?workspace=sample&key=I3UPoNYawpezx-OhSr2hs0DppN8hwow7MpnppypPP-c&userId=28 - 200 null application/json; charset=utf-8 32.7239ms
2026-03-06 17:40:05.479 +05:30 [INF] Executing StatusCodeResult, setting HTTP status code 204
2026-03-06 17:40:05.481 +05:30 [INF] Executed action BubbleApp.Api.Controllers.WidgetConfigController.Long (BubbleApp.Api) in 25007.6635ms
2026-03-06 17:40:05.483 +05:30 [INF] Executed endpoint 'BubbleApp.Api.Controllers.WidgetConfigController.Long (BubbleApp.Api)'
2026-03-06 17:40:05.486 +05:30 [INF] HTTP GET /api/widget/config/long responded 204 in 25016.4722 ms
2026-03-06 17:40:05.490 +05:30 [INF] Request finished HTTP/1.1 GET http://localhost:5013/api/widget/config/long?workspace=sample&key=I3UPoNYawpezx-OhSr2hs0DppN8hwow7MpnppypPP-c&since=0 - 204 null null 25023.0366ms
2026-03-06 17:40:05.498 +05:30 [INF] Request starting HTTP/1.1 GET http://localhost:5013/api/widget/config/long?workspace=sample&key=I3UPoNYawpezx-OhSr2hs0DppN8hwow7MpnppypPP-c&since=0 - null null
2026-03-06 17:40:05.504 +05:30 [INF] CORS policy execution successful.
2026-03-06 17:40:05.507 +05:30 [INF] Executing endpoint 'BubbleApp.Api.Controllers.WidgetConfigController.Long (BubbleApp.Api)'
2026-03-06 17:40:05.510 +05:30 [INF] Route matched with {action = "Long", controller = "WidgetConfig"}. Executing controller action with signature System.Threading.Tasks.Task`1[Microsoft.AspNetCore.Mvc.IActionResult] Long(System.String, Int64, System.Threading.CancellationToken) on controller BubbleApp.Api.Controllers.WidgetConfigController (BubbleApp.Api).
2026-03-06 17:40:06.136 +05:30 [INF] Executed action BubbleApp.Api.Controllers.WidgetConfigController.Long (BubbleApp.Api) in 621.7348ms
2026-03-06 17:40:06.140 +05:30 [INF] Executed endpoint 'BubbleApp.Api.Controllers.WidgetConfigController.Long (BubbleApp.Api)'
2026-03-06 17:40:06.137 +05:30 [INF] Executed action BubbleApp.Api.Controllers.WidgetConfigController.Long (BubbleApp.Api) in 21941.9065ms
2026-03-06 17:43:06.101 +05:30 [ERR] HTTP GET /api/widget/config/long responded 500 in 180596.3758 ms
System.OperationCanceledException: The operation was canceled.
   at System.Threading.CancellationToken.ThrowOperationCanceledException()
   at MongoDB.Driver.Core.Operations.RetryableReadContext.AcquireOrReplaceChannelAsync(OperationContext operationContext, IReadOnlyCollection`1 deprioritizedServers)
   at MongoDB.Driver.Core.Operations.RetryableReadContext.CreateAsync(OperationContext operationContext, IReadBinding binding, Boolean retryRequested)
   at MongoDB.Driver.Core.Operations.FindOperation`1.ExecuteAsync(OperationContext operationContext, IReadBinding binding)
   at MongoDB.Driver.OperationExecutor.ExecuteReadOperationAsync[TResult](OperationContext operationContext, IClientSessionHandle session, IReadOperation`1 operation, ReadPreference readPreference, Boolean allowChannelPinning)
   at MongoDB.Driver.MongoCollectionImpl`1.ExecuteReadOperationAsync[TResult](IClientSessionHandle session, IReadOperation`1 operation, ReadPreference explicitReadPreference, Nullable`1 timeout, CancellationToken cancellationToken)
   at MongoDB.Driver.MongoCollectionImpl`1.FindAsync[TProjection](FilterDefinition`1 filter, FindOptions`2 options, CancellationToken cancellationToken)
   at MongoDB.Driver.IAsyncCursorSourceExtensions.FirstOrDefaultAsync[TDocument](IAsyncCursorSource`1 source, CancellationToken cancellationToken)
   at BubbleApp.Api.Controllers.WidgetConfigController.Long(String workspace, Int64 since, CancellationToken ct) in D:\FB\MVC\src\BubbleApp.Api\Controllers\WidgetConfigController.cs:line 45
   at Microsoft.AspNetCore.Mvc.Infrastructure.ActionMethodExecutor.TaskOfIActionResultExecutor.Execute(ActionContext actionContext, IActionResultTypeMapper mapper, ObjectMethodExecutor executor, Object controller, Object[] arguments)
   at Microsoft.AspNetCore.Mvc.Infrastructure.ControllerActionInvoker.<InvokeActionMethodAsync>g__Awaited|12_0(ControllerActionInvoker invoker, ValueTask`1 actionResultValueTask)
   at Microsoft.AspNetCore.Mvc.Infrastructure.ControllerActionInvoker.<InvokeNextActionFilterAsync>g__Awaited|10_0(ControllerActionInvoker invoker, Task lastTask, State next, Scope scope, Object state, Boolean isCompleted)
   at Microsoft.AspNetCore.Mvc.Infrastructure.ControllerActionInvoker.Rethrow(ActionExecutedContextSealed context)
   at Microsoft.AspNetCore.Mvc.Infrastructure.ControllerActionInvoker.Next(State& next, Scope& scope, Object& state, Boolean& isCompleted)
   at Microsoft.AspNetCore.Mvc.Infrastructure.ControllerActionInvoker.<InvokeInnerFilterAsync>g__Awaited|13_0(ControllerActionInvoker invoker, Task lastTask, State next, Scope scope, Object state, Boolean isCompleted)
   at Microsoft.AspNetCore.Mvc.Infrastructure.ResourceInvoker.<InvokeFilterPipelineAsync>g__Awaited|20_0(ResourceInvoker invoker, Task lastTask, State next, Scope scope, Object state, Boolean isCompleted)
   at Microsoft.AspNetCore.Mvc.Infrastructure.ResourceInvoker.<InvokeAsync>g__Logged|17_1(ResourceInvoker invoker)
   at Microsoft.AspNetCore.Mvc.Infrastructure.ResourceInvoker.<InvokeAsync>g__Logged|17_1(ResourceInvoker invoker)
   at Microsoft.AspNetCore.Routing.EndpointMiddleware.<Invoke>g__AwaitRequestTask|7_0(Endpoint endpoint, Task requestTask, ILogger logger)
   at Swashbuckle.AspNetCore.SwaggerUI.SwaggerUIMiddleware.Invoke(HttpContext httpContext)
   at Microsoft.AspNetCore.Authorization.AuthorizationMiddleware.Invoke(HttpContext context)
   at Microsoft.AspNetCore.Authentication.AuthenticationMiddleware.Invoke(HttpContext context)
   at Serilog.AspNetCore.RequestLoggingMiddleware.Invoke(HttpContext httpContext)
2026-03-06 17:43:06.105 +05:30 [INF] Executed endpoint 'BubbleApp.Api.Controllers.WidgetConfigController.Long (BubbleApp.Api)'
2026-03-06 17:43:06.343 +05:30 [INF] Executed action BubbleApp.Api.Controllers.WidgetConfigController.Long (BubbleApp.Api) in 202153.2857ms
2026-03-06 17:43:06.414 +05:30 [INF] Request finished HTTP/1.1 GET http://localhost:5013/api/widget/config/long?workspace=sample&key=I3UPoNYawpezx-OhSr2hs0DppN8hwow7MpnppypPP-c&since=0 - 499 null null 180916.4469ms
2026-03-06 17:43:06.416 +05:30 [ERR] HTTP GET /api/widget/config/long responded 500 in 202237.9975 ms
System.OperationCanceledException: The operation was canceled.
   at System.Threading.CancellationToken.ThrowOperationCanceledException()
   at MongoDB.Driver.Core.Operations.RetryableReadContext.AcquireOrReplaceChannelAsync(OperationContext operationContext, IReadOnlyCollection`1 deprioritizedServers)
   at MongoDB.Driver.Core.Operations.RetryableReadContext.CreateAsync(OperationContext operationContext, IReadBinding binding, Boolean retryRequested)
   at MongoDB.Driver.Core.Operations.FindOperation`1.ExecuteAsync(OperationContext operationContext, IReadBinding binding)
   at MongoDB.Driver.OperationExecutor.ExecuteReadOperationAsync[TResult](OperationContext operationContext, IClientSessionHandle session, IReadOperation`1 operation, ReadPreference readPreference, Boolean allowChannelPinning)
   at MongoDB.Driver.MongoCollectionImpl`1.ExecuteReadOperationAsync[TResult](IClientSessionHandle session, IReadOperation`1 operation, ReadPreference explicitReadPreference, Nullable`1 timeout, CancellationToken cancellationToken)
   at MongoDB.Driver.MongoCollectionImpl`1.FindAsync[TProjection](FilterDefinition`1 filter, FindOptions`2 options, CancellationToken cancellationToken)
   at MongoDB.Driver.IAsyncCursorSourceExtensions.FirstOrDefaultAsync[TDocument](IAsyncCursorSource`1 source, CancellationToken cancellationToken)
   at BubbleApp.Api.Controllers.WidgetConfigController.Long(String workspace, Int64 since, CancellationToken ct) in D:\FB\MVC\src\BubbleApp.Api\Controllers\WidgetConfigController.cs:line 45
   at Microsoft.AspNetCore.Mvc.Infrastructure.ActionMethodExecutor.TaskOfIActionResultExecutor.Execute(ActionContext actionContext, IActionResultTypeMapper mapper, ObjectMethodExecutor executor, Object controller, Object[] arguments)
   at Microsoft.AspNetCore.Mvc.Infrastructure.ControllerActionInvoker.<InvokeActionMethodAsync>g__Awaited|12_0(ControllerActionInvoker invoker, ValueTask`1 actionResultValueTask)
   at Microsoft.AspNetCore.Mvc.Infrastructure.ControllerActionInvoker.<InvokeNextActionFilterAsync>g__Awaited|10_0(ControllerActionInvoker invoker, Task lastTask, State next, Scope scope, Object state, Boolean isCompleted)
   at Microsoft.AspNetCore.Mvc.Infrastructure.ControllerActionInvoker.Rethrow(ActionExecutedContextSealed context)
   at Microsoft.AspNetCore.Mvc.Infrastructure.ControllerActionInvoker.Next(State& next, Scope& scope, Object& state, Boolean& isCompleted)
   at Microsoft.AspNetCore.Mvc.Infrastructure.ControllerActionInvoker.<InvokeInnerFilterAsync>g__Awaited|13_0(ControllerActionInvoker invoker, Task lastTask, State next, Scope scope, Object state, Boolean isCompleted)
   at Microsoft.AspNetCore.Mvc.Infrastructure.ResourceInvoker.<InvokeFilterPipelineAsync>g__Awaited|20_0(ResourceInvoker invoker, Task lastTask, State next, Scope scope, Object state, Boolean isCompleted)
   at Microsoft.AspNetCore.Mvc.Infrastructure.ResourceInvoker.<InvokeAsync>g__Logged|17_1(ResourceInvoker invoker)
   at Microsoft.AspNetCore.Mvc.Infrastructure.ResourceInvoker.<InvokeAsync>g__Logged|17_1(ResourceInvoker invoker)
   at Microsoft.AspNetCore.Routing.EndpointMiddleware.<Invoke>g__AwaitRequestTask|7_0(Endpoint endpoint, Task requestTask, ILogger logger)
   at Swashbuckle.AspNetCore.SwaggerUI.SwaggerUIMiddleware.Invoke(HttpContext httpContext)
   at Microsoft.AspNetCore.Authorization.AuthorizationMiddleware.Invoke(HttpContext context)
   at Microsoft.AspNetCore.Authentication.AuthenticationMiddleware.Invoke(HttpContext context)
   at Serilog.AspNetCore.RequestLoggingMiddleware.Invoke(HttpContext httpContext)
2026-03-06 17:43:06.422 +05:30 [INF] Executed endpoint 'BubbleApp.Api.Controllers.WidgetConfigController.Long (BubbleApp.Api)'
2026-03-06 17:43:06.884 +05:30 [ERR] HTTP GET /api/widget/config/long responded 500 in 202709.4086 ms
System.OperationCanceledException: The operation was canceled.
   at System.Threading.CancellationToken.ThrowOperationCanceledException()
   at MongoDB.Driver.Core.Operations.RetryableReadContext.AcquireOrReplaceChannelAsync(OperationContext operationContext, IReadOnlyCollection`1 deprioritizedServers)
   at MongoDB.Driver.Core.Operations.RetryableReadContext.CreateAsync(OperationContext operationContext, IReadBinding binding, Boolean retryRequested)
   at MongoDB.Driver.Core.Operations.FindOperation`1.ExecuteAsync(OperationContext operationContext, IReadBinding binding)
   at MongoDB.Driver.OperationExecutor.ExecuteReadOperationAsync[TResult](OperationContext operationContext, IClientSessionHandle session, IReadOperation`1 operation, ReadPreference readPreference, Boolean allowChannelPinning)
   at MongoDB.Driver.MongoCollectionImpl`1.ExecuteReadOperationAsync[TResult](IClientSessionHandle session, IReadOperation`1 operation, ReadPreference explicitReadPreference, Nullable`1 timeout, CancellationToken cancellationToken)
   at MongoDB.Driver.MongoCollectionImpl`1.FindAsync[TProjection](FilterDefinition`1 filter, FindOptions`2 options, CancellationToken cancellationToken)
   at MongoDB.Driver.IAsyncCursorSourceExtensions.FirstOrDefaultAsync[TDocument](IAsyncCursorSource`1 source, CancellationToken cancellationToken)
   at BubbleApp.Api.Controllers.WidgetConfigController.Long(String workspace, Int64 since, CancellationToken ct) in D:\FB\MVC\src\BubbleApp.Api\Controllers\WidgetConfigController.cs:line 45
   at Microsoft.AspNetCore.Mvc.Infrastructure.ActionMethodExecutor.TaskOfIActionResultExecutor.Execute(ActionContext actionContext, IActionResultTypeMapper mapper, ObjectMethodExecutor executor, Object controller, Object[] arguments)
   at Microsoft.AspNetCore.Mvc.Infrastructure.ControllerActionInvoker.<InvokeActionMethodAsync>g__Awaited|12_0(ControllerActionInvoker invoker, ValueTask`1 actionResultValueTask)
   at Microsoft.AspNetCore.Mvc.Infrastructure.ControllerActionInvoker.<InvokeNextActionFilterAsync>g__Awaited|10_0(ControllerActionInvoker invoker, Task lastTask, State next, Scope scope, Object state, Boolean isCompleted)
   at Microsoft.AspNetCore.Mvc.Infrastructure.ControllerActionInvoker.Rethrow(ActionExecutedContextSealed context)
   at Microsoft.AspNetCore.Mvc.Infrastructure.ControllerActionInvoker.Next(State& next, Scope& scope, Object& state, Boolean& isCompleted)
   at Microsoft.AspNetCore.Mvc.Infrastructure.ControllerActionInvoker.<InvokeInnerFilterAsync>g__Awaited|13_0(ControllerActionInvoker invoker, Task lastTask, State next, Scope scope, Object state, Boolean isCompleted)
   at Microsoft.AspNetCore.Mvc.Infrastructure.ResourceInvoker.<InvokeFilterPipelineAsync>g__Awaited|20_0(ResourceInvoker invoker, Task lastTask, State next, Scope scope, Object state, Boolean isCompleted)
   at Microsoft.AspNetCore.Mvc.Infrastructure.ResourceInvoker.<InvokeAsync>g__Logged|17_1(ResourceInvoker invoker)
   at Microsoft.AspNetCore.Mvc.Infrastructure.ResourceInvoker.<InvokeAsync>g__Logged|17_1(ResourceInvoker invoker)
   at Microsoft.AspNetCore.Routing.EndpointMiddleware.<Invoke>g__AwaitRequestTask|7_0(Endpoint endpoint, Task requestTask, ILogger logger)
   at Swashbuckle.AspNetCore.SwaggerUI.SwaggerUIMiddleware.Invoke(HttpContext httpContext)
   at Microsoft.AspNetCore.Authorization.AuthorizationMiddleware.Invoke(HttpContext context)
   at Microsoft.AspNetCore.Authentication.AuthenticationMiddleware.Invoke(HttpContext context)
   at Serilog.AspNetCore.RequestLoggingMiddleware.Invoke(HttpContext httpContext)
2026-03-06 17:43:06.884 +05:30 [INF] Request finished HTTP/1.1 GET http://localhost:5013/api/widget/config/long?workspace=sample&key=I3UPoNYawpezx-OhSr2hs0DppN8hwow7MpnppypPP-c&since=0 - 499 null null 202713.9542ms
2026-03-06 17:43:07.048 +05:30 [INF] Request finished HTTP/1.1 GET http://localhost:5013/api/widget/config/long?workspace=sample&key=I3UPoNYawpezx-OhSr2hs0DppN8hwow7MpnppypPP-c&since=0 - 499 null null 202884.7201ms
2026-03-06 17:43:07.314 +05:30 [INF] Request starting HTTP/1.1 GET http://localhost:5013/api/reminders?workspace=sample&key=I3UPoNYawpezx-OhSr2hs0DppN8hwow7MpnppypPP-c&userId=28 - null null
2026-03-06 17:43:07.321 +05:30 [INF] CORS policy execution successful.
2026-03-06 17:43:07.325 +05:30 [INF] Executing endpoint 'BubbleApp.Api.Controllers.RemindersController.Get (BubbleApp.Api)'
2026-03-06 17:43:07.329 +05:30 [INF] Route matched with {action = "Get", controller = "Reminders"}. Executing controller action with signature System.Threading.Tasks.Task`1[Microsoft.AspNetCore.Mvc.IActionResult] Get(System.String, System.String, System.Threading.CancellationToken) on controller BubbleApp.Api.Controllers.RemindersController (BubbleApp.Api).
2026-03-06 17:43:07.353 +05:30 [INF] Executing OkObjectResult, writing value of type 'System.Collections.Generic.List`1[[BubbleApp.Common.ViewModels.Reminder.ReminderDto, BubbleApp.Common, Version=1.0.0.0, Culture=neutral, PublicKeyToken=null]]'.
2026-03-06 17:43:07.357 +05:30 [INF] Executed action BubbleApp.Api.Controllers.RemindersController.Get (BubbleApp.Api) in 20.6082ms
2026-03-06 17:43:07.362 +05:30 [INF] Executed endpoint 'BubbleApp.Api.Controllers.RemindersController.Get (BubbleApp.Api)'
2026-03-06 17:43:07.368 +05:30 [INF] HTTP GET /api/reminders responded 200 in 47.1184 ms
2026-03-06 17:43:07.576 +05:30 [INF] Request finished HTTP/1.1 GET http://localhost:5013/api/reminders?workspace=sample&key=I3UPoNYawpezx-OhSr2hs0DppN8hwow7MpnppypPP-c&userId=28 - 200 null application/json; charset=utf-8 261.8074ms
2026-03-06 17:43:07.876 +05:30 [INF] Request starting HTTP/1.1 GET http://localhost:5013/api/reminders?workspace=sample&key=I3UPoNYawpezx-OhSr2hs0DppN8hwow7MpnppypPP-c&userId=4 - null null
2026-03-06 17:43:07.882 +05:30 [INF] Request starting HTTP/1.1 GET http://localhost:5013/api/reminders?workspace=sample&key=I3UPoNYawpezx-OhSr2hs0DppN8hwow7MpnppypPP-c&userId=4 - null null
2026-03-06 17:43:07.892 +05:30 [INF] CORS policy execution successful.
2026-03-06 17:43:07.899 +05:30 [INF] CORS policy execution successful.
2026-03-06 17:43:07.900 +05:30 [INF] Executing endpoint 'BubbleApp.Api.Controllers.RemindersController.Get (BubbleApp.Api)'
2026-03-06 17:43:07.908 +05:30 [INF] Executing endpoint 'BubbleApp.Api.Controllers.RemindersController.Get (BubbleApp.Api)'
2026-03-06 17:43:07.950 +05:30 [INF] Route matched with {action = "Get", controller = "Reminders"}. Executing controller action with signature System.Threading.Tasks.Task`1[Microsoft.AspNetCore.Mvc.IActionResult] Get(System.String, System.String, System.Threading.CancellationToken) on controller BubbleApp.Api.Controllers.RemindersController (BubbleApp.Api).
2026-03-06 17:43:07.952 +05:30 [INF] Route matched with {action = "Get", controller = "Reminders"}. Executing controller action with signature System.Threading.Tasks.Task`1[Microsoft.AspNetCore.Mvc.IActionResult] Get(System.String, System.String, System.Threading.CancellationToken) on controller BubbleApp.Api.Controllers.RemindersController (BubbleApp.Api).
2026-03-06 17:43:07.973 +05:30 [INF] Executing OkObjectResult, writing value of type 'System.Collections.Generic.List`1[[BubbleApp.Common.ViewModels.Reminder.ReminderDto, BubbleApp.Common, Version=1.0.0.0, Culture=neutral, PublicKeyToken=null]]'.
2026-03-06 17:43:08.080 +05:30 [INF] Executed action BubbleApp.Api.Controllers.RemindersController.Get (BubbleApp.Api) in 116.6823ms
2026-03-06 17:43:08.095 +05:30 [INF] Executed endpoint 'BubbleApp.Api.Controllers.RemindersController.Get (BubbleApp.Api)'
2026-03-06 17:43:08.083 +05:30 [INF] Executing OkObjectResult, writing value of type 'System.Collections.Generic.List`1[[BubbleApp.Common.ViewModels.Reminder.ReminderDto, BubbleApp.Common, Version=1.0.0.0, Culture=neutral, PublicKeyToken=null]]'.
2026-03-06 17:43:08.100 +05:30 [INF] HTTP GET /api/reminders responded 200 in 208.3599 ms
2026-03-06 17:43:08.118 +05:30 [INF] Request finished HTTP/1.1 GET http://localhost:5013/api/reminders?workspace=sample&key=I3UPoNYawpezx-OhSr2hs0DppN8hwow7MpnppypPP-c&userId=4 - 200 null application/json; charset=utf-8 241.8359ms
2026-03-06 17:43:08.108 +05:30 [INF] Executed action BubbleApp.Api.Controllers.RemindersController.Get (BubbleApp.Api) in 32.8516ms
2026-03-06 17:43:08.184 +05:30 [INF] Executed endpoint 'BubbleApp.Api.Controllers.RemindersController.Get (BubbleApp.Api)'
2026-03-06 17:43:08.190 +05:30 [INF] HTTP GET /api/reminders responded 200 in 291.3493 ms
2026-03-06 17:43:08.245 +05:30 [INF] Request finished HTTP/1.1 GET http://localhost:5013/api/reminders?workspace=sample&key=I3UPoNYawpezx-OhSr2hs0DppN8hwow7MpnppypPP-c&userId=4 - 200 null application/json; charset=utf-8 363.0311ms
2026-03-06 17:43:08.699 +05:30 [INF] Request starting HTTP/1.1 GET http://localhost:5013/api/reminders?workspace=sample&key=I3UPoNYawpezx-OhSr2hs0DppN8hwow7MpnppypPP-c&userId=4 - null null
2026-03-06 17:43:08.700 +05:30 [INF] Request starting HTTP/1.1 GET http://localhost:5013/api/widget/config?workspace=sample&key=I3UPoNYawpezx-OhSr2hs0DppN8hwow7MpnppypPP-c - null null
2026-03-06 17:43:08.715 +05:30 [INF] Request starting HTTP/1.1 GET http://localhost:5013/api/widget/config?workspace=sample&key=I3UPoNYawpezx-OhSr2hs0DppN8hwow7MpnppypPP-c - null null
2026-03-06 17:43:08.726 +05:30 [INF] Request starting HTTP/1.1 GET http://localhost:5013/api/reminders?workspace=sample&key=I3UPoNYawpezx-OhSr2hs0DppN8hwow7MpnppypPP-c&userId=4 - null null
2026-03-06 17:43:09.145 +05:30 [INF] CORS policy execution successful.
2026-03-06 17:43:09.151 +05:30 [INF] CORS policy execution successful.
2026-03-06 17:43:09.155 +05:30 [INF] CORS policy execution successful.
2026-03-06 17:43:09.165 +05:30 [INF] CORS policy execution successful.
2026-03-06 17:43:09.168 +05:30 [INF] Executing endpoint 'BubbleApp.Api.Controllers.RemindersController.Get (BubbleApp.Api)'
2026-03-06 17:43:09.170 +05:30 [INF] Executing endpoint 'BubbleApp.Api.Controllers.WidgetConfigController.Get (BubbleApp.Api)'
2026-03-06 17:43:09.172 +05:30 [INF] Executing endpoint 'BubbleApp.Api.Controllers.WidgetConfigController.Get (BubbleApp.Api)'
2026-03-06 17:43:09.173 +05:30 [INF] Executing endpoint 'BubbleApp.Api.Controllers.RemindersController.Get (BubbleApp.Api)'
2026-03-06 17:43:09.185 +05:30 [INF] Route matched with {action = "Get", controller = "Reminders"}. Executing controller action with signature System.Threading.Tasks.Task`1[Microsoft.AspNetCore.Mvc.IActionResult] Get(System.String, System.String, System.Threading.CancellationToken) on controller BubbleApp.Api.Controllers.RemindersController (BubbleApp.Api).
2026-03-06 17:43:09.195 +05:30 [INF] Route matched with {action = "Get", controller = "Reminders"}. Executing controller action with signature System.Threading.Tasks.Task`1[Microsoft.AspNetCore.Mvc.IActionResult] Get(System.String, System.String, System.Threading.CancellationToken) on controller BubbleApp.Api.Controllers.RemindersController (BubbleApp.Api).
2026-03-06 17:43:09.204 +05:30 [INF] Route matched with {action = "Get", controller = "WidgetConfig"}. Executing controller action with signature System.Threading.Tasks.Task`1[Microsoft.AspNetCore.Mvc.IActionResult] Get(System.String, System.Threading.CancellationToken) on controller BubbleApp.Api.Controllers.WidgetConfigController (BubbleApp.Api).
2026-03-06 17:43:09.214 +05:30 [INF] Route matched with {action = "Get", controller = "WidgetConfig"}. Executing controller action with signature System.Threading.Tasks.Task`1[Microsoft.AspNetCore.Mvc.IActionResult] Get(System.String, System.Threading.CancellationToken) on controller BubbleApp.Api.Controllers.WidgetConfigController (BubbleApp.Api).
2026-03-06 17:43:09.245 +05:30 [INF] Executing OkObjectResult, writing value of type 'System.Collections.Generic.List`1[[BubbleApp.Common.ViewModels.Reminder.ReminderDto, BubbleApp.Common, Version=1.0.0.0, Culture=neutral, PublicKeyToken=null]]'.
2026-03-06 17:43:09.258 +05:30 [INF] Executing OkObjectResult, writing value of type '<>f__AnonymousType2`3[[System.String, System.Private.CoreLib, Version=9.0.0.0, Culture=neutral, PublicKeyToken=7cec85d7bea7798e],[System.String, System.Private.CoreLib, Version=9.0.0.0, Culture=neutral, PublicKeyToken=7cec85d7bea7798e],[System.Int64, System.Private.CoreLib, Version=9.0.0.0, Culture=neutral, PublicKeyToken=7cec85d7bea7798e]]'.
2026-03-06 17:43:09.258 +05:30 [INF] Executed action BubbleApp.Api.Controllers.RemindersController.Get (BubbleApp.Api) in 20.5277ms
2026-03-06 17:43:09.261 +05:30 [INF] Executing OkObjectResult, writing value of type 'System.Collections.Generic.List`1[[BubbleApp.Common.ViewModels.Reminder.ReminderDto, BubbleApp.Common, Version=1.0.0.0, Culture=neutral, PublicKeyToken=null]]'.
2026-03-06 17:43:09.275 +05:30 [INF] Executed action BubbleApp.Api.Controllers.WidgetConfigController.Get (BubbleApp.Api) in 29.226ms
2026-03-06 17:43:09.305 +05:30 [INF] Executed endpoint 'BubbleApp.Api.Controllers.WidgetConfigController.Get (BubbleApp.Api)'
2026-03-06 17:43:09.309 +05:30 [INF] HTTP GET /api/widget/config responded 200 in 153.1176 ms
2026-03-06 17:43:09.302 +05:30 [INF] Executed action BubbleApp.Api.Controllers.RemindersController.Get (BubbleApp.Api) in 60.4936ms
2026-03-06 17:43:09.322 +05:30 [INF] Executed endpoint 'BubbleApp.Api.Controllers.RemindersController.Get (BubbleApp.Api)'
2026-03-06 17:43:09.298 +05:30 [INF] Executed endpoint 'BubbleApp.Api.Controllers.RemindersController.Get (BubbleApp.Api)'
2026-03-06 17:43:09.315 +05:30 [INF] Request finished HTTP/1.1 GET http://localhost:5013/api/widget/config?workspace=sample&key=I3UPoNYawpezx-OhSr2hs0DppN8hwow7MpnppypPP-c - 200 null application/json; charset=utf-8 599.7555ms
2026-03-06 17:43:09.285 +05:30 [INF] Executing OkObjectResult, writing value of type '<>f__AnonymousType2`3[[System.String, System.Private.CoreLib, Version=9.0.0.0, Culture=neutral, PublicKeyToken=7cec85d7bea7798e],[System.String, System.Private.CoreLib, Version=9.0.0.0, Culture=neutral, PublicKeyToken=7cec85d7bea7798e],[System.Int64, System.Private.CoreLib, Version=9.0.0.0, Culture=neutral, PublicKeyToken=7cec85d7bea7798e]]'.
2026-03-06 17:43:09.344 +05:30 [INF] HTTP GET /api/reminders responded 200 in 179.8196 ms
2026-03-06 17:43:09.383 +05:30 [INF] Request finished HTTP/1.1 GET http://localhost:5013/api/reminders?workspace=sample&key=I3UPoNYawpezx-OhSr2hs0DppN8hwow7MpnppypPP-c&userId=4 - 200 null application/json; charset=utf-8 656.051ms
2026-03-06 17:43:09.364 +05:30 [INF] Executed action BubbleApp.Api.Controllers.WidgetConfigController.Get (BubbleApp.Api) in 108.6489ms
2026-03-06 17:43:09.474 +05:30 [INF] Executed endpoint 'BubbleApp.Api.Controllers.WidgetConfigController.Get (BubbleApp.Api)'
2026-03-06 17:43:09.348 +05:30 [INF] HTTP GET /api/reminders responded 200 in 203.6996 ms
2026-03-06 17:43:09.647 +05:30 [INF] HTTP GET /api/widget/config responded 200 in 496.4113 ms
2026-03-06 17:43:09.666 +05:30 [INF] Request finished HTTP/1.1 GET http://localhost:5013/api/reminders?workspace=sample&key=I3UPoNYawpezx-OhSr2hs0DppN8hwow7MpnppypPP-c&userId=4 - 200 null application/json; charset=utf-8 966.4916ms
2026-03-06 17:43:09.706 +05:30 [INF] Request finished HTTP/1.1 GET http://localhost:5013/api/widget/config?workspace=sample&key=I3UPoNYawpezx-OhSr2hs0DppN8hwow7MpnppypPP-c - 200 null application/json; charset=utf-8 1006.3052ms
2026-03-06 17:43:09.860 +05:30 [INF] Request starting HTTP/1.1 GET http://localhost:5013/api/widget/config/long?workspace=sample&key=I3UPoNYawpezx-OhSr2hs0DppN8hwow7MpnppypPP-c&since=0 - null null
2026-03-06 17:43:09.891 +05:30 [INF] CORS policy execution successful.
2026-03-06 17:43:09.899 +05:30 [INF] Executing endpoint 'BubbleApp.Api.Controllers.WidgetConfigController.Long (BubbleApp.Api)'
2026-03-06 17:43:09.920 +05:30 [INF] Route matched with {action = "Long", controller = "WidgetConfig"}. Executing controller action with signature System.Threading.Tasks.Task`1[Microsoft.AspNetCore.Mvc.IActionResult] Long(System.String, Int64, System.Threading.CancellationToken) on controller BubbleApp.Api.Controllers.WidgetConfigController (BubbleApp.Api).
2026-03-06 17:43:10.233 +05:30 [INF] Request starting HTTP/1.1 GET http://localhost:5013/api/widget/config/long?workspace=sample&key=I3UPoNYawpezx-OhSr2hs0DppN8hwow7MpnppypPP-c&since=0 - null null
2026-03-06 17:43:10.246 +05:30 [INF] CORS policy execution successful.
2026-03-06 17:43:10.253 +05:30 [INF] Executing endpoint 'BubbleApp.Api.Controllers.WidgetConfigController.Long (BubbleApp.Api)'
2026-03-06 17:43:10.255 +05:30 [INF] Route matched with {action = "Long", controller = "WidgetConfig"}. Executing controller action with signature System.Threading.Tasks.Task`1[Microsoft.AspNetCore.Mvc.IActionResult] Long(System.String, Int64, System.Threading.CancellationToken) on controller BubbleApp.Api.Controllers.WidgetConfigController (BubbleApp.Api).
2026-03-06 17:43:10.350 +05:30 [INF] Request starting HTTP/1.1 GET http://localhost:5013/api/widget/config/long?workspace=sample&key=I3UPoNYawpezx-OhSr2hs0DppN8hwow7MpnppypPP-c&since=0 - null null
2026-03-06 17:43:10.362 +05:30 [INF] CORS policy execution successful.
2026-03-06 17:43:10.364 +05:30 [INF] Executing endpoint 'BubbleApp.Api.Controllers.WidgetConfigController.Long (BubbleApp.Api)'
2026-03-06 17:43:10.367 +05:30 [INF] Route matched with {action = "Long", controller = "WidgetConfig"}. Executing controller action with signature System.Threading.Tasks.Task`1[Microsoft.AspNetCore.Mvc.IActionResult] Long(System.String, Int64, System.Threading.CancellationToken) on controller BubbleApp.Api.Controllers.WidgetConfigController (BubbleApp.Api).
2026-03-06 17:43:10.378 +05:30 [INF] Request starting HTTP/1.1 OPTIONS http://localhost:5013/api/workspaces - null null
2026-03-06 17:43:10.380 +05:30 [INF] Executed action BubbleApp.Api.Controllers.WidgetConfigController.Long (BubbleApp.Api) in 118.7776ms
2026-03-06 17:43:10.384 +05:30 [INF] CORS policy execution successful.
2026-03-06 17:43:10.388 +05:30 [INF] Executed endpoint 'BubbleApp.Api.Controllers.WidgetConfigController.Long (BubbleApp.Api)'
2026-03-06 17:43:10.394 +05:30 [INF] HTTP OPTIONS /api/workspaces responded 204 in 9.9576 ms
2026-03-06 17:43:10.396 +05:30 [ERR] HTTP GET /api/widget/config/long responded 500 in 149.9312 ms
System.OperationCanceledException: The operation was canceled.
   at System.Threading.CancellationToken.ThrowOperationCanceledException()
   at MongoDB.Driver.Core.Operations.RetryableReadContext.AcquireOrReplaceChannelAsync(OperationContext operationContext, IReadOnlyCollection`1 deprioritizedServers)
   at MongoDB.Driver.Core.Operations.RetryableReadContext.CreateAsync(OperationContext operationContext, IReadBinding binding, Boolean retryRequested)
   at MongoDB.Driver.Core.Operations.FindOperation`1.ExecuteAsync(OperationContext operationContext, IReadBinding binding)
   at MongoDB.Driver.OperationExecutor.ExecuteReadOperationAsync[TResult](OperationContext operationContext, IClientSessionHandle session, IReadOperation`1 operation, ReadPreference readPreference, Boolean allowChannelPinning)
   at MongoDB.Driver.MongoCollectionImpl`1.ExecuteReadOperationAsync[TResult](IClientSessionHandle session, IReadOperation`1 operation, ReadPreference explicitReadPreference, Nullable`1 timeout, CancellationToken cancellationToken)
   at MongoDB.Driver.MongoCollectionImpl`1.FindAsync[TProjection](FilterDefinition`1 filter, FindOptions`2 options, CancellationToken cancellationToken)
   at MongoDB.Driver.IAsyncCursorSourceExtensions.FirstOrDefaultAsync[TDocument](IAsyncCursorSource`1 source, CancellationToken cancellationToken)
   at BubbleApp.Api.Controllers.WidgetConfigController.Long(String workspace, Int64 since, CancellationToken ct) in D:\FB\MVC\src\BubbleApp.Api\Controllers\WidgetConfigController.cs:line 45
   at Microsoft.AspNetCore.Mvc.Infrastructure.ActionMethodExecutor.TaskOfIActionResultExecutor.Execute(ActionContext actionContext, IActionResultTypeMapper mapper, ObjectMethodExecutor executor, Object controller, Object[] arguments)
   at Microsoft.AspNetCore.Mvc.Infrastructure.ControllerActionInvoker.<InvokeActionMethodAsync>g__Awaited|12_0(ControllerActionInvoker invoker, ValueTask`1 actionResultValueTask)
   at Microsoft.AspNetCore.Mvc.Infrastructure.ControllerActionInvoker.<InvokeNextActionFilterAsync>g__Awaited|10_0(ControllerActionInvoker invoker, Task lastTask, State next, Scope scope, Object state, Boolean isCompleted)
   at Microsoft.AspNetCore.Mvc.Infrastructure.ControllerActionInvoker.Rethrow(ActionExecutedContextSealed context)
   at Microsoft.AspNetCore.Mvc.Infrastructure.ControllerActionInvoker.Next(State& next, Scope& scope, Object& state, Boolean& isCompleted)
   at Microsoft.AspNetCore.Mvc.Infrastructure.ControllerActionInvoker.<InvokeInnerFilterAsync>g__Awaited|13_0(ControllerActionInvoker invoker, Task lastTask, State next, Scope scope, Object state, Boolean isCompleted)
   at Microsoft.AspNetCore.Mvc.Infrastructure.ResourceInvoker.<InvokeFilterPipelineAsync>g__Awaited|20_0(ResourceInvoker invoker, Task lastTask, State next, Scope scope, Object state, Boolean isCompleted)
   at Microsoft.AspNetCore.Mvc.Infrastructure.ResourceInvoker.<InvokeAsync>g__Logged|17_1(ResourceInvoker invoker)
   at Microsoft.AspNetCore.Mvc.Infrastructure.ResourceInvoker.<InvokeAsync>g__Logged|17_1(ResourceInvoker invoker)
   at Microsoft.AspNetCore.Routing.EndpointMiddleware.<Invoke>g__AwaitRequestTask|7_0(Endpoint endpoint, Task requestTask, ILogger logger)
   at Swashbuckle.AspNetCore.SwaggerUI.SwaggerUIMiddleware.Invoke(HttpContext httpContext)
   at Microsoft.AspNetCore.Authorization.AuthorizationMiddleware.Invoke(HttpContext context)
   at Microsoft.AspNetCore.Authentication.AuthenticationMiddleware.Invoke(HttpContext context)
   at Serilog.AspNetCore.RequestLoggingMiddleware.Invoke(HttpContext httpContext)
2026-03-06 17:43:10.398 +05:30 [INF] Request starting HTTP/1.1 OPTIONS http://localhost:5013/api/workspaces - null null
2026-03-06 17:43:10.400 +05:30 [INF] Request finished HTTP/1.1 OPTIONS http://localhost:5013/api/workspaces - 204 null null 22.5636ms
2026-03-06 17:43:10.422 +05:30 [INF] Request finished HTTP/1.1 GET http://localhost:5013/api/widget/config/long?workspace=sample&key=I3UPoNYawpezx-OhSr2hs0DppN8hwow7MpnppypPP-c&since=0 - 499 null null 189.0155ms
2026-03-06 17:43:10.429 +05:30 [INF] CORS policy execution successful.
2026-03-06 17:43:10.442 +05:30 [INF] Request starting HTTP/1.1 GET http://localhost:5013/api/workspaces - application/json null
2026-03-06 17:43:10.685 +05:30 [INF] HTTP OPTIONS /api/workspaces responded 204 in 256.0585 ms
2026-03-06 17:43:10.730 +05:30 [INF] CORS policy execution successful.
2026-03-06 17:43:10.736 +05:30 [INF] Request finished HTTP/1.1 OPTIONS http://localhost:5013/api/workspaces - 204 null null 337.8951ms
2026-03-06 23:43:06.482 +05:30 [INF] Executed action BubbleApp.Api.Controllers.WidgetConfigController.Long (BubbleApp.Api) in 21596549.2971ms
2026-03-06 23:43:06.692 +05:30 [INF] Executed action BubbleApp.Api.Controllers.WidgetConfigController.Long (BubbleApp.Api) in 21596319.5045ms
2026-03-06 23:43:06.763 +05:30 [INF] Request starting HTTP/1.1 GET http://localhost:5013/api/widget/config/long?workspace=sample&key=I3UPoNYawpezx-OhSr2hs0DppN8hwow7MpnppypPP-c&since=0 - null null
2026-03-06 23:43:07.008 +05:30 [INF] Executed endpoint 'BubbleApp.Api.Controllers.WidgetConfigController.Long (BubbleApp.Api)'
2026-03-06 23:43:07.011 +05:30 [INF] Executed endpoint 'BubbleApp.Api.Controllers.WidgetConfigController.Long (BubbleApp.Api)'
2026-03-06 23:43:07.019 +05:30 [INF] Executing endpoint 'BubbleApp.Api.Controllers.WidgetConfigController.Long (BubbleApp.Api)'
2026-03-06 23:43:07.317 +05:30 [INF] Executing endpoint 'BubbleApp.Api.Controllers.WorkspacesController.List (BubbleApp.Api)'
2026-03-06 23:43:07.345 +05:30 [ERR] HTTP GET /api/widget/config/long responded 500 in 21597454.3886 ms
System.OperationCanceledException: The operation was canceled.
   at System.Threading.CancellationToken.ThrowOperationCanceledException()
   at MongoDB.Driver.Core.Operations.RetryableReadContext.AcquireOrReplaceChannelAsync(OperationContext operationContext, IReadOnlyCollection`1 deprioritizedServers)
   at MongoDB.Driver.Core.Operations.RetryableReadContext.CreateAsync(OperationContext operationContext, IReadBinding binding, Boolean retryRequested)
   at MongoDB.Driver.Core.Operations.FindOperation`1.ExecuteAsync(OperationContext operationContext, IReadBinding binding)
   at MongoDB.Driver.OperationExecutor.ExecuteReadOperationAsync[TResult](OperationContext operationContext, IClientSessionHandle session, IReadOperation`1 operation, ReadPreference readPreference, Boolean allowChannelPinning)
   at MongoDB.Driver.MongoCollectionImpl`1.ExecuteReadOperationAsync[TResult](IClientSessionHandle session, IReadOperation`1 operation, ReadPreference explicitReadPreference, Nullable`1 timeout, CancellationToken cancellationToken)
   at MongoDB.Driver.MongoCollectionImpl`1.FindAsync[TProjection](FilterDefinition`1 filter, FindOptions`2 options, CancellationToken cancellationToken)
   at MongoDB.Driver.IAsyncCursorSourceExtensions.FirstOrDefaultAsync[TDocument](IAsyncCursorSource`1 source, CancellationToken cancellationToken)
   at BubbleApp.Api.Controllers.WidgetConfigController.Long(String workspace, Int64 since, CancellationToken ct) in D:\FB\MVC\src\BubbleApp.Api\Controllers\WidgetConfigController.cs:line 45
   at Microsoft.AspNetCore.Mvc.Infrastructure.ActionMethodExecutor.TaskOfIActionResultExecutor.Execute(ActionContext actionContext, IActionResultTypeMapper mapper, ObjectMethodExecutor executor, Object controller, Object[] arguments)
   at Microsoft.AspNetCore.Mvc.Infrastructure.ControllerActionInvoker.<InvokeActionMethodAsync>g__Awaited|12_0(ControllerActionInvoker invoker, ValueTask`1 actionResultValueTask)
   at Microsoft.AspNetCore.Mvc.Infrastructure.ControllerActionInvoker.<InvokeNextActionFilterAsync>g__Awaited|10_0(ControllerActionInvoker invoker, Task lastTask, State next, Scope scope, Object state, Boolean isCompleted)
   at Microsoft.AspNetCore.Mvc.Infrastructure.ControllerActionInvoker.Rethrow(ActionExecutedContextSealed context)
   at Microsoft.AspNetCore.Mvc.Infrastructure.ControllerActionInvoker.Next(State& next, Scope& scope, Object& state, Boolean& isCompleted)
   at Microsoft.AspNetCore.Mvc.Infrastructure.ControllerActionInvoker.<InvokeInnerFilterAsync>g__Awaited|13_0(ControllerActionInvoker invoker, Task lastTask, State next, Scope scope, Object state, Boolean isCompleted)
   at Microsoft.AspNetCore.Mvc.Infrastructure.ResourceInvoker.<InvokeFilterPipelineAsync>g__Awaited|20_0(ResourceInvoker invoker, Task lastTask, State next, Scope scope, Object state, Boolean isCompleted)
   at Microsoft.AspNetCore.Mvc.Infrastructure.ResourceInvoker.<InvokeAsync>g__Logged|17_1(ResourceInvoker invoker)
   at Microsoft.AspNetCore.Mvc.Infrastructure.ResourceInvoker.<InvokeAsync>g__Logged|17_1(ResourceInvoker invoker)
   at Microsoft.AspNetCore.Routing.EndpointMiddleware.<Invoke>g__AwaitRequestTask|7_0(Endpoint endpoint, Task requestTask, ILogger logger)
   at Swashbuckle.AspNetCore.SwaggerUI.SwaggerUIMiddleware.Invoke(HttpContext httpContext)
   at Microsoft.AspNetCore.Authorization.AuthorizationMiddleware.Invoke(HttpContext context)
   at Microsoft.AspNetCore.Authentication.AuthenticationMiddleware.Invoke(HttpContext context)
   at Serilog.AspNetCore.RequestLoggingMiddleware.Invoke(HttpContext httpContext)
2026-03-06 23:43:07.347 +05:30 [ERR] HTTP GET /api/widget/config/long responded 500 in 21596985.5948 ms
System.OperationCanceledException: The operation was canceled.
   at System.Threading.CancellationToken.ThrowOperationCanceledException()
   at MongoDB.Driver.Core.Operations.RetryableReadContext.AcquireOrReplaceChannelAsync(OperationContext operationContext, IReadOnlyCollection`1 deprioritizedServers)
   at MongoDB.Driver.Core.Operations.RetryableReadContext.CreateAsync(OperationContext operationContext, IReadBinding binding, Boolean retryRequested)
   at MongoDB.Driver.Core.Operations.FindOperation`1.ExecuteAsync(OperationContext operationContext, IReadBinding binding)
   at MongoDB.Driver.OperationExecutor.ExecuteReadOperationAsync[TResult](OperationContext operationContext, IClientSessionHandle session, IReadOperation`1 operation, ReadPreference readPreference, Boolean allowChannelPinning)
   at MongoDB.Driver.MongoCollectionImpl`1.ExecuteReadOperationAsync[TResult](IClientSessionHandle session, IReadOperation`1 operation, ReadPreference explicitReadPreference, Nullable`1 timeout, CancellationToken cancellationToken)
   at MongoDB.Driver.MongoCollectionImpl`1.FindAsync[TProjection](FilterDefinition`1 filter, FindOptions`2 options, CancellationToken cancellationToken)
   at MongoDB.Driver.IAsyncCursorSourceExtensions.FirstOrDefaultAsync[TDocument](IAsyncCursorSource`1 source, CancellationToken cancellationToken)
   at BubbleApp.Api.Controllers.WidgetConfigController.Long(String workspace, Int64 since, CancellationToken ct) in D:\FB\MVC\src\BubbleApp.Api\Controllers\WidgetConfigController.cs:line 45
   at Microsoft.AspNetCore.Mvc.Infrastructure.ActionMethodExecutor.TaskOfIActionResultExecutor.Execute(ActionContext actionContext, IActionResultTypeMapper mapper, ObjectMethodExecutor executor, Object controller, Object[] arguments)
   at Microsoft.AspNetCore.Mvc.Infrastructure.ControllerActionInvoker.<InvokeActionMethodAsync>g__Awaited|12_0(ControllerActionInvoker invoker, ValueTask`1 actionResultValueTask)
   at Microsoft.AspNetCore.Mvc.Infrastructure.ControllerActionInvoker.<InvokeNextActionFilterAsync>g__Awaited|10_0(ControllerActionInvoker invoker, Task lastTask, State next, Scope scope, Object state, Boolean isCompleted)
   at Microsoft.AspNetCore.Mvc.Infrastructure.ControllerActionInvoker.Rethrow(ActionExecutedContextSealed context)
   at Microsoft.AspNetCore.Mvc.Infrastructure.ControllerActionInvoker.Next(State& next, Scope& scope, Object& state, Boolean& isCompleted)
   at Microsoft.AspNetCore.Mvc.Infrastructure.ControllerActionInvoker.<InvokeInnerFilterAsync>g__Awaited|13_0(ControllerActionInvoker invoker, Task lastTask, State next, Scope scope, Object state, Boolean isCompleted)
   at Microsoft.AspNetCore.Mvc.Infrastructure.ResourceInvoker.<InvokeFilterPipelineAsync>g__Awaited|20_0(ResourceInvoker invoker, Task lastTask, State next, Scope scope, Object state, Boolean isCompleted)
   at Microsoft.AspNetCore.Mvc.Infrastructure.ResourceInvoker.<InvokeAsync>g__Logged|17_1(ResourceInvoker invoker)
   at Microsoft.AspNetCore.Mvc.Infrastructure.ResourceInvoker.<InvokeAsync>g__Logged|17_1(ResourceInvoker invoker)
   at Microsoft.AspNetCore.Routing.EndpointMiddleware.<Invoke>g__AwaitRequestTask|7_0(Endpoint endpoint, Task requestTask, ILogger logger)
   at Swashbuckle.AspNetCore.SwaggerUI.SwaggerUIMiddleware.Invoke(HttpContext httpContext)
   at Microsoft.AspNetCore.Authorization.AuthorizationMiddleware.Invoke(HttpContext context)
   at Microsoft.AspNetCore.Authentication.AuthenticationMiddleware.Invoke(HttpContext context)
   at Serilog.AspNetCore.RequestLoggingMiddleware.Invoke(HttpContext httpContext)
2026-03-06 23:43:07.350 +05:30 [INF] Route matched with {action = "Long", controller = "WidgetConfig"}. Executing controller action with signature System.Threading.Tasks.Task`1[Microsoft.AspNetCore.Mvc.IActionResult] Long(System.String, Int64, System.Threading.CancellationToken) on controller BubbleApp.Api.Controllers.WidgetConfigController (BubbleApp.Api).
2026-03-06 23:43:07.377 +05:30 [INF] Route matched with {action = "List", controller = "Workspaces"}. Executing controller action with signature System.Threading.Tasks.Task`1[Microsoft.AspNetCore.Mvc.IActionResult] List(System.Threading.CancellationToken) on controller BubbleApp.Api.Controllers.WorkspacesController (BubbleApp.Api).
2026-03-06 23:43:07.413 +05:30 [INF] Request starting HTTP/1.1 GET http://localhost:5013/api/workspaces - application/json null
2026-03-06 23:43:08.631 +05:30 [INF] Request finished HTTP/1.1 GET http://localhost:5013/api/widget/config/long?workspace=sample&key=I3UPoNYawpezx-OhSr2hs0DppN8hwow7MpnppypPP-c&since=0 - 499 null null 21598770.9824ms
2026-03-06 23:43:08.696 +05:30 [INF] Request finished HTTP/1.1 GET http://localhost:5013/api/widget/config/long?workspace=sample&key=I3UPoNYawpezx-OhSr2hs0DppN8hwow7MpnppypPP-c&since=0 - 499 null null 21598345.0201ms
2026-03-06 23:43:08.778 +05:30 [INF] CORS policy execution successful.
2026-03-06 23:43:08.840 +05:30 [INF] Executed action BubbleApp.Api.Controllers.WorkspacesController.List (BubbleApp.Api) in 142.9658ms
2026-03-06 23:43:08.835 +05:30 [INF] Executed action BubbleApp.Api.Controllers.WidgetConfigController.Long (BubbleApp.Api) in 139.7351ms
2026-03-06 23:43:08.852 +05:30 [INF] Executing endpoint 'BubbleApp.Api.Controllers.WorkspacesController.List (BubbleApp.Api)'
2026-03-06 23:43:08.875 +05:30 [INF] Route matched with {action = "List", controller = "Workspaces"}. Executing controller action with signature System.Threading.Tasks.Task`1[Microsoft.AspNetCore.Mvc.IActionResult] List(System.Threading.CancellationToken) on controller BubbleApp.Api.Controllers.WorkspacesController (BubbleApp.Api).
2026-03-06 23:43:08.873 +05:30 [INF] Executed endpoint 'BubbleApp.Api.Controllers.WidgetConfigController.Long (BubbleApp.Api)'
2026-03-06 23:43:08.857 +05:30 [INF] Executed endpoint 'BubbleApp.Api.Controllers.WorkspacesController.List (BubbleApp.Api)'
2026-03-06 23:43:08.959 +05:30 [ERR] HTTP GET /api/widget/config/long responded 500 in 1940.1592 ms
System.OperationCanceledException: The operation was canceled.
   at System.Threading.CancellationToken.ThrowOperationCanceledException()
   at MongoDB.Driver.Core.Operations.RetryableReadContext.AcquireOrReplaceChannelAsync(OperationContext operationContext, IReadOnlyCollection`1 deprioritizedServers)
   at MongoDB.Driver.Core.Operations.RetryableReadContext.CreateAsync(OperationContext operationContext, IReadBinding binding, Boolean retryRequested)
   at MongoDB.Driver.Core.Operations.FindOperation`1.ExecuteAsync(OperationContext operationContext, IReadBinding binding)
   at MongoDB.Driver.OperationExecutor.ExecuteReadOperationAsync[TResult](OperationContext operationContext, IClientSessionHandle session, IReadOperation`1 operation, ReadPreference readPreference, Boolean allowChannelPinning)
   at MongoDB.Driver.MongoCollectionImpl`1.ExecuteReadOperationAsync[TResult](IClientSessionHandle session, IReadOperation`1 operation, ReadPreference explicitReadPreference, Nullable`1 timeout, CancellationToken cancellationToken)
   at MongoDB.Driver.MongoCollectionImpl`1.FindAsync[TProjection](FilterDefinition`1 filter, FindOptions`2 options, CancellationToken cancellationToken)
   at MongoDB.Driver.IAsyncCursorSourceExtensions.FirstOrDefaultAsync[TDocument](IAsyncCursorSource`1 source, CancellationToken cancellationToken)
   at BubbleApp.Api.Controllers.WidgetConfigController.Long(String workspace, Int64 since, CancellationToken ct) in D:\FB\MVC\src\BubbleApp.Api\Controllers\WidgetConfigController.cs:line 45
   at Microsoft.AspNetCore.Mvc.Infrastructure.ActionMethodExecutor.TaskOfIActionResultExecutor.Execute(ActionContext actionContext, IActionResultTypeMapper mapper, ObjectMethodExecutor executor, Object controller, Object[] arguments)
   at Microsoft.AspNetCore.Mvc.Infrastructure.ControllerActionInvoker.<InvokeActionMethodAsync>g__Awaited|12_0(ControllerActionInvoker invoker, ValueTask`1 actionResultValueTask)
   at Microsoft.AspNetCore.Mvc.Infrastructure.ControllerActionInvoker.<InvokeNextActionFilterAsync>g__Awaited|10_0(ControllerActionInvoker invoker, Task lastTask, State next, Scope scope, Object state, Boolean isCompleted)
   at Microsoft.AspNetCore.Mvc.Infrastructure.ControllerActionInvoker.Rethrow(ActionExecutedContextSealed context)
   at Microsoft.AspNetCore.Mvc.Infrastructure.ControllerActionInvoker.Next(State& next, Scope& scope, Object& state, Boolean& isCompleted)
   at Microsoft.AspNetCore.Mvc.Infrastructure.ControllerActionInvoker.<InvokeInnerFilterAsync>g__Awaited|13_0(ControllerActionInvoker invoker, Task lastTask, State next, Scope scope, Object state, Boolean isCompleted)
   at Microsoft.AspNetCore.Mvc.Infrastructure.ResourceInvoker.<InvokeFilterPipelineAsync>g__Awaited|20_0(ResourceInvoker invoker, Task lastTask, State next, Scope scope, Object state, Boolean isCompleted)
   at Microsoft.AspNetCore.Mvc.Infrastructure.ResourceInvoker.<InvokeAsync>g__Logged|17_1(ResourceInvoker invoker)
   at Microsoft.AspNetCore.Mvc.Infrastructure.ResourceInvoker.<InvokeAsync>g__Logged|17_1(ResourceInvoker invoker)
   at Microsoft.AspNetCore.Routing.EndpointMiddleware.<Invoke>g__AwaitRequestTask|7_0(Endpoint endpoint, Task requestTask, ILogger logger)
   at Swashbuckle.AspNetCore.SwaggerUI.SwaggerUIMiddleware.Invoke(HttpContext httpContext)
   at Microsoft.AspNetCore.Authorization.AuthorizationMiddleware.Invoke(HttpContext context)
   at Microsoft.AspNetCore.Authentication.AuthenticationMiddleware.Invoke(HttpContext context)
   at Serilog.AspNetCore.RequestLoggingMiddleware.Invoke(HttpContext httpContext)
2026-03-06 23:43:08.961 +05:30 [ERR] HTTP GET /api/workspaces responded 500 in 21598232.0103 ms
System.OperationCanceledException: The operation was canceled.
   at System.Threading.CancellationToken.ThrowOperationCanceledException()
   at MongoDB.Driver.Core.Operations.RetryableReadContext.AcquireOrReplaceChannelAsync(OperationContext operationContext, IReadOnlyCollection`1 deprioritizedServers)
   at MongoDB.Driver.Core.Operations.RetryableReadContext.CreateAsync(OperationContext operationContext, IReadBinding binding, Boolean retryRequested)
   at MongoDB.Driver.Core.Operations.FindOperation`1.ExecuteAsync(OperationContext operationContext, IReadBinding binding)
   at MongoDB.Driver.OperationExecutor.ExecuteReadOperationAsync[TResult](OperationContext operationContext, IClientSessionHandle session, IReadOperation`1 operation, ReadPreference readPreference, Boolean allowChannelPinning)
   at MongoDB.Driver.MongoCollectionImpl`1.ExecuteReadOperationAsync[TResult](IClientSessionHandle session, IReadOperation`1 operation, ReadPreference explicitReadPreference, Nullable`1 timeout, CancellationToken cancellationToken)
   at MongoDB.Driver.MongoCollectionImpl`1.FindAsync[TProjection](FilterDefinition`1 filter, FindOptions`2 options, CancellationToken cancellationToken)
   at MongoDB.Driver.IAsyncCursorSourceExtensions.ToListAsync[TDocument](IAsyncCursorSource`1 source, CancellationToken cancellationToken)
   at BubbleApp.Data.Repository.WorkspaceRepository.ListByAdminAsync(String adminId, CancellationToken ct) in D:\FB\MVC\src\BubbleApp.Data\Repository\WorkspaceRepository.cs:line 26
   at BubbleApp.Core.Service.WorkspaceService.ListAsync(String adminId, CancellationToken ct) in D:\FB\MVC\src\BubbleApp.Core\Service\WorkspaceService.cs:line 61
   at BubbleApp.Api.Controllers.WorkspacesController.List(CancellationToken ct) in D:\FB\MVC\src\BubbleApp.Api\Controllers\WorkspacesController.cs:line 46
   at Microsoft.AspNetCore.Mvc.Infrastructure.ActionMethodExecutor.TaskOfIActionResultExecutor.Execute(ActionContext actionContext, IActionResultTypeMapper mapper, ObjectMethodExecutor executor, Object controller, Object[] arguments)
   at Microsoft.AspNetCore.Mvc.Infrastructure.ControllerActionInvoker.<InvokeActionMethodAsync>g__Awaited|12_0(ControllerActionInvoker invoker, ValueTask`1 actionResultValueTask)
   at Microsoft.AspNetCore.Mvc.Infrastructure.ControllerActionInvoker.<InvokeNextActionFilterAsync>g__Awaited|10_0(ControllerActionInvoker invoker, Task lastTask, State next, Scope scope, Object state, Boolean isCompleted)
   at Microsoft.AspNetCore.Mvc.Infrastructure.ControllerActionInvoker.Rethrow(ActionExecutedContextSealed context)
   at Microsoft.AspNetCore.Mvc.Infrastructure.ControllerActionInvoker.Next(State& next, Scope& scope, Object& state, Boolean& isCompleted)
   at Microsoft.AspNetCore.Mvc.Infrastructure.ControllerActionInvoker.InvokeInnerFilterAsync()
--- End of stack trace from previous location ---
   at Microsoft.AspNetCore.Mvc.Infrastructure.ResourceInvoker.<InvokeFilterPipelineAsync>g__Awaited|20_0(ResourceInvoker invoker, Task lastTask, State next, Scope scope, Object state, Boolean isCompleted)
   at Microsoft.AspNetCore.Mvc.Infrastructure.ResourceInvoker.<InvokeAsync>g__Logged|17_1(ResourceInvoker invoker)
   at Microsoft.AspNetCore.Mvc.Infrastructure.ResourceInvoker.<InvokeAsync>g__Logged|17_1(ResourceInvoker invoker)
   at Microsoft.AspNetCore.Routing.EndpointMiddleware.<Invoke>g__AwaitRequestTask|7_0(Endpoint endpoint, Task requestTask, ILogger logger)
   at Swashbuckle.AspNetCore.SwaggerUI.SwaggerUIMiddleware.Invoke(HttpContext httpContext)
   at Microsoft.AspNetCore.Authorization.AuthorizationMiddleware.Invoke(HttpContext context)
   at Microsoft.AspNetCore.Authentication.AuthenticationMiddleware.Invoke(HttpContext context)
   at Serilog.AspNetCore.RequestLoggingMiddleware.Invoke(HttpContext httpContext)
2026-03-06 23:43:08.964 +05:30 [INF] Executed action BubbleApp.Api.Controllers.WorkspacesController.List (BubbleApp.Api) in 6.9968ms
2026-03-06 23:43:09.332 +05:30 [INF] Request finished HTTP/1.1 GET http://localhost:5013/api/widget/config/long?workspace=sample&key=I3UPoNYawpezx-OhSr2hs0DppN8hwow7MpnppypPP-c&since=0 - 499 null null 2569.2148ms
2026-03-06 23:43:09.417 +05:30 [INF] Executed endpoint 'BubbleApp.Api.Controllers.WorkspacesController.List (BubbleApp.Api)'
2026-03-06 23:43:09.417 +05:30 [INF] Request finished HTTP/1.1 GET http://localhost:5013/api/workspaces - 499 null null 21598975.0443ms
2026-03-06 23:43:09.423 +05:30 [ERR] HTTP GET /api/workspaces responded 500 in 645.1123 ms
System.OperationCanceledException: The operation was canceled.
   at System.Threading.CancellationToken.ThrowOperationCanceledException()
   at MongoDB.Driver.Core.Operations.RetryableReadContext.AcquireOrReplaceChannelAsync(OperationContext operationContext, IReadOnlyCollection`1 deprioritizedServers)
   at MongoDB.Driver.Core.Operations.RetryableReadContext.CreateAsync(OperationContext operationContext, IReadBinding binding, Boolean retryRequested)
   at MongoDB.Driver.Core.Operations.FindOperation`1.ExecuteAsync(OperationContext operationContext, IReadBinding binding)
   at MongoDB.Driver.OperationExecutor.ExecuteReadOperationAsync[TResult](OperationContext operationContext, IClientSessionHandle session, IReadOperation`1 operation, ReadPreference readPreference, Boolean allowChannelPinning)
   at MongoDB.Driver.MongoCollectionImpl`1.ExecuteReadOperationAsync[TResult](IClientSessionHandle session, IReadOperation`1 operation, ReadPreference explicitReadPreference, Nullable`1 timeout, CancellationToken cancellationToken)
   at MongoDB.Driver.MongoCollectionImpl`1.FindAsync[TProjection](FilterDefinition`1 filter, FindOptions`2 options, CancellationToken cancellationToken)
   at MongoDB.Driver.IAsyncCursorSourceExtensions.ToListAsync[TDocument](IAsyncCursorSource`1 source, CancellationToken cancellationToken)
   at BubbleApp.Data.Repository.WorkspaceRepository.ListByAdminAsync(String adminId, CancellationToken ct) in D:\FB\MVC\src\BubbleApp.Data\Repository\WorkspaceRepository.cs:line 26
   at BubbleApp.Core.Service.WorkspaceService.ListAsync(String adminId, CancellationToken ct) in D:\FB\MVC\src\BubbleApp.Core\Service\WorkspaceService.cs:line 61
   at BubbleApp.Api.Controllers.WorkspacesController.List(CancellationToken ct) in D:\FB\MVC\src\BubbleApp.Api\Controllers\WorkspacesController.cs:line 46
   at Microsoft.AspNetCore.Mvc.Infrastructure.ActionMethodExecutor.TaskOfIActionResultExecutor.Execute(ActionContext actionContext, IActionResultTypeMapper mapper, ObjectMethodExecutor executor, Object controller, Object[] arguments)
   at Microsoft.AspNetCore.Mvc.Infrastructure.ControllerActionInvoker.<InvokeActionMethodAsync>g__Awaited|12_0(ControllerActionInvoker invoker, ValueTask`1 actionResultValueTask)
   at Microsoft.AspNetCore.Mvc.Infrastructure.ControllerActionInvoker.<InvokeNextActionFilterAsync>g__Awaited|10_0(ControllerActionInvoker invoker, Task lastTask, State next, Scope scope, Object state, Boolean isCompleted)
   at Microsoft.AspNetCore.Mvc.Infrastructure.ControllerActionInvoker.Rethrow(ActionExecutedContextSealed context)
   at Microsoft.AspNetCore.Mvc.Infrastructure.ControllerActionInvoker.Next(State& next, Scope& scope, Object& state, Boolean& isCompleted)
   at Microsoft.AspNetCore.Mvc.Infrastructure.ControllerActionInvoker.InvokeInnerFilterAsync()
--- End of stack trace from previous location ---
   at Microsoft.AspNetCore.Mvc.Infrastructure.ResourceInvoker.<InvokeFilterPipelineAsync>g__Awaited|20_0(ResourceInvoker invoker, Task lastTask, State next, Scope scope, Object state, Boolean isCompleted)
   at Microsoft.AspNetCore.Mvc.Infrastructure.ResourceInvoker.<InvokeAsync>g__Logged|17_1(ResourceInvoker invoker)
   at Microsoft.AspNetCore.Mvc.Infrastructure.ResourceInvoker.<InvokeAsync>g__Logged|17_1(ResourceInvoker invoker)
   at Microsoft.AspNetCore.Routing.EndpointMiddleware.<Invoke>g__AwaitRequestTask|7_0(Endpoint endpoint, Task requestTask, ILogger logger)
   at Swashbuckle.AspNetCore.SwaggerUI.SwaggerUIMiddleware.Invoke(HttpContext httpContext)
   at Microsoft.AspNetCore.Authorization.AuthorizationMiddleware.Invoke(HttpContext context)
   at Microsoft.AspNetCore.Authentication.AuthenticationMiddleware.Invoke(HttpContext context)
   at Serilog.AspNetCore.RequestLoggingMiddleware.Invoke(HttpContext httpContext)
2026-03-06 23:43:09.850 +05:30 [INF] Request finished HTTP/1.1 GET http://localhost:5013/api/workspaces - 499 null null 2437.1691ms
